"province_code","province_name_eng","province_name_dari","province_name_pashto","district_code","district_number","district_name_eng","district_or_subdivision_name_eng","district_name_dari","provincial_capital"
"01","Kabul","کابل","کابل","0101","01","PROVINCIAL CENTER (KABUL) ","NAHIA 1","کابل ناحیه (1)","YES"
"01","Kabul","کابل","کابل","0101","01","PROVINCIAL CENTER (KABUL) ","NAHIA 2","کابل ناحیه (2)","YES"
"01","Kabul","کابل","کابل","0101","01","PROVINCIAL CENTER (KABUL) ","NAHIA 3","کابل ناحیه (3)","YES"
"01","Kabul","کابل","کابل","0101","01","PROVINCIAL CENTER (KABUL) ","NAHIA 4","کابل ناحیه (4)","YES"
"01","Kabul","کابل","کابل","0101","01","PROVINCIAL CENTER (KABUL) ","NAHIA 5","کابل ناحیه (5)","YES"
"01","Kabul","کابل","کابل","0101","01","PROVINCIAL CENTER (KABUL) ","NAHIA 6","کابل ناحیه (6)","YES"
"01","Kabul","کابل","کابل","0101","01","PROVINCIAL CENTER (KABUL) ","NAHIA 7","کابل ناحیه (7)","YES"
"01","Kabul","کابل","کابل","0101","01","PROVINCIAL CENTER (KABUL) ","NAHIA 8","کابل ناحیه (8)","YES"
"01","Kabul","کابل","کابل","0101","01","PROVINCIAL CENTER (KABUL) ","NAHIA 9","کابل ناحیه (9)","YES"
"01","Kabul","کابل","کابل","0101","01","PROVINCIAL CENTER (KABUL) ","NAHIA 10","کابل ناحیه (10)","YES"
"01","Kabul","کابل","کابل","0101","01","PROVINCIAL CENTER (KABUL) ","NAHIA 11","کابل ناحیه (11)","YES"
"01","Kabul","کابل","کابل","0101","01","PROVINCIAL CENTER (KABUL) ","NAHIA 12","کابل ناحیه (12)","YES"
"01","Kabul","کابل","کابل","0101","01","PROVINCIAL CENTER (KABUL) ","NAHIA 13","کابل ناحیه (13)","YES"
"01","Kabul","کابل","کابل","0101","01","PROVINCIAL CENTER (KABUL) ","NAHIA 14","کابل ناحیه (14)","YES"
"01","Kabul","کابل","کابل","0101","01","PROVINCIAL CENTER (KABUL) ","NAHIA 15","کابل ناحیه (15)","YES"
"01","Kabul","کابل","کابل","0101","01","PROVINCIAL CENTER (KABUL) ","NAHIA 16","کابل ناحیه (16)","YES"
"01","Kabul","کابل","کابل","0101","01","PROVINCIAL CENTER (KABUL) ","NAHIA 17","کابل ناحیه (17)","YES"
"01","Kabul","کابل","کابل","0101","01","PROVINCIAL CENTER (KABUL) ","NAHIA 18","کابل ناحیه (18)","YES"
"01","Kabul","کابل","کابل","0101","01","PROVINCIAL CENTER (KABUL) ","PROVINCIAL CENTER (KABUL) ","کابل ","YES"
"01","Kabul","کابل","کابل","0102","02","DAHSABZ","DAHSABZ","ده سبز","NO"
"01","Kabul","کابل","کابل","0103","03","MIRBACHKOT","MIRBACHKOT","میر بچه کوت","NO"
"01","Kabul","کابل","کابل","0104","04","KALAKAN","KALAKAN","کلکان","NO"
"01","Kabul","کابل","کابل","0105","05","QARABAGH","QARABAGH","قره باغ","NO"
"01","Kabul","کابل","کابل","0106","06","FARZA","FARZA","فرزه","NO"
"01","Kabul","کابل","کابل","0107","07","ESTALEF","ESTALEF","استالف","NO"
"01","Kabul","کابل","کابل","0108","08","GULDARA","GULDARA","گلدره","NO"
"01","Kabul","کابل","کابل","0109","09","SHAKER DARAH","SHAKER DARAH","شکردره","NO"
"01","Kabul","کابل","کابل","0110","10","PAGHMAN","PAGHMAN","پغمان","NO"
"01","Kabul","کابل","کابل","0111","11","CHAR ASIAB","CHAR ASIAB","چهارآسیاب","NO"
"01","Kabul","کابل","کابل","0112","12","MUSAHI","MUSAHI","موسئی","NO"
"01","Kabul","کابل","کابل","0113","13","KHAK-I-JABAR","KHAK-I-JABAR","خاک جبار","NO"
"01","Kabul","کابل","کابل","0114","14","BAGRAMI","BAGRAMI","بگرامی","NO"
"01","Kabul","کابل","کابل","0115","15","SURUBI (KABUL)","SURUBI (KABUL)","سروبی","NO"
"02","Kapisa","کاپیسا","کاپيسا","0201","01","PROVINCIAL CENTER (MAHMOOD RAQI)","PROVINCIAL CENTER (MAHMOOD RAQI)","مرکز کاپیسا - محمود راقی","YES"
"02","Kapisa","کاپیسا","کاپيسا","0202","02","HESA DUWUM KOHISTAN","HESA DUWUM KOHISTAN","حصه دوم کوهستان","NO"
"02","Kapisa","کاپیسا","کاپيسا","0203","03","KOHISTAN HESA AWAL","KOHISTAN HESA AWAL","حصه اول کوهستان","NO"
"02","Kapisa","کاپیسا","کاپيسا","0204","04","NAJRAB","NAJRAB","نجراب","NO"
"02","Kapisa","کاپیسا","کاپيسا","0205","05","KOH BAND","KOH BAND","کوه بند","NO"
"02","Kapisa","کاپیسا","کاپيسا","0206","06","TAGAB","TAGAB","تگاب","NO"
"03","Parwan","پروان","پروان","0301","01","PROVINCIAL CENTER (CHARIKAR)","PROVINCIAL CENTER (CHARIKAR)","مرکزپروان- چاریکار","YES"
"03","Parwan","پروان","پروان","0302","02","SAYID KHAIL","SAYID KHAIL","سید خیل","NO"
"03","Parwan","پروان","پروان","0303","03","JABUL SARAJ","JABUL SARAJ","جبل السراج","NO"
"03","Parwan","پروان","پروان","0304","04","SALANK","SALANK","سالنگ","NO"
"03","Parwan","پروان","پروان","0305","05","SHENWARI","SHENWARI","شینواری","NO"
"03","Parwan","پروان","پروان","0306","06","SEYAGERD GHORBAND","SEYAGERD GHORBAND","سیاه گرد (غوربند)","NO"
"03","Parwan","پروان","پروان","0307","07","BAGRAM","BAGRAM","بگرام","NO"
"03","Parwan","پروان","پروان","0308","08","KOHE SAFI","KOHE SAFI","کوه صافی","NO"
"03","Parwan","پروان","پروان","0309","09","SHAIKH ALI","SHAIKH ALI","شیخ علی","NO"
"03","Parwan","پروان","پروان","0310","10","SORKH PARSA","SORKH PARSA","سرخ پارساء","NO"
"04","Wardak","وردک","وردک","0401","01","PROVINCIAL CENTER (MAIDAN-SHAHR)","PROVINCIAL CENTER (MAIDAN-SHAHR)","مرکز وردک - میدان شهر","YES"
"04","Wardak","وردک","وردک","0402","02","JALRAIZ","JALRAIZ","جلریز","NO"
"04","Wardak","وردک","وردک","0403","03","HESA-AWAL-BEHSUD","HESA-AWAL-BEHSUD","حصه اول بهسود","NO"
"04","Wardak","وردک","وردک","0404","04","MARKAZ-I-BEHSOD","MARKAZ-I-BEHSOD","مرکز بهسود","NO"
"04","Wardak","وردک","وردک","0405","05","DAIMIRDAD","DAIMIRDAD","دایمیرداد","NO"
"04","Wardak","وردک","وردک","0406","06","JAGHATO","JAGHATO","جغتو","NO"
"04","Wardak","وردک","وردک","0407","07","CHAK","CHAK","چک وردک","NO"
"04","Wardak","وردک","وردک","0408","08","SAYED ABAD","SAYED ABAD","سیدآباد","NO"
"04","Wardak","وردک","وردک","0409","09","NERKH","NERKH","نرخ","NO"
"05","Logar","لوگر","لوگر","0501","01","PROVINCIAL CENTER (PULLE-ALAM)","PROVINCIAL CENTER (PULLE-ALAM)","مرکزلوگر- پل علم","YES"
"05","Logar","لوگر","لوگر","0502","02","BARAKIBARAK","BARAKIBARAK","برکی برک","NO"
"05","Logar","لوگر","لوگر","0503","03","CHARKH","CHARKH","چرخ","NO"
"05","Logar","لوگر","لوگر","0504","04","KHUSHI","KHUSHI","خوشی","NO"
"05","Logar","لوگر","لوگر","0505","05","MOHAMMAD AGHA","MOHAMMAD AGHA","محمدآغه","NO"
"05","Logar","لوگر","لوگر","0506","06","KHARWAR","KHARWAR","خروار","NO"
"05","Logar","لوگر","لوگر","0507","07","AZRAW","AZRAW","ازره","NO"
"06","Ghazni","غزنی","غزنی","0601","01","PROVINCIAL CENTER (GHAZNI)","PROVINCIAL CENTER (GHAZNI)","مرکزغزنی - غزنی","YES"
"06","Ghazni","غزنی","غزنی","0602","02","DAH YAK","DAH YAK","ده یک","NO"
"06","Ghazni","غزنی","غزنی","0603","03","ZANA KHAN","ZANA KHAN","زنخان","NO"
"06","Ghazni","غزنی","غزنی","0604","04","KHOWJA OMERY","KHOWJA OMERY","خواجه عمری","NO"
"06","Ghazni","غزنی","غزنی","0606","06","SHAHIDM-WALI-KHOGYANI","SHAHIDM-WALI-KHOGYANI","ولی محمد شهید خوگیانی","NO"
"06","Ghazni","غزنی","غزنی","0607","07","JAGHATOO","JAGHATOO","جغتو","NO"
"06","Ghazni","غزنی","غزنی","0608","08","WAGHAZ","WAGHAZ","واغظ","NO"
"06","Ghazni","غزنی","غزنی","0610","10","GIRO","GIRO","گیرو","NO"
"06","Ghazni","غزنی","غزنی","0611","11","ANDER","ANDER","اندر","NO"
"06","Ghazni","غزنی","غزنی","0612","12","NAWUR","NAWUR","ناور","NO"
"06","Ghazni","غزنی","غزنی","0613","13","AJRESTAN","AJRESTAN","اجرستان","NO"
"06","Ghazni","غزنی","غزنی","0614","14","MALESTAN","MALESTAN","مالستان","NO"
"06","Ghazni","غزنی","غزنی","0615","15","JAGHORI","JAGHORI","جاغوری","NO"
"06","Ghazni","غزنی","غزنی","0616","16","MUQUR (GHAZNI)","MUQUR (GHAZNI)","مقر","NO"
"06","Ghazni","غزنی","غزنی","0617","17","AB BAND","AB BAND","آب بند","NO"
"06","Ghazni","غزنی","غزنی","0618","18","GELLAN","GELLAN","گیلان","NO"
"07","Paktika","پکتیکا","پکتيکا","0701","01","PROVINCIAL CENTER (SHARAN)","PROVINCIAL CENTER (SHARAN)","مرکز پکتیکا - شرن","YES"
"07","Paktika","پکتیکا","پکتيکا","0702","02","MATA KHAN","MATA KHAN","متاخان","NO"
"07","Paktika","پکتیکا","پکتيکا","0703","03","YOSEF KHEIL","YOSEF KHEIL","یوسف خیل","NO"
"07","Paktika","پکتیکا","پکتيکا","0704","04","YAHYA KHEIL","YAHYA KHEIL","یحیی خیل","NO"
"07","Paktika","پکتیکا","پکتيکا","0705","05","OMANAH","OMANAH","اومنه","NO"
"07","Paktika","پکتیکا","پکتيکا","0706","06","SAR RAWZA","SAR RAWZA","سرروضه","NO"
"07","Paktika","پکتیکا","پکتيکا","0707","07","ZARGHOON SHAHER","ZARGHOON SHAHER","زرغون شهر","NO"
"07","Paktika","پکتیکا","پکتيکا","0708","08","JANI KHEIL (PAKTIKA)","JANI KHEIL (PAKTIKA)","جانی خیل","NO"
"07","Paktika","پکتیکا","پکتيکا","0709","09","GOMAL","GOMAL","گومل","NO"
"07","Paktika","پکتیکا","پکتيکا","0710","10","SURUBI (PAKTIKA)","SURUBI (PAKTIKA)","سروبی","NO"
"07","Paktika","پکتیکا","پکتيکا","0711","11","URGOON","URGOON","ارگون","NO"
"07","Paktika","پکتیکا","پکتيکا","0712","12","ZIROK","ZIROK","زیروک","NO"
"07","Paktika","پکتیکا","پکتيکا","0714","14","DELA","DELA","دیله وخوشامند","NO"
"07","Paktika","پکتیکا","پکتيکا","0715","15","WAZAKHWA","WAZAKHWA","وازه خواه","NO"
"07","Paktika","پکتیکا","پکتيکا","0716","16","TURWU","TURWU","تروو","NO"
"07","Paktika","پکتیکا","پکتيکا","0717","17","WARMAMAI","WARMAMAI","ورممی","NO"
"07","Paktika","پکتیکا","پکتيکا","0718","18","BARMAL","BARMAL","برمل","NO"
"07","Paktika","پکتیکا","پکتيکا","0719","19","GAYAN","GAYAN","گیان","NO"
"08","Paktia","پکتیا","پکتيا","0801","01","PROVINCIAL CENTER (GARDEIZ)","PROVINCIAL CENTER (GARDEIZ)","مرکز پکتیا - گردیز","YES"
"08","Paktia","پکتیا","پکتيا","0802","02","SAID KARAM","SAID KARAM","سید کرم","NO"
"08","Paktia","پکتیا","پکتيا","0803","03","ZURMAT","ZURMAT","زرمت","NO"
"08","Paktia","پکتیا","پکتيا","0804","04","SHAWAK","SHAWAK","شواک","NO"
"08","Paktia","پکتیا","پکتيا","0805","05","WAZA ZADRAN","WAZA ZADRAN","وزه حًدران","NO"
"08","Paktia","پکتیا","پکتيا","0806","06","LAJA AHMAD KHEIL","LAJA AHMAD KHEIL","لجه احمد خیل","NO"
"08","Paktia","پکتیا","پکتيا","0807","07","JANI KHEIL (PAKTIA)","JANI KHEIL (PAKTIA)","جانی خیل","NO"
"08","Paktia","پکتیا","پکتيا","0808","08","DAND PATAN","DAND PATAN","دند پتان","NO"
"08","Paktia","پکتیا","پکتيا","0809","09","SAMKANAI","SAMKANAI","حمکنی","NO"
"08","Paktia","پکتیا","پکتيا","0810","10","JAJI","JAJI","جاجی","NO"
"08","Paktia","پکتیا","پکتيا","0811","11","AHMAD ABAD","AHMAD ABAD","احمدآباء","NO"
"09","Khost","خوست","خوست","0901","01","PROVINCIAL CENTER (KHOST)","PROVINCIAL CENTER (KHOST)","مرکزخوست - خوست","YES"
"09","Khost","خوست","خوست","0902","02","TERZAYI","TERZAYI","علیشیر","NO"
"09","Khost","خوست","خوست","0903","03","BAK","BAK","باک","NO"
"09","Khost","خوست","خوست","0904","04","JAJI MAIDAN","JAJI MAIDAN","جاجی میدان","NO"
"09","Khost","خوست","خوست","0905","05","SABARI","SABARI","صبری (یعقوبی)","NO"
"09","Khost","خوست","خوست","0906","06","MUSA KHEIL","MUSA KHEIL","موسی خیل","NO"
"09","Khost","خوست","خوست","0907","07","QALANDER","QALANDER","قلندر","NO"
"09","Khost","خوست","خوست","0908","08","NADERSHAH KOTT","NADERSHAH KOTT","نادرشاه کوت","NO"
"09","Khost","خوست","خوست","0909","09","MANDOZAYI","MANDOZAYI","مندوزی (اسمعیل خیل)","NO"
"09","Khost","خوست","خوست","0910","10","SHEMAL","SHEMAL","شمل","NO"
"09","Khost","خوست","خوست","0911","11","ESPERA","ESPERA","سپیره","NO"
"09","Khost","خوست","خوست","0912","12","TANAI","TANAI","تنی","NO"
"09","Khost","خوست","خوست","0913","13","GURBUZ","GURBUZ","گربز","NO"
"10","Nangerhar","ننگرهار","ننگرهار","1001","01","PROVINCIAL CENTER (JALALABAD )","PROVINCIAL CENTER (JALALABAD )","جلال اباد ( مرکز)","YES"
"10","Nangerhar","ننگرهار","ننگرهار","1002","02","BEHSOOD","BEHSOOD","بهسود","NO"
"10","Nangerhar","ننگرهار","ننگرهار","1003","03","SURKHROD","SURKHROD","سرخرود","NO"
"10","Nangerhar","ننگرهار","ننگرهار","1004","04","CHIPERHAR","CHIPERHAR","چپرهار","NO"
"10","Nangerhar","ننگرهار","ننگرهار","1005","05","RODAT","RODAT","رودات","NO"
"10","Nangerhar","ننگرهار","ننگرهار","1006","06","KAMA","KAMA","کامه","NO"
"10","Nangerhar","ننگرهار","ننگرهار","1007","07","KOOZ KONAR","KOOZ KONAR","کوزکنر","NO"
"10","Nangerhar","ننگرهار","ننگرهار","1008","08","DARAH NOOR","DARAH NOOR","دره نور","NO"
"10","Nangerhar","ننگرهار","ننگرهار","1010","10","HESARAK","HESARAK","حصارک","NO"
"10","Nangerhar","ننگرهار","ننگرهار","1011","11","KHOGYANI","KHOGYANI","خوگیانی","NO"
"10","Nangerhar","ننگرهار","ننگرهار","1012","12","PACHAR WAGAM","PACHAR WAGAM","پچیرواگام","NO"
"10","Nangerhar","ننگرهار","ننگرهار","1013","13","DAHBALA","DAHBALA","ده بالا","NO"
"10","Nangerhar","ننگرهار","ننگرهار","1014","14","KOTT","KOTT","کوت","NO"
"10","Nangerhar","ننگرهار","ننگرهار","1015","15","ACHIN","ACHIN","اچین","NO"
"10","Nangerhar","ننگرهار","ننگرهار","1016","16","NAZYAN","NAZYAN","نازیان","NO"
"10","Nangerhar","ننگرهار","ننگرهار","1017","17","DUR BABA","DUR BABA","دربابا","NO"
"10","Nangerhar","ننگرهار","ننگرهار","1018","18","SHENWAR","SHENWAR","شینوار","NO"
"10","Nangerhar","ننگرهار","ننگرهار","1019","19","BATI KOT","BATI KOT","بتی کوت","NO"
"10","Nangerhar","ننگرهار","ننگرهار","1020","20","MUHMAND DARA","MUHMAND DARA","مهمنددره","NO"
"10","Nangerhar","ننگرهار","ننگرهار","1021","21","GOSHTA","GOSHTA","گوشته","NO"
"10","Nangerhar","ننگرهار","ننگرهار","1022","22","LALPOOR","LALPOOR","لعل پور","NO"
"11","Kunarha","کنرها","کنرها","1101","01","PROVINCIAL CENTER (ASAD ABAD)","PROVINCIAL CENTER (ASAD ABAD)","مرکزکنرها - اسعدآباد","YES"
"11","Kunarha","کنرها","کنرها","1102","02","WATAPOOR","WATAPOOR","وته پور","NO"
"11","Kunarha","کنرها","کنرها","1103","03","DAREH PEICH","DAREH PEICH","دره پیچ","NO"
"11","Kunarha","کنرها","کنرها","1104","04","NARANG WA BADIL (TARANGO BADIL)","NARANG WA BADIL (TARANGO BADIL)","نرنگ وبادیل","NO"
"11","Kunarha","کنرها","کنرها","1105","05","SAR KANI","SAR KANI","سرکانی","NO"
"11","Kunarha","کنرها","کنرها","1106","06","MURWARA","MURWARA","مروره","NO"
"11","Kunarha","کنرها","کنرها","1107","07","DANGAM","DANGAM","دانگام","NO"
"11","Kunarha","کنرها","کنرها","1108","08","BAR KUNAR","BAR KUNAR","برکنر","NO"
"11","Kunarha","کنرها","کنرها","1109","09","SHIGAL-WA-SHELTAN","SHIGAL-WA-SHELTAN","شیگل وشلتن","NO"
"11","Kunarha","کنرها","کنرها","1111","11","NOOR GOOL","NOOR GOOL","نورگل","NO"
"11","Kunarha","کنرها","کنرها","1112","12","CHAWKI","CHAWKI","حوکی","NO"
"11","Kunarha","کنرها","کنرها","1113","13","KHAS KUNAR","KHAS KUNAR","خاص کنر","NO"
"11","Kunarha","کنرها","کنرها","1114","14","NARAI","NARAI","نرئی","NO"
"11","Kunarha","کنرها","کنرها","1115","15","GHAZI ABAD","GHAZI ABAD","غازی آباد","NO"
"12","Laghman","لغمان","لغمان","1201","01","PROVINCIAL CENTER (MEHTERLAM)","PROVINCIAL CENTER (MEHTERLAM)","مرکزلغمان - مهترلام","YES"
"12","Laghman","لغمان","لغمان","1202","02","QARGHAI","QARGHAI","قرغه ئی","NO"
"12","Laghman","لغمان","لغمان","1203","03","ALINGAR","ALINGAR","علینگار","NO"
"12","Laghman","لغمان","لغمان","1204","04","ALISHING","ALISHING","علیشنگ","NO"
"12","Laghman","لغمان","لغمان","1205","05","DAWLAT SHAH","DAWLAT SHAH","دولت شاه","NO"
"13","Nooristan","نورستان","نورستان","1301","01","PROVINCIAL CENTER (NOORISTAN)","PROVINCIAL CENTER (NOORISTAN)","مرکز نورستان - پارون","YES"
"13","Nooristan","نورستان","نورستان","1302","02","NOOR GRAM","NOOR GRAM","نورگرام","NO"
"13","Nooristan","نورستان","نورستان","1304","04","WAIGAL","WAIGAL","وایگل","NO"
"13","Nooristan","نورستان","نورستان","1305","05","WAMA","WAMA","واما","NO"
"13","Nooristan","نورستان","نورستان","1308","08","BARGUMTAL","BARGUMTAL","برگ متال","NO"
"14","Badakhshan","بدخشان","بدخشان","1401","01","FAIZ ABAD","FAIZ ABAD","مرکزبدخشان - فیض آباد","YES"
"14","Badakhshan","بدخشان","بدخشان","1402","02","YAFTAL PAYAN","YAFTAL PAYAN","یفتل سفلی","NO"
"14","Badakhshan","بدخشان","بدخشان","1403","03","URGO","URGO","ارگو","NO"
"14","Badakhshan","بدخشان","بدخشان","1404","04","DARAYEM","DARAYEM","درایم","NO"
"14","Badakhshan","بدخشان","بدخشان","1405","05","KHASH","KHASH","خاش","NO"
"14","Badakhshan","بدخشان","بدخشان","1406","06","JURM","JURM","جرم","NO"
"14","Badakhshan","بدخشان","بدخشان","1407","07","WARDOUJ","WARDOUJ","وردوج","NO"
"14","Badakhshan","بدخشان","بدخشان","1408","08","BAHARAK (BADAKHSHAN)","BAHARAK (BADAKHSHAN)","بهارک","NO"
"14","Badakhshan","بدخشان","بدخشان","1409","09","SHUHADA","SHUHADA","شهدا","NO"
"14","Badakhshan","بدخشان","بدخشان","1410","10","KOHISTAN (BADAKHSHAN)","KOHISTAN (BADAKHSHAN)","کوهستان","NO"
"14","Badakhshan","بدخشان","بدخشان","1411","11","YAWAN","YAWAN","یاوان","NO"
"14","Badakhshan","بدخشان","بدخشان","1412","12","SHAHR-E-BUZURG","SHAHR-E-BUZURG","شهربزرگ","NO"
"14","Badakhshan","بدخشان","بدخشان","1413","13","KISHM","KISHM","کشم","NO"
"14","Badakhshan","بدخشان","بدخشان","1414","14","TAGAB (KESHM BALA)","TAGAB (KESHM BALA)","تگاب","NO"
"14","Badakhshan","بدخشان","بدخشان","1415","15","TASHKAN","TASHKAN","تشکان","NO"
"14","Badakhshan","بدخشان","بدخشان","1416","16","KARAN-O-MENJAN","KARAN-O-MENJAN","کران و منجان","NO"
"14","Badakhshan","بدخشان","بدخشان","1417","17","ZEBAK","ZEBAK","زیباک","NO"
"14","Badakhshan","بدخشان","بدخشان","1418","18","ESHKASHAM","ESHKASHAM","اشکاشم","NO"
"14","Badakhshan","بدخشان","بدخشان","1419","19","WAKHAN","WAKHAN","واخان","NO"
"14","Badakhshan","بدخشان","بدخشان","1420","20","SHEGHNAN","SHEGHNAN","شیغنان","NO"
"14","Badakhshan","بدخشان","بدخشان","1421","21","ARGHANJ KHAWA","ARGHANJ KHAWA","ارغنجخواه","NO"
"14","Badakhshan","بدخشان","بدخشان","1422","22","RAGHISTAN","RAGHISTAN","راغستان","NO"
"14","Badakhshan","بدخشان","بدخشان","1423","23","KHWAHAN","KHWAHAN","خواهان","NO"
"14","Badakhshan","بدخشان","بدخشان","1424","24","KOF AB","KOF AB","کوف آب","NO"
"14","Badakhshan","بدخشان","بدخشان","1425","25","YAMGAN (GRIWAN)","YAMGAN (GRIWAN)","یمگان","NO"
"14","Badakhshan","بدخشان","بدخشان","1426","26","DARWAZE-E PAYAN NUSAY","DARWAZE-E PAYAN NUSAY","درواز پایان نسی","NO"
"14","Badakhshan","بدخشان","بدخشان","1427","27","DARWAZE BALA MAMAI","DARWAZE BALA MAMAI","دروازۀ بالا مامی","NO"
"14","Badakhshan","بدخشان","بدخشان","1428","28","SHEIKE","SHEIKE","شکی","NO"
"15","Takhar","تخار","تخار","1501","01","TALOQAN - CENTER OF TALOQAN","TALOQAN - CENTER OF TALOQAN","مرکزتخار- تالقان","YES"
"15","Takhar","تخار","تخار","1502","02","HAZAR SOMOCH","HAZAR SOMOCH","هزارسموچ","NO"
"15","Takhar","تخار","تخار","1503","03","BAHARAK","BAHARAK","بهارک","NO"
"15","Takhar","تخار","تخار","1504","04","KHWAJA GHAR","KHWAJA GHAR","خواجه غار","NO"
"15","Takhar","تخار","تخار","1505","05","BANGI","BANGI","بنگی","NO"
"15","Takhar","تخار","تخار","1506","06","ESHKAMESH","ESHKAMESH","اشکمش","NO"
"15","Takhar","تخار","تخار","1507","07","CHAAL","CHAAL","چال","NO"
"15","Takhar","تخار","تخار","1508","08","NAMAK  AAB","NAMAK  AAB","نمک آب","NO"
"15","Takhar","تخار","تخار","1509","09","FARKHAR","FARKHAR","فرخار","NO"
"15","Takhar","تخار","تخار","1510","10","KALAFGAN","KALAFGAN","کلفگان","NO"
"15","Takhar","تخار","تخار","1511","11","RUSTAQ","RUSTAQ","رستاق","NO"
"15","Takhar","تخار","تخار","1512","12","CHAH AAB","CHAH AAB","چاه آب","NO"
"15","Takhar","تخار","تخار","1513","13","YANGI QALA","YANGI QALA","ینگی قلعه","NO"
"15","Takhar","تخار","تخار","1514","14","KHWAJA BAHAWODDIN","KHWAJA BAHAWODDIN","خواجه بهاوالدین","NO"
"15","Takhar","تخار","تخار","1515","15","DARQAD","DARQAD","درقد","NO"
"15","Takhar","تخار","تخار","1516","16","DASHTE QALA","DASHTE QALA","دشت قلعه","NO"
"15","Takhar","تخار","تخار","1517","17","WARSAJ","WARSAJ","ورسج","NO"
"16","Baghlan","بغلان","بغلان","1601","01","PROVINCIAL CENTER (PUL-I-KHUMRI)","PROVINCIAL CENTER (PUL-I-KHUMRI)","مرکزبغلان - پلخمری","YES"
"16","Baghlan","بغلان","بغلان","1602","02","BAGHLAN JADEED","BAGHLAN JADEED","بغلان جید","NO"
"16","Baghlan","بغلان","بغلان","1603","03","DHANA-I-GHORI","DHANA-I-GHORI","دهنه غوری","NO"
"16","Baghlan","بغلان","بغلان","1604","04","DOOSHI","DOOSHI","دوشی","NO"
"16","Baghlan","بغلان","بغلان","1605","05","KHENJAN","KHENJAN","خنجان","NO"
"16","Baghlan","بغلان","بغلان","1606","06","BANO ANDARAB","BANO ANDARAB","اندراب","NO"
"16","Baghlan","بغلان","بغلان","1607","07","NAHREEN","NAHREEN","نهرین","NO"
"16","Baghlan","بغلان","بغلان","1608","08","BORKA","BORKA","برکه","NO"
"16","Baghlan","بغلان","بغلان","1609","09","TALA-O-BARFAK","TALA-O-BARFAK","تاله و برفک","NO"
"16","Baghlan","بغلان","بغلان","1610","10","PUL-I-HESAR","PUL-I-HESAR","پل حصار","NO"
"16","Baghlan","بغلان","بغلان","1611","11","DEHE SALAH","DEHE SALAH","ده صلاح","NO"
"16","Baghlan","بغلان","بغلان","1612","12","JELGA (KHWAJA HEJRAN)","JELGA (KHWAJA HEJRAN)","جلگه","NO"
"16","Baghlan","بغلان","بغلان","1613","13","KHOST-O-FERENG","KHOST-O-FERENG","خوست و فرنگ","NO"
"16","Baghlan","بغلان","بغلان","1614","14","FRENG-GHARO","FRENG-GHARO","فرنگ وغارو","NO"
"16","Baghlan","بغلان","بغلان","1615","15","GOZAR-GAHE-NOOR","GOZAR-GAHE-NOOR","گذرگاه نور","NO"
"17","Kunduz","کندز","کندز","1701","01","PROVINCIAL CENTER (KUNDUZ)","PROVINCIAL CENTER (KUNDUZ)","مرکزکندز- کندز","YES"
"17","Kunduz","کندز","کندز","1702","02","IMAM SAHEB","IMAM SAHEB","حضرت امام صاحب","NO"
"17","Kunduz","کندز","کندز","1703","03","QALA-I-ZAL","QALA-I-ZAL","قلعه ذال","NO"
"17","Kunduz","کندز","کندز","1704","04","CHAR DARA","CHAR DARA","چاردره","NO"
"17","Kunduz","کندز","کندز","1705","05","ALI ABAD","ALI ABAD","علی آباد","NO"
"17","Kunduz","کندز","کندز","1706","06","KHAN ABAD","KHAN ABAD","خان آباد","NO"
"17","Kunduz","کندز","کندز","1707","07","DASHT-I-ARCHI","DASHT-I-ARCHI","دشت ارچی","NO"
"18","Samangan","سمنگان","سمنگان","1801","01","PROVINCIAL CENTER (AIBAK)","PROVINCIAL CENTER (AIBAK)","مرکزسمنگان - ایبک","YES"
"18","Samangan","سمنگان","سمنگان","1802","02","HAZRAT-E-SULTAN","HAZRAT-E-SULTAN","حضرت سلطان","NO"
"18","Samangan","سمنگان","سمنگان","1803","03","FEROZ NAKHCHEER","FEROZ NAKHCHEER","فیروزنخچیر","NO"
"18","Samangan","سمنگان","سمنگان","1804","04","DARAH-E-SUF HULYA","DARAH-E-SUF HULYA","دره صوف بالا","NO"
"18","Samangan","سمنگان","سمنگان","1805","05","DARAH-I-SUF PAYEN","DARAH-I-SUF PAYEN","دره صوف پائین","NO"
"18","Samangan","سمنگان","سمنگان","1806","06","RAI-DO-AB","RAI-DO-AB","روی دوآب","NO"
"18","Samangan","سمنگان","سمنگان","1807","07","KHOURAM SAR BAGH","KHOURAM SAR BAGH","خرم و سارباغ","NO"
"19","Balkh","بلخ","بلخ","1901","01","PROVINCIAL CENTER (MAZAR SHARIF)","PROVINCIAL CENTER (MAZAR SHARIF)","مزار شريف","YES"
"19","Balkh","بلخ","بلخ","1902","02","DEHDADI","DEHDADI","دهدادی","NO"
"19","Balkh","بلخ","بلخ","1903","03","NAHR-E-SHAHI","NAHR-E-SHAHI","نهر شاهی","NO"
"19","Balkh","بلخ","بلخ","1904","04","MARMOL","MARMOL","مارمل","NO"
"19","Balkh","بلخ","بلخ","1905","05","KHOLM","KHOLM","خلم","NO"
"19","Balkh","بلخ","بلخ","1906","06","KALDAR","KALDAR","کلدار","NO"
"19","Balkh","بلخ","بلخ","1907","07","SHORTAPA","SHORTAPA","شورتیپه","NO"
"19","Balkh","بلخ","بلخ","1908","08","DAWLATABAD","DAWLATABAD","دولت آباد","NO"
"19","Balkh","بلخ","بلخ","1909","09","BALKH","BALKH","بلخ","NO"
"19","Balkh","بلخ","بلخ","1910","10","CHARBOLAK","CHARBOLAK","چار بولک","NO"
"19","Balkh","بلخ","بلخ","1911","11","CHAMTAL","CHAMTAL","چمتال","NO"
"19","Balkh","بلخ","بلخ","1912","12","SHOLGARA","SHOLGARA","شولگره","NO"
"19","Balkh","بلخ","بلخ","1913","13","CHARKENT","CHARKENT","چارکنت","NO"
"19","Balkh","بلخ","بلخ","1914","14","KOSHENDAH","KOSHENDAH","کشنده","NO"
"19","Balkh","بلخ","بلخ","1915","15","ZAREE","ZAREE","زاری","NO"
"20","Juzjan","جوزجان","جوزجان","2001","01","PROVINCIAL CENTER (SHEIRGHAN)","PROVINCIAL CENTER (SHEIRGHAN)","مرکزجوزجان - شبرغان","YES"
"20","Juzjan","جوزجان","جوزجان","2002","02","AQCHAH","AQCHAH","آقچه","NO"
"20","Juzjan","جوزجان","جوزجان","2003","03","FAIZ ABAD","FAIZ ABAD","مرکزبدخشان - فیض آباد","NO"
"20","Juzjan","جوزجان","جوزجان","2004","04","MARDYAN","MARDYAN","مردیان","NO"
"20","Juzjan","جوزجان","جوزجان","2005","05","MANGAJAK","MANGAJAK","منگجیک","NO"
"20","Juzjan","جوزجان","جوزجان","2006","06","QARQIN","QARQIN","قرقین","NO"
"20","Juzjan","جوزجان","جوزجان","2007","07","KHAMYAB","KHAMYAB","خمیاب","NO"
"20","Juzjan","جوزجان","جوزجان","2010","10","KHWAJA DUKOH","KHWAJA DUKOH","خواجه دوکوه","NO"
"20","Juzjan","جوزجان","جوزجان","2011","11","KHANAQA","KHANAQA","خانقا","NO"
"21","Sar-i-Pul","سرپل","سرپل","2101","01","PROVINCIAL CENTER (SAR-I-PUL)","PROVINCIAL CENTER (SAR-I-PUL)","مرکزسرپل - سرپل","YES"
"21","Sar-i-Pul","سرپل","سرپل","2102","02","SUZMA QULA","SUZMA QULA","سوزمه قلعه","NO"
"21","Sar-i-Pul","سرپل","سرپل","2103","03","SAYAD","SAYAD","صیاد","NO"
"21","Sar-i-Pul","سرپل","سرپل","2104","04","KOHISTANAT","KOHISTANAT","کوهستانات","NO"
"21","Sar-i-Pul","سرپل","سرپل","2105","05","BALKHAB","BALKHAB","بلخاب","NO"
"21","Sar-i-Pul","سرپل","سرپل","2106","06","SANGCHARAK","SANGCHARAK","سنگ چارک","NO"
"21","Sar-i-Pul","سرپل","سرپل","2107","07","GOSFANDI","GOSFANDI","گوسفندی","NO"
"22","Faryab","فاریاب","فارياب","2201","01","PROVINCIAL CENTER (MAIMANA)","PROVINCIAL CENTER (MAIMANA)","مرکز ولايت ميمنه","YES"
"22","Faryab","فاریاب","فارياب","2202","02","PASHTOON KOTT","PASHTOON KOTT","پشتون کوت","NO"
"22","Faryab","فاریاب","فارياب","2203","03","KHUWAJA SABZ POSHE WALI","KHUWAJA SABZ POSHE WALI","خواجه سبز پوش ولی","NO"
"22","Faryab","فاریاب","فارياب","2204","04","ALMAR","ALMAR","المار","NO"
"22","Faryab","فاریاب","فارياب","2205","05","QAISAR","QAISAR","قیصار","NO"
"22","Faryab","فاریاب","فارياب","2206","06","KOHISTAN (FARYAB)","KOHISTAN (FARYAB)","کوهستان","NO"
"22","Faryab","فاریاب","فارياب","2207","07","GARZIWAN","GARZIWAN","گرزیوان","NO"
"22","Faryab","فاریاب","فارياب","2208","08","BALCHERAGH","BALCHERAGH","بل چراغ","NO"
"22","Faryab","فاریاب","فارياب","2209","09","SHERIN TAGAB","SHERIN TAGAB","شیرین تگاب","NO"
"22","Faryab","فاریاب","فارياب","2210","10","DAWLAT ABAD","DAWLAT ABAD","دولت آباد","NO"
"22","Faryab","فاریاب","فارياب","2211","11","QARAM QUL","QARAM QUL","قرم قل","NO"
"22","Faryab","فاریاب","فارياب","2212","12","KHAN-E-CHARBAGH","KHAN-E-CHARBAGH","خان چارباغ","NO"
"22","Faryab","فاریاب","فارياب","2213","13","ANDKHOI","ANDKHOI","اندخوی","NO"
"22","Faryab","فاریاب","فارياب","2214","14","QURGHAN","QURGHAN","قرغان","NO"
"23","Badghis","بادغیس","بادغيس","2301","01","PROVINCIAL CENTER (QALA-I-NOW)","PROVINCIAL CENTER (QALA-I-NOW)","مرکزبادغیس - قلعه نو","YES"
"23","Badghis","بادغیس","بادغيس","2302","02","MUQUR (BADGHIS)","MUQUR (BADGHIS)","مقر","NO"
"23","Badghis","بادغیس","بادغيس","2303","03","AB KAMARI","AB KAMARI","آبکمری","NO"
"23","Badghis","بادغیس","بادغيس","2304","04","QADIS","QADIS","قادس","NO"
"23","Badghis","بادغیس","بادغيس","2305","05","JAWAND","JAWAND","جوند","NO"
"23","Badghis","بادغیس","بادغيس","2306","06","GHORMACH","GHORMACH","غورماچ","NO"
"23","Badghis","بادغیس","بادغيس","2307","07","MURGHAB","MURGHAB","بالا مرغاب","NO"
"24","Herat","هرات","هرات","2401","01","PROVINCIAL CENTER (HERAT)","PROVINCIAL CENTER (HERAT)","(مرکزولايت (هرات","YES"
"24","Herat","هرات","هرات","2402","02","ENJIL","ENJIL","انجیل","NO"
"24","Herat","هرات","هرات","2403","03","GUZERA","GUZERA","(نظام شهید (گذره","NO"
"24","Herat","هرات","هرات","2404","04","PASHTON ZARGHOON","PASHTON ZARGHOON","پشتون زرغون","NO"
"24","Herat","هرات","هرات","2405","05","KARUKH","KARUKH","کرخ","NO"
"24","Herat","هرات","هرات","2406","06","KUSHK","KUSHK","کشک (رباط سنگی)","NO"
"24","Herat","هرات","هرات","2407","07","GULRAN","GULRAN","گلران","NO"
"24","Herat","هرات","هرات","2408","08","KOHSAN","KOHSAN","کهسان","NO"
"24","Herat","هرات","هرات","2409","09","GHORYAN","GHORYAN","غوریان","NO"
"24","Herat","هرات","هرات","2410","10","ZENDAJAN","ZENDAJAN","زنده جان","NO"
"24","Herat","هرات","هرات","2411","11","ADRASKAN","ADRASKAN","ادرسکن","NO"
"24","Herat","هرات","هرات","2412","12","SHINDAND","SHINDAND","شیندند","NO"
"24","Herat","هرات","هرات","2413","13","FARSI","FARSI","فرسی","NO"
"24","Herat","هرات","هرات","2414","14","OBEH","OBEH","اوبه","NO"
"24","Herat","هرات","هرات","2415","15","CHESHTOSHARIF","CHESHTOSHARIF","چشت شریف","NO"
"24","Herat","هرات","هرات","2416","16","KISHK-I-KAHNA","KISHK-I-KAHNA","کشک کهنه","NO"
"25","Farah","فراه","فراه","2501","01","PROVINCIAL CENTER (FARAH)","PROVINCIAL CENTER (FARAH)","مرکزفراه - فراه","YES"
"25","Farah","فراه","فراه","2502","02","POSHT-I- ROOD","POSHT-I- ROOD","پشت رود","NO"
"25","Farah","فراه","فراه","2503","03","KHAK-I-SAFEID","KHAK-I-SAFEID","خاک سفید","NO"
"25","Farah","فراه","فراه","2504","04","ANAR DARAH","ANAR DARAH","انار دره","NO"
"25","Farah","فراه","فراه","2505","05","QALA-I-KAH","QALA-I-KAH","قلعه کاه","NO"
"25","Farah","فراه","فراه","2506","06","SHEIB KOH","SHEIB KOH","شیب کوه","NO"
"25","Farah","فراه","فراه","2507","07","LASH JAWEEN","LASH JAWEEN","لاش جوین","NO"
"25","Farah","فراه","فراه","2508","08","BAKWA","BAKWA","بکواه","NO"
"25","Farah","فراه","فراه","2509","09","BALA BLOOK","BALA BLOOK","بالا بلوک","NO"
"25","Farah","فراه","فراه","2510","10","GULESTAN","GULESTAN","گلستان","NO"
"25","Farah","فراه","فراه","2511","11","PUR CHAMAN","PUR CHAMAN","پرچمن","NO"
"26","Nimroz","نیمروز","نيمروز","2601","01","PROVINCIAL CENTER - ZARANJ","PROVINCIAL CENTER - ZARANJ","مرکزنیمروز- زرنج","YES"
"26","Nimroz","نیمروز","نيمروز","2602","02","KANG","KANG","کنگ","NO"
"26","Nimroz","نیمروز","نيمروز","2603","03","CHAR BORJAK","CHAR BORJAK","چار برجک","NO"
"26","Nimroz","نیمروز","نيمروز","2604","04","ASEL CHAKHANSUR","ASEL CHAKHANSUR","اصل چخانسور","NO"
"26","Nimroz","نیمروز","نيمروز","2605","05","KHASHROAD","KHASHROAD","خاشرود","NO"
"26","Nimroz","نیمروز","نيمروز","2606","06","DELARAM","DELARAM","دلارام","NO"
"27","Helmand","هلمند","هلمند","2701","01","PROVINCIAL CENTER (LASHKAR GAH)","PROVINCIAL CENTER (LASHKAR GAH)","مرکزهلمند- لشکرگاه","YES"
"27","Helmand","هلمند","هلمند","2702","02","NAHRE SARAJ","NAHRE SARAJ","نهرسراج","NO"
"27","Helmand","هلمند","هلمند","2703","03","NAD ALI","NAD ALI","نادعلی","NO"
"27","Helmand","هلمند","هلمند","2704","04","NAWEI BARUKZAI","NAWEI BARUKZAI","ناوه بارکزایی","NO"
"27","Helmand","هلمند","هلمند","2705","05","GARM SEIR","GARM SEIR","گرم سیر","NO"
"27","Helmand","هلمند","هلمند","2706","06","SANGIN QALAH","SANGIN QALAH","سنگین قلعه","NO"
"27","Helmand","هلمند","هلمند","2707","07","KAJAKI","KAJAKI","کجکی","NO"
"27","Helmand","هلمند","هلمند","2709","09","MOOSA QALAH","MOOSA QALAH","موسی قلعه","NO"
"27","Helmand","هلمند","هلمند","2710","10","NAWZAD","NAWZAD","نوزاد","NO"
"28","Kandahar","کندهار","کندهار","2801","01","PROVINCIAL CENTER (KANDAHAR)","PROVINCIAL CENTER (KANDAHAR)","مرکزکندهار- کندهار","YES"
"28","Kandahar","کندهار","کندهار","2802","02","DAMAN","DAMAN","دامان","NO"
"28","Kandahar","کندهار","کندهار","2803","03","SHAH WALI KOT","SHAH WALI KOT","شاه ولي كوټ","NO"
"28","Kandahar","کندهار","کندهار","2804","04","ARGHANDAB (KANDAHAR)","ARGHANDAB (KANDAHAR)","ارغنداب","NO"
"28","Kandahar","کندهار","کندهار","2805","05","KHAK REIZ","KHAK REIZ","خاک ریز","NO"
"28","Kandahar","کندهار","کندهار","2807","07","MAIWAND","MAIWAND","میوند","NO"
"28","Kandahar","کندهار","کندهار","2808","08","ZHERAI","ZHERAI","ژری","NO"
"28","Kandahar","کندهار","کندهار","2809","09","PANJAI","PANJAI","پنجوائی","NO"
"28","Kandahar","کندهار","کندهار","2810","10","REGESTAN","REGESTAN","ريګستان","NO"
"28","Kandahar","کندهار","کندهار","2811","11","SHORABAK","SHORABAK","شورابك","NO"
"28","Kandahar","کندهار","کندهار","2812","12","ESPEEN BOLDAK","ESPEEN BOLDAK","سپین بولدک","NO"
"28","Kandahar","کندهار","کندهار","2813","13","ARGHESTAN","ARGHESTAN","ارغستان","NO"
"28","Kandahar","کندهار","کندهار","2814","14","MAROOF","MAROOF","معروف","NO"
"28","Kandahar","کندهار","کندهار","2816","16","NISH","NISH","نيش","NO"
"29","Zabul","زابل","زابل","2901","01","PROVINCIAL CENTER (QALAT)","PROVINCIAL CENTER (QALAT)","مرکززابل - قلات","YES"
"29","Zabul","زابل","زابل","2902","02","SHAH JOI","SHAH JOI","شاه جوی","NO"
"29","Zabul","زابل","زابل","2903","03","ARGHANDAB (ZABUL)","ARGHANDAB (ZABUL)","ارغنداب","NO"
"29","Zabul","زابل","زابل","2905","05","DAICHOPAN","DAICHOPAN","دايچوپان","NO"
"29","Zabul","زابل","زابل","2906","06","MIZAN","MIZAN","میزان","NO"
"29","Zabul","زابل","زابل","2907","07","TARNK-O-JALDAK","TARNK-O-JALDAK","ترنگ و جلدک","NO"
"29","Zabul","زابل","زابل","2908","08","SHINKAI","SHINKAI","شینکی","NO"
"29","Zabul","زابل","زابل","2909","09","ATGHAR","ATGHAR","اتغر","NO"
"29","Zabul","زابل","زابل","2910","10","SHEMEL ZAYI","SHEMEL ZAYI","شمل زائی","NO"
"29","Zabul","زابل","زابل","2911","11","NAW BAHAR","NAW BAHAR","نوبهار","NO"
"30","Urozgan","ارزگان","ارزگان","3001","01","PROVINCIAL CENTER (TERINKOTT)","PROVINCIAL CENTER (TERINKOTT)","مرکزارزگان - ترینکوت","YES"
"30","Urozgan","ارزگان","ارزگان","3002","02","CHOARAH","CHOARAH","چوره","NO"
"30","Urozgan","ارزگان","ارزگان","3003","03","KHAS UROZGAN","KHAS UROZGAN","خاص ارزگان","NO"
"30","Urozgan","ارزگان","ارزگان","3004","04","SHAHID-E-HASSAS","SHAHID-E-HASSAS","شهید حساس","NO"
"30","Urozgan","ارزگان","ارزگان","3005","05","DEHRAOUD","DEHRAOUD","دهراود","NO"
"31","Ghor","غور","غور","3101","01","PROVINCIAL CENTER (CHAGHCHARAN)","PROVINCIAL CENTER (CHAGHCHARAN)","مرکزغور- چغچران","YES"
"31","Ghor","غور","غور","3102","02","DOWLATYAR","DOWLATYAR","دولتیار","NO"
"31","Ghor","غور","غور","3103","03","CHAHAR SADA","CHAHAR SADA","چار صده","NO"
"31","Ghor","غور","غور","3104","04","SHAHRAK","SHAHRAK","شهرک","NO"
"31","Ghor","غور","غور","3105","05","DULEENA","DULEENA","دولینه","NO"
"31","Ghor","غور","غور","3106","06","PASSABAND","PASSABAND","پسابند","NO"
"31","Ghor","غور","غور","3107","07","LAL-O-SARJANGAL","LAL-O-SARJANGAL","لعل و سرجنگل","NO"
"31","Ghor","غور","غور","3108","08","TOLAK","TOLAK","تولک","NO"
"31","Ghor","غور","غور","3109","09","SAGHAR","SAGHAR","ساغر","NO"
"31","Ghor","غور","غور","3110","10","TEYORA","TEYORA","تیوره","NO"
"32","Bamyan","بامیان","باميان","3201","01","PROVINCE CENTER(MARKAZ-WOLLAYAT)","PROVINCE CENTER(MARKAZ-WOLLAYAT)","مرکزبامیان - بامیان","YES"
"32","Bamyan","بامیان","باميان","3202","02","SHEBAR","SHEBAR","شیبر","NO"
"32","Bamyan","بامیان","باميان","3203","03","SAIGHAN","SAIGHAN","سیغان","NO"
"32","Bamyan","بامیان","باميان","3204","04","KOHMARD","KOHMARD","کهمرد","NO"
"32","Bamyan","بامیان","باميان","3205","05","YAKAWULANG","YAKAWULANG","یکاولنگ","NO"
"32","Bamyan","بامیان","باميان","3206","06","PANJAB","PANJAB","پنجاب","NO"
"32","Bamyan","بامیان","باميان","3207","07","WARAS","WARAS","ورث","NO"
"33","Panjshir","پنجشیر","پنجشیر","3301","01","BAZARAK","BAZARAK","مرکزپنجشیر- بازارک","YES"
"33","Panjshir","پنجشیر","پنجشیر","3302","02","ROKHA","ROKHA","رخه","NO"
"33","Panjshir","پنجشیر","پنجشیر","3303","03","ANABA","ANABA","عنابه","NO"
"33","Panjshir","پنجشیر","پنجشیر","3304","04","DARAH","DARAH","دره","NO"
"33","Panjshir","پنجشیر","پنجشیر","3305","05","HESSA-E-AWAL","HESSA-E-AWAL","حصه اول ( خنج )","NO"
"33","Panjshir","پنجشیر","پنجشیر","3306","06","SHATAL","SHATAL","شتل","NO"
"33","Panjshir","پنجشیر","پنجشیر","3307","07","PAREYIAN","PAREYIAN","پریان","NO"
"34","Daikondi","دایکندی","دایکندی","3401","01","DAIKONDI","DAIKONDI","مرکزدایکندی - نیلی","YES"
"34","Daikondi","دایکندی","دایکندی","3402","02","SHAHRESTAN","SHAHRESTAN","شهرستان","NO"
"34","Daikondi","دایکندی","دایکندی","3403","03","MERAMOR","MERAMOR","میرامور","NO"
"34","Daikondi","دایکندی","دایکندی","3404","04","ISHTRALI","ISHTRALI","اشترلی","NO"
"34","Daikondi","دایکندی","دایکندی","3405","05","SANG-E-TAKHTBANDER","SANG-E-TAKHTBANDER","سنگ تخت","NO"
"34","Daikondi","دایکندی","دایکندی","3406","06","KHADEU","KHADEU","خدیر","NO"
"34","Daikondi","دایکندی","دایکندی","3407","07","KIJRAN","KIJRAN","کجران","NO"
"34","Daikondi","دایکندی","دایکندی","3408","08","KITEE","KITEE","گیتی","NO"
"34","Daikondi","دایکندی","دایکندی","3409","09","GEZAB","GEZAB","گیزاب","NO"
