,District Lookup Tool,,,,,,,,,,,
,"To search for a district, hit Ctrl-F.  A search box will open in the upper right of the spreadsheet.  Type in what you have for the district name in Farsi, Pashto, or Roman characters.  Matches will be highlighted.  If there is no match at first, try a portion of the name.  When you get a potential match, check to see that it is in the right province.  ",,,,,,,,,,,
,"The district sets differ due to district splits and mergers over time.    The colored columns indicate which district set includes what districts.   Use the one most appropriate to your needs.  For database work, code identifications are crucial, but standard spellings shouldn't be.  See footnotes for more. ",,,,,,,,,,,
,,,"399 AGCHO 
set of 2012 (3)",,407 RS / USFOR-A set of 2012 (4),AGCHO / ARAZI set of 2018 (5),,,,,,
,Province       name (1),"District names, alternate names, common spellings, and notes. (2)",,,,Permanent 399,,All 422 (perm.+ temporary),,,,
,,,District Name,Code,District Name,District Name,Code,District Name,Code,Farsi (6),Pashto (7),"District alternates, Farsi, Pashto (8)"
,Badakhshan,"Arghanj Khwah, Arghanjkhwa.",Arghanjkhwa,1504,Arghanj Khwah,Arghanj Khwa,1703,Arghanj Khwa,1703,ارغنجخواه,ارغنجخو,
,Badakhshan,"Argo, Orgu.",Argo,1503,Argo,Argo,1702,Argo,1702,ارگو,ارگو,
,Badakhshan,"Baharak, Bahorak.  (There is also a Baharak district in Takhar.)",Baharak,1512,Baharak,Baharak,1706,Baharak,1706,بهارک,بهارک,
,Badakhshan,"Darayim, Darayem, Darah Aim.",Darayem,1510,Darayim,Darayem,1707,Darayem,1707,درایم,درايم,
,Badakhshan,"Darwaz-e-Bala, Upper Darwaz, Mamai, Mam May.  (Several sources mistakenly reverse Mamai, the center of Darwaz-e-Bala, with Nesay, the center of Darwaz-e-Payin.)",Darwaz-e-Balla,1515,Darwaz-e-Bala,Darwaz,1727,Darwaz,1727,دروازبالا,دروازبالا,ما می
,Badakhshan,"Darwaz-e-Payin, Darwas-e Pa'in, Nesay, Nesai, Lower Darwaz.  (Several sources mistakenly reverse Mamai, the center of Darwaz-e-Bala, with Nesay, the center of Darwaz-e-Payin.)",Darwaz,1524,Darwas-e Pa'in,Darwaz-e-Payin,1722,Darwaz-e-Payin,1722,درواز پائین,درواز پائين,نيسی
,Badakhshan,"Eshkashim, Ishkashem.  (Eshkashim is sometimes confused with Eshkamish district of Takhar.)",Eshkshim,1523,Ishkashim,Eshkashem,1723,Eshkashem,1723,اشکاشم,اشکاشم,
,Badakhshan,"Faiz Abad, Fayzabad.  (There is also a Faizabad district in Jowzjan.)",Fayzabad,1501,Faizabad,Fayzabad,1701,Fayzabad,1701,فیض آباد,فیض آباد,
,Badakhshan,"Jurm, Jorm, Juram.",Jorm,1521,Jurm,Jorm,1710,Jorm,1710,جرم,جرم,
,Badakhshan,Khash.,Khash,1511,Khash,Khash,1705,Khash,1705,خاش,خاش,
,Badakhshan,Khwahan.,Khwahan,1517,Khwahan,Khwahan,1720,Khwahan,1720,خواهان,خواهان,
,Badakhshan,"Kiran Wa Menjan, Kirn wa Manjan, Koran o Monjan.",Koran wa Monjan,1526,Kiran Wa Munjan,Koran wa Monjan,1726,Koran wa Monjan,1726,کرا ن ومنجان,کرا ن و منجان,
,Badakhshan,"Kishim, Keshem, Keshm.",Keshem,1518,Kishim,Keshem,1715,Keshem,1715,کشم,کشم,
,Badakhshan,"Kohistan, Kohestiani.  (There is also a Kohistan in Faryab, a Hissa-e-Awali Kohistan in Kapisa, a Hissa-e Duome Kohistan in Kapisa, and a Kohistanat in Saripul.)",Kohestan,1505,Kohistan,Kohestan,1708,Kohestan,1708,کوهستان,کوهستان,
,Badakhshan,"Kufab, Kofab, Kuf Ab.",Kofab,1516,Kuf Ab,Kofab,1721,Kofab,1721,کوف آب,کوف آب,
,Badakhshan,"Raghistan, Ragh.  (There is also a Registan in Kandahar.)",Raghestan,1506,Raghistan,Raghestan,1714,Raghestan,1714,راغستان,راغستان,
,Badakhshan,"Shahri Buzurg, Shahr-e-Buzorg, Shahr-e Buzurg, Shar-e-Buzurg.",Shahr-e-Buzorg,1508,Shahr-e Buzurg,Shahr-e-Buzorg,1713,Shahr-e-Buzorg,1713,شهربزرگ,شهربزرگ,
,Badakhshan,Shighnan.,Shighnan,1514,Shighnan,Shighnan,1719,Shighnan,1719,شیغنان,شيغنان,
,Badakhshan,"Shiki, Shaki, Shakai.",Shaki,1525,Shiki,Shaki,1724,Shaki,1724,شکی,شکی,
,Badakhshan,"Shuhada, Shohada.",Shuhada,1513,Shuhada,Shuhada,1712,Shuhada,1712,شهدا,شهدا,
,Badakhshan,"Tagab, Tagau.",Tagab,1519,Tagab,Tagab,1717,Tagab,1717,تگاب,تگاب,
,Badakhshan,"Tashkan, Teshkan.",Teshkan,1509,Tashkan,Teshkan,1711,Teshkan,1711,تشکان,تشکان,
,Badakhshan,Wakhan.,Wakhan,1528,Wakhan,Wakhan,1728,Wakhan,1728,واخان,واخان,
,Badakhshan,"Wardooj, Warduj.",Warduj,1522,Warduj,Warduj,1716,Warduj,1716,وردوج,وردوج,
,Badakhshan,"Yaftal-e-Sufla, Yaftal Payin, Yaftal-i-Paen, Lower Yaftal.",Yaftal-e-Sufla,1502,Yaftal-e-Sufla,Yaftal-e-Sufla,1704,Yaftal-e-Sufla,1704,یفتل سفلی,يفتل سفلی,
,Badakhshan,"Yamgan, Girwan, Yumgan,.",Yamgan,1520,Yamgan,Yamgan,1718,Yamgan,1718,یمگان,يمگان,گیروان
,Badakhshan,Yawan.,Yawan,1507,Yawan,Yawan,1709,Yawan,1709,یاوان,ياوان,
,Badakhshan,"Zebak, Zibak.",Zebak,1527,Zebak,Zebak,1725,Zebak,1725,زیباک,زيباک,
,Badghis,"Ab Kamari, Ab-e Kamari, Abkamari.",Abkamari,2903,Ab-e Kamari,Ab Kamari,3102,Ab Kamari,3102,آب کمری,آب کمری,
,Badghis,"Ghormach, Ghormuch.  (All of the district sets presented here list Ghormach in Badghis.  The IDLG, along with many news sources, report it as part of Faryab.) ",Ghormach,2907,Ghormach,Ghormach,3107,Ghormach,3107,غور ماچ,غور ماچ,
,Badghis,"Jawand, Jwand.",Jawand,2905,Jawand,Jawand,3106,Jawand,3106,جوند,جون,
,Badghis,"Muqur, Moqur, Moqor.  (There is also a Moqur district in Ghazni.)",Muqur,2902,Muqur,Muqur,3103,Muqur,3103,مقر,مقر,
,Badghis,"Murghab, Bala Murghab, Balamerghab.",Balamurghab,2906,Murghab,Murghab,3105,Murghab,3105,یمگان,مرغاب,بالا مرغاب
,Badghis,Qadis.  (Some consider Dara-e Bom to be a district.  It is included in Qadis here.),Qadis,2904,Qadis,Qades,3104,Qades,3104,قادس,قادس,
,Badghis,"Qala-i-Now, Qala-e-Naw, Qal'ah-ye Now.",Qala-e-Naw,2901,Qal'ah-ye Now,Qala-e-Naw,3101,Qala-e-Naw,3101,قلعه نو,قلعه نو,
,Baghlan,"Andarab, Bano Andarab.",Andarab,0908,Andarab,Andarab,0907,Andarab,0907,اندراب,اندراب,
,Baghlan,"Baghlan-e-Jadeed, Baghlani Markazi, Baghlan Markazi.  (There was once a ""Baghlan"" district.  It is now part of what all of these sets report as Baghlan-e-Jadeed.)",Baghlan-e-Jadid,0902,Baghlan-e Jadid,Baghlan-e-Jadid,0905,Baghlan-e-Jadid,0905,بغلان جدید,بغلان جدي,
,Baghlan,"Burka, Barka.",Burka,0910,Burkah,Borka,0910,Borka,0910,برکه,برکه,
,Baghlan,"Dahana-e-Ghuri, Dahanah-ye Ghori, Dahana-e-Ghori, Dand-e Ghor.",Dahana-e-Ghori,0903,Dahanah-ye Ghori,Dahana-e-Ghori,0902,Dahana-e-Ghori,0902,دهنه غوری,دهنه غوری,
,Baghlan,"Deh Salah, Dehsalah, Deh-e Salah.",Dehsalah,0912,Deh-e Salah,Deh Salah,0908,Deh Salah,0908,ده صلاح,ده صلاح,
,Baghlan,"Dushi, Doshi.",Doshi,0904,Doshi,Doshi,0903,Doshi,0903,دوشی,دوشی,
,Baghlan,"Firing Wa Gharu, Fereng Wa Gharu, Farang wa Gharu, Farang.",Fereng Wa Gharu,0915,Firing wa Gharu,Firing Gharo,0915,Firing Gharo,0915,فرنگ و غارو,فرنگ وغارو,
,Baghlan,"Gozargah-e-Noor, Guzargah-e- Nur.",Guzargah-e-Nur,0914,Gozargah-e Nur,Guzargah-e-Nor,0914,Guzargah-e-Nor,0914,گذرگاه نور,گذرگاه نور,
,Baghlan,"Khinjan, Khenjan.",Khenjan,0907,Khinjan,Khinjan,0906,Khinjan,0906,خنجان,خنجان,
,Baghlan,"Khost Wa Firing, Khost Wa Fereng, Khost Ferent, Khost.  (Khost Wa Firing is not the same as Firing Wa Gharu of Baghlan.)",Khost Wa Fereng,0913,Khost wa Firing,Khost Wa Firing,0913,Khost Wa Firing,0913,خوست و فرنگ,خوست و فرنگ,
,Baghlan,"Khwaja Hejran, Jalga, Khwajahejran, Khwajah Higran.",Khwajahejran,0909,Khwajah Hijran,Khwaja Hijran,0909,Khwaja Hijran,0909,خواجه هجران,خواجه هجران,جلگه
,Baghlan,"Nahreen, Nahrin, Narine.",Nahrin,0905,Nahrin,Nahren,0904,Nahren,0904,نهرین,نهرين,
,Baghlan,"Pul-e-Hisar, Pul-i Hesar, Pul-e Hesar, Pule Hisar.",Pul-e-Hesar,0911,Pul-e Hisar,Pul-e-Hisar,0912,Pul-e-Hisar,0912,پل حصار,پل حصار,
,Baghlan,"Pul-i-Khumri, Pul-e-Khumri.",Pul-e-khumri,0901,Pul-e Khumri,Pul-e-Khumri,0901,Pul-e-Khumri,0901,پلخمری,پلخمری,
,Baghlan,"Tala Wa Barfak, Talah wa Barfak, Tala Barfak.",Tala wa Barfak,0906,Talah Wa Barfak,Tala Wa Barfak,0911,Tala Wa Barfak,0911,تاله وبر فک,تاله وبر فک,
,Balkh,Balkh.,Balkh,1805,Balkh,Balkh,2106,Balkh,2106,بلخ,بلخ,
,Balkh,"Char Bolak, Chahar Bulak, Charbulak.",Charbulak,1812,Chahar Bolak,Char Bolak,2111,Char Bolak,2111,چار بولک,چار بولک,
,Balkh,"Char Kent, Charkent, Charkint, Chahar Kent, Char Kant.",Charkent,1807,Chahar Kent,Char Kint,2104,Char Kint,2104,چارکنت,چارکنت,
,Balkh,"Chimtal, Chemtal, Tchimtal.",Chemtal,1813,Chimtal,Chimtal,2108,Chimtal,2108,چمتال,چمتال,
,Balkh,"Dawlat Abad, Dawlatabad, Dolatabad.  (There is also a Dawlatabad in Faryab, and a Dawlatshah in Laghman, and a Dawlatyar in Ghor.)",Dawlatabad,1804,Dowlatabad,Dawlatabad,2109,Dawlatabad,2109,دولت اباد,دولت آبا,
,Balkh,"Dehdadi, Dihdadi.",Dehdadi,1806,Dehdadi,Dehdadi,2103,Dehdadi,2103,دهدادی,دهدادی,
,Balkh,Kaldar.  (All three sets reported recognize Sharak-e-Hayratan as having been split from Kaldar.  The CSO 421 set (not listed here) shows Sharak-e-Hayratan as part of Kaldar.),Kaldar,1810,Kaldar,Kaldar,2113,Kaldar,2113,کلدار,کلدار,
,Balkh,"Khulm, Khulam, Tashqurghan, Tash Qurghan.",Khulm,1809,Khulm,Khulm,2110,Khulm,2110,خلم,خلم,
,Balkh,"Kishindeh, Keshendeh, Kishindih.",Keshendeh,1815,Kishindeh,Kishindeh,2114,Kishindeh,2114,کشنده,کشندى,
,Balkh,Marmul.,Marmul,1808,Marmul,Marmul,2105,Marmul,2105,مارمل,مارمل,
,Balkh,"Mazar-e-Sharif, Mazar-i-Sharif, Mazar.",Mazar-e-Sharif,1801,Mazar-e Sharif,Mazar-e-Sharif,2101,Mazar-e-Sharif,2101,مزار شریف,مزار شریف,
,Balkh,"Nahri Shahi, Nahr-e Shahi.",Nahr-e-Shahi,1802,Nahr-e Shahi,Nahr-e-Shahi,2102,Nahr-e-Shahi,2102,نهر شاهی,نهر شاهی,
,Balkh,"Sharak-e-Hairatan, Sharak-i-Hayratan.  (The 421 district set, not listed here, shows Sharak-e-Hairatan as part of Kaldar.)",Sharak-e-Hayratan,1811,Sharak-e Hairatan,Sharak-e-Hayratan,2116,Sharak-e-Hayratan,2116,شرک حیرتان,شرک حیرتان,
,Balkh,"Sholgara, Sholgarah, Shulgara, Shulgar.",Sholgareh,1814,Sholgarah,Sholgareh,2107,Sholgareh,2107,شولگره,شولگرى,
,Balkh,"Shortepa, Shortepah, Shortipa.",Shortepa,1803,Shortepah,Shortepa,2112,Shortepa,2112,شورتیپه,شورتيپى,
,Balkh,"Zari, Zaray.",Zari,1816,Zari,Zari,2115,Zari,2115,زاری,زاری,
,Bamiyan,"Bamyan, Bamian.",Bamyan,1001,Bamyan,Bamyan,1001,Bamyan,1001,بامیان,بامیان,
,Bamiyan,"Kahmard, Kohmard.",Kahmard,1006,Kahmard,Kahmard,1004,Kahmard,1004,کهمرد,کهمر,
,Bamiyan,Panjab.,Panjab,1004,Panjab,Panjab,1006,Panjab,1006,پنجاب,پنجاب,
,Bamiyan,"Saighan, Sayghan.",Sayghan,1002,Sayghan,Sayghan,1003,Sayghan,1003,سیغان,سيغان,
,Bamiyan,"Shebar, Shibar, Shaybar, Shaibar.",Shibar,1005,Shaybar,Shebar,1002,Shebar,1002,شیبر,شيبر,
,Bamiyan,Waras.,Waras,1007,Waras,Waras,1007,Waras,1007,ورس,ورس,
,Bamiyan,"Yakawlang, Yakawlang No. 1, Yakawlang Hesa-i Awal, Yakawland Hise Awal.  (The 399 and 407 sets show Yakawlang No. 2 as part of Yakawlang.)",Yakawlang,1003,Yakawlang,Yakawlang,1005,Yakawlang,1005,یکاولنگ,يکاولنگ,
,Bamiyan,"Yakawlang No. 2, Yakawlang Hesa-i-Doyem.  (The 399 and 407 sets show Yakawlang No. 2 as part of Yakawlang.  It is a temporary district in the 422 set.)",[not in 399 set],NA,[not in 407 set],[not in the Permanent 399 set],NA,Yakawlang No. 2,1008,یکاولنگ ۲,يکاولنگ  ۲,یکاولنگ نمبر 2
,Daikundi,"Giti, Kiti, Gayti.",Kiti,2204,Gayti,Keti,2405,Keti,2405,گیتی,گيتی,
,"Daikundi 
OR
Urozgan","Gizab, Gezab.  (The 399 AGCHO 2012 set and the 407 RS / USFOR-A set show Gizab as including Pato, and in Daikundi.  The 422 AGCHO / ARAZI set shows a rump Gizab, split from Patoo, in Urozgan.  It isn't clear how the Permanent 399 AGCHO / ARAZI means to define Gizab.    Its borders show the original Gizab, including Pato, in Daikundi, but it codes Gizab to Urozgan.  ",Gizab,2205,Gizab,Gezab,2506,Gezab,2506,گیزاب,چنارتو,
,Daikundi,"Ishterlai, Ashtarlay, Ishterli.",Ashtarlay,2202,Ishterlay,Ashtarlay,2403,Ashtarlay,2403,اشترلی,اشترلی,
,Daikundi,"Kejran, Kajran, Kajaran.",Kajran,2208,Kejran,Kajran,2408,Kajran,2408,کجران,کجران,
,Daikundi,"Khedir, Khadir.",Khadir,2203,Khedir,Khader,2404,Khader,2404,خدیر,خدير,
,Daikundi,"Miramor, Mir Amor.",Miramor,2209,Mir Amor,Meramor,2406,Meramor,2406,میرامور,ميرامور,
,Daikundi,"Nili, Layli.",Nili,2201,Nili,Neli,2401,Neli,2401,نیلی,نیلی,
,Daikundi,"Patoo, Pato, Patu.  (Patoo is part of Gizab district in the 399 and 407 sets.  It is a ""temporary"" district in the 422 set.)",[not in 399 set],NA,[not in 407 set],[not in the Permanent 399 set],NA,Patoo,2409,پاتو,پاتو,
,Daikundi,"Sang-e-Takht, Sangi Takht, Sang-e-Takht Bandar, Bandar.",Sang-e-Takht,2207,Sang-e Takht,Sang-e-Takht,2407,Sang-e-Takht,2407,سنگ تخت,سنگ تخت,
,Daikundi,"Shahristan, Shahrestan.",Shahrestan,2206,Shahristan,Shahristan,2402,Shahristan,2402,شهرستان,شهرستان,
,Farah,"Anar Dara, Anardara.",Anardara,3111,Anar Dara,Anardara,3307,Anardara,3307,اناردره,اناردرى,
,Farah,Bakwa.,Bakwa,3102,Bakwah,Bakwa,3308,Bakwa,3308,بکواه,بکواه,
,Farah,"Bala Buluk, Bala Boluk, Balabuluk.",Balabuluk,3103,Bala Boluk,Balabulok,3306,Balabulok,3306,بالا بلوک,بالا بلوک,
,Farah,Farah.,Farah,3101,Farah,Farah,3301,Farah,3301,فراه,فراه,
,Farah,"Gulistan, Gulestan.",Gulestan,3109,Gulistan,Gulistan,3310,Gulistan,3310,گلستان,گلستان,
,Farah,"Khak-i-Safed, Khak-e-Safed, Khak-i-Safid.",Khak-e-Safed,3104,Khak-e Safed,Khak-e-Safed,3303,Khak-e-Safed,3303,خاک سفید,خاک سفيد,
,Farah,"Lash-i-Juwayn, Lash-e-Juwayn, Lash wa Juwayn.",Lash-e-Juwayn,3108,Lash-i Juwayn,Lash-e-Juwayn,3309,Lash-e-Juwayn,3309,لاش جو ین,لاش جوين,
,Farah,"Pur Chaman, Purchaman, Parchaman.",Purchaman,3110,Pur Chaman,Purchaman,3311,Purchaman,3311,پرچمن,پرچمن,
,Farah,"Pushtrud, Pushtrod, Pusht-e Rod, Pusht Road, Poshtrud.",Pushtrod,3105,Pusht-e Rod,Pushtrod,3302,Pushtrod,3302,پشت رود,پشت رود,
,Farah,"Qala-i-Kah, Qala-e-Kah, Qalah-e Kah Qul'ah-ye Kah, Pusht Koh.",Qala-e-Kah,3106,Qal'ah-ye Kah,Qala-ye-Kah,3304,Qala-ye-Kah,3304,قلعه کاه,قلعۀ کاه,
,Farah,"Shibkoh, Shib Koh, Shayb Koh.",Shibkoh,3107,Shayb Koh,Shebkoh,3305,Shebkoh,3305,شیب کوه,شيب کوه,
,Faryab,Almar.,Almar,2805,Almar,Almar,2904,Almar,2904,المار,المار,
,Faryab,"Andkhoy, Andkhoi.",Andkhoy,2811,Andkhoy,Andkhoy,2913,Andkhoy,2913,اندخوی,اندخوی,
,Faryab,"Bilchiragh, Bilcheragh, Bal Chiragh, Belcheragh.",Bilcheragh,2809,Bal Chiragh,Bilcheragh,2905,Bilcheragh,2905,بلچراغ,بلچراغ,
,Faryab,"Dawlat Abad, Dawlatabad, Dowlatabad..  (There is also a Dawlatabad in Balkh, and a Dawlatshah district in Laghman, and a Dawlatyar district in Ghor.)",Dawlatabad,2810,Dowlatabad,Dawlatabad,2909,Dawlatabad,2909,دولت آباد,دولت آباد,
,Faryab,"Gurziwan, Garziwan, Gorzivan.",Garziwan,2808,Gurziwan,Garzewan,2908,Garzewan,2908,گرزیوان,گرزيوان,
,Faryab,"Khani Charbagh, Khan-e-Char Bagh. Khan-e Chahr Bagh, Khan Chahr Bagh.",Khan-e-Char Bagh,2813,Khan-e Chahr Bagh,Khan-e-Char Bagh,2914,Khan-e-Char Bagh,2914,خان چهارباغ,خان چارباغ,
,Faryab,"Khwaja Sabz Posh, Khwajasabzposh.",Khwajasabzposh,2802,Khwaja Sabz Posh,Khwaja Sabzposh,2903,Khwaja Sabzposh,2903,خواجه سبزپوش,خواجه سبز پوش ولي,
,Faryab,"Kohistan, Lowlash,.  (There is also a Kohistanat in Saripul, and two Kohistans in Badakhshan and Kapisa.)",Kohestan,2807,Kohistan,Kohistan,2910,Kohistan,2910,کوهستان,کوهستان,
,Faryab,"Maimana, Maymana, Maimanah.",Maymana,2801,Maimanah,Maymana,2901,Maymana,2901,میمنه,میمنه,
,Faryab,"Pashtun Kot, Pashtunkot.",Pashtunkot,2803,Pashtun Kot,Pashton Kot,2902,Pashton Kot,2902,پشتون کوت,پشتون کوټ,
,Faryab,"Qaisar, Qaysar.",Qaysar,2806,Qaisar,Qaysar,2907,Qaysar,2907,قیصار,قيصار,
,Faryab,"Qaram Qul, Qaramqol.",Qaramqol,2812,Qaram Qul,Qaramqol,2911,Qaramqol,2911,قرم قل,قرم قل,
,Faryab,"Qurghan, Qorghan.",Qorghan,2814,Qurghan,Qurghan,2912,Qurghan,2912,قرغان,قرغان,
,Faryab,"Shirin Tagab, Shirintagab, Sherin Tagab, Sherin Tagau.  (There is also a Tagab in Kapisa and in Badakhshan.)",Shirintagab,2804,Shirin Tagab,Shiren Tagab,2906,Shiren Tagab,2906,شرین تگاب,شرين تگاب,
,Ghazni,"Ab Band, Abband, Auband.",Abband,1115,Ab Band,Ab Band,1113,Ab Band,1113,آب بند,اب بن,
,Ghazni,"Ajristan, Daya, Ajrestan,.",Ajrestan,1116,Ajristan,Ajristan,1118,Ajristan,1118,اجرستان,اجرستان,
,Ghazni,"Andar, Shilgar, Shelgar,.",Andar,1105,Andar,Andar,1107,Andar,1107,اندر,اندړ,
,Ghazni,"Deh Yak, Dehyak, Dih Yak.",Dehyak,1106,Deh Yak,Dehyak,1105,Dehyak,1105,ده یک,ده يک,
,Ghazni,"Gelan, Gilan, Janda (the distict center).",Gelan,1118,Gelan,Gelan,1117,Gelan,1117,گیلان,گيلان,
,Ghazni,Ghazni.,Ghazni,1101,Ghazni,Ghazni,1101,Ghazni,1101,غزنی,غزنی,
,Ghazni,Giro.,Giro,1111,Giro,Gero,1112,Gero,1112,گیرو,گيرو,
,Ghazni,"Jaghatu, Jaghato, Jighatu, Bahrami Shahid, Bahram-e Shahid, Waeez Shahid, Wais Shahid.  (There is also a Jaghatu in Wardak province.)",Jaghatu,1109,Bahram-e Shahid,Jaghato,1106,Jaghato,1106,جغتو,جغتو,
,Ghazni,"Jaghuri, Jaghori, Jaghouri.",Jaghuri,1113,Jaghuri,Jaghori,1114,Jaghori,1114,جاغوری,جاغوری,
,Ghazni,"Khwaja Omari, Khwajah Omari, Khwajaumari, Khwaja Umari.",Khwajaumari,1102,Khwajah Omari,Khwaja Umari,1103,Khwaja Umari,1103,خواجه عمری,خواجه عمری,
,Ghazni,"Malistan, Malestan.",Malestan,1117,Malistan,Malistan,1116,Malistan,1116,مالستان,مالستان,
,Ghazni,"Muqur, Moqor, Muqur, Moqur, Muqer.",Muqur,1114,Muqur,Muqur,1115,Muqur,1115,مقر,مقر,
,Ghazni,"Nawa, Nawah.  (There is also a Nawa (aka Nawa-i-Barakzai) in Helmand, and a Nawur district in Ghazni.)",Nawa,1119,Nawah,Nawa,1119,Nawa,1119,ناوه,ناوي,
,Ghazni,Nawur.,Nawur,1112,Nawur,Nawur,1110,Nawur,1110,ناور,ناور,
,Ghazni,"Qara Bagh, Qarabagh, Qarah Bagh.  (There is also a Qara Bagh district of Kabul.)",Qarabagh,1110,Qarah Bagh,Qarabagh,1111,Qarabagh,1111,قره باغ,قره باغ,
,Ghazni,Rashidan.,Rashidan,1108,Rashidan,Rashedan,1109,Rashedan,1109,رشیدان,رشيدان,
,Ghazni,Waghaz.,Waghaz,1104,Waghaz,Waghaz,1104,Waghaz,1104,واغظ,واغظ,
,Ghazni,"Khugyani, Khogiani, Khoghiani, Wali Muhammad Shahid, Wali Muhammad-e-Shahid .  (There is also a Khugyani in Nangarhar.)",Walimuhammad-e-Shahid,1103,Wali Muhammad Shahid Khugyani,Walemuhammad-e- Shahed,1102,Walemuhammad-e-Shahed,1102,ولی محمدشهید,د ولی محمد شهيد,خوگیانی
,Ghazni,"Zanakhan, Zana Khan.",Zanakhan,1107,Zanakhan,Zanakhan,1108,Zanakhan,1108,زنخان,زنخان,
,Ghor,"Char Sada, Chahar Sadah, Charsadda.",Charsada,2102,Chahar Sadah,Charsada,2304,Charsada,2304,چارصده,چارصدى,
,Ghor,"Chighcheran, Chaghcheran, Feroz Koh, Ferozkoh.  (Chighcheran includes parts of what some call ""Murghab"" district. There is also a Murghab district in Badghis.)",Chaghcharan,2101,Chaghcharan,Ferozkoh,2301,Ferozkoh,2301,چغچران,چغچران,فیروزکوه
,Ghor,"Dawlatyar, Dolatyar, Dawlat Yar.  (There is also a Dawlatshar in Laghman, a Dawlat Abad in Faryab, and a Dawlatabad in Balkh.)",Dawlatyar,2104,Dowlatyar,Dawlatyar,2303,Dawlatyar,2303,دولتیار,دولتيار,
,Ghor,"Duleena, DoLayna, Do Lainah, Dawlina.",DoLayna,2103,Do Lainah,DoLayna,2302,DoLayna,2302,دولینه,دولينه,
,Ghor,"Lal Wa SarJangal, La'l wa SarJangal.",Lal wa Sarjangal,2108,La'l wa SarJangal,Lal Wa Sarjangal,2307,Lal Wa Sarjangal,2307,لعل و سر جنگل,لعل و سر جنگل,
,Ghor,Pasaband.,Pasaband,2107,Pasaband,Pasaband,2305,Pasaband,2305,پسا بند,پسا بن,
,Ghor,"Saghar, Sagher.",Saghar,2110,Saghar,Saghar,2310,Saghar,2310,ساغر,ساغر,
,Ghor,Shahrak.,Shahrak,2105,Shahrak,Shahrak,2306,Shahrak,2306,شهرک,شهرک,
,Ghor,"Taywara, Taywarah, Taiwara, Taywaraha.",Taywarah,2106,Taywarah,Taywarah,2308,Taywarah,2308,تیوره,تيورى,
,Ghor,"Tulak, Tolak.",Tolak,2109,Tulak,Tolak,2309,Tolak,2309,تولک,تولک,
,Helmand,"Baghran.  (Nawamish is part of Baghran in the 399, 401, and 407 district sets, but is a temporary district in the 422 set.)",Baghran,3211,Baghran,Baghran,3012,Baghran,3012,باغران,باغران,
,Helmand,"Dishu, Deh-e-shu, Disho.",Deh-e-shu,3213,Dishu,Desho,3013,Desho,3013,دیشو,ديشو,
,Helmand,"Garm Ser, Darwishan, Garmser.",Garmser,3209,Garm Ser,Garmser,3006,Garmser,3006,گرم سیر,گرم سير,
,Helmand,Kajaki.,Kajaki,3210,Kajaki,Kajaki,3010,Kajaki,3010,کجکی,کجکی,
,Helmand,"Lashkargah, Lashkar Gah.",Lashkargah,3201,Lashkar Gah,Lashkargah,3001,Lashkargah,3001,لشکر گاه,لشکر گاه,
,Helmand,"Marja.  (Marja is part of Nad Ali in the 399 district sets, but separate in the 407 set.  It is a temporary district in the 422 set.)",[not in 399 set],NA,Marja,[not in the Permanent 399 set],NA,Marja,3014,مارجه,مارجی,
,Helmand,"Musa Qala, Musaqalah.",Musaqalah,3206,Musa Qal'ah,Mosa Qala,3009,Mosa Qala,3009,موسی قلعه,موسی قلعه,
,Helmand,"Nad Ali, Nad-e-Ali, Nad 'Ali, Nadali. (Marja is part of Nad Ali in the 399 district set.)",Nad-e-Ali,3203,Nad 'Ali,Nad-e-Ali,3002,Nad-e-Ali,3002,نادعلی,نادعلی,
,Helmand,"Nahr-i-Saraj, Gerishk, Greshk.",Nahr-e-Saraj,3202,Nahr-e Saraj,Nahr-e-Saraj,3004,Nahr-e-Saraj,3004,نهر سراج,نهر سراج,ګرشک‎
,Helmand,"Nawa-i-Barikzayi, Nawa-e-Barakzaiy, Nawah-ye-Barakzai, Nawa, Shamalan.  (There is also a Nawa district in Ghazni.)",Nawa-e-Barakzaiy,3204,Nawah-ye-Barakzai,Nawa-e-Barakzaiy,3003,Nawa-e-Barakzaiy,3003,ناوه بارکزائی,ناوۀ بارکزائی,
,Helmand,"Nawamish, Nawamesh, Nawa Mesh.  (Nawamish is part of Baghran in the 399 and 407 district sets, but as a temporary district in the 422 set.)",[not in 399 set],NA,[not in 407 set],[not in the Permanent 399 set],NA,Nawa-i-Mesh,3015,ناوه  میش,ناوه  میش,
,Helmand,"Nawzad, Now Zad.",Nawzad,3207,Now Zad,Nawzad,3007,Nawzad,3007,نوزاد,نوزا,
,Helmand,"Reg-e-Khan Nishin, Reg, Khan Neshin.  (There is also a Reg, or Registan, in Kandahar.)",Reg,3212,Reg-e Khan Neshin,Reg,3011,Reg,3011,ریگ خان نشین,ريگ  خان نشين,ریگ
,Helmand,Sangin.,Sangin,3205,Sangin,Sangen,3008,Sangen,3008,سنگین,سنگين,
,Helmand,"Washer, Washir.",Washer,3208,Washer,Washer,3005,Washer,3005,واشیر,واشير,
,Herat,Adraskan.,Adraskan,3010,Adraskan,Adraskan,3209,Adraskan,3209,ادرسکن,ادرسکن,
,Herat,"Chishti Sharif, Chisht-e-Sharif, Khwaja Chist.",Chisht-e-Sharif,3016,Chisht-e Sharif,Chisht-e-Sharef,3216,Chisht-e-Sharef,3216,چشت شریف,چشت شريف,
,Herat,"Enjil, Injil.",Injil,3002,Injil,Injel,3202,Injel,3202,انجیل,انجيل,
,Herat,Farsi.,Farsi,3011,Farsi,Farsi,3215,Farsi,3215,فرسی,فرسی,
,Herat,"Ghoryan, Ghorian.",Ghoryan,3009,Ghorian,Ghoryan,3211,Ghoryan,3211,غوریان,غوريان,
,Herat,"Gulran, Golran.",Gulran,3008,Gulran,Gulran,3208,Gulran,3208,گلران,گلران,
,Herat,"Guzera, Nizam-i- Shahid, Gozara, Guzarah.",Guzara,3005,Guzarah,Guzara,3203,Guzara,3203,گذره,گذرى,نظام شهید
,Herat,Herat.,Herat,3001,Herat,Hirat,3201,Hirat,3201,هرات,هرات,
,Herat,"Karrukh, Karukh.",Karukh,3007,Karrukh,Karukh,3204,Karukh,3204,کرخ,کرخ,
,Herat,"Koh-i-Zor, Kozeor.  (Koh-i-Zor is part of Shindand in the 399 and 407 sets.)",[not in 399 set],NA,[not in 407 set],[not in the Permanent 399 set],NA,Koh-i-Zor,3219,کیه زور,کوه ایور,
,Herat,"Kohsan, Kehsan, Kashan.",Kohsan,3014,Kohsan,Kohsan,3213,Kohsan,3213,کهسان,کهسان,
,Herat,"Kushk, Rubat-i-Sangi, Rabat Sangi.",Kushk,3003,Kushk,Kushk,3207,Kushk,3207,کُشک,کشک,رباط سنگی
,Herat,"Kushk-i-Kuhna, Kushk-e-Kohna, Kashak Kohna, Koshk-e Kohna.",Kushk-e-Kohna,3013,Kushk-e Kuhnah,Kushk-e-Kuhna,3210,Kushk-e-Kuhna,3210,کشک کهنه,کشک کهنه,
,Herat,"Obe, Oba, Obeh.",Obe,3012,Obeh,Obi,3212,Obi,3212,اوبه,اوبه,
,Herat,"Pashtun Zarghun, Pashtoon Zarghoon, Pashtunzarghun.",Pashtunzarghun,3006,Pashtun Zarghun,Pashton Zarghon,3206,Pashton Zarghon,3206,پشتون زرغون,پشتون زرغون,
,Herat,"Pusht-i-Koh, Pusht-e-Koh, Pusht Koh, Poshtko.  (Pusht-e Koh is part of Shindand in the 399 and 407 sets. It is a temporary district of the 422 set.)",[not in 399 set],NA,[not in 407 set],[not in the Permanent 399 set],NA,Pusht-i-Koh,3218,پشت کوه,پشت کوه,
,Herat,"Shindand, Sabzwar, Esfezar.  (The original Shindand is reported in the 399 and 407 sets.  Shindand is reported as a permanent district in the AGCHO 2018 set.  Some copies of the 422 set incorrectly report it as both a permanent and a temporary district).",Shindand,3015,Shindand,Shindand,3214,Shindand,3214,شیند ند,شينن,/ شينډنډ‎
,Herat,"Zawol, Zewal.  (Zawol is part of Shindand in the 399 and 407 sets, but is a ""temporary"" district in the 422 set.)",[not in 399 set],NA,[not in 407 set],[not in the Permanent 399 set],NA,Zawol,3220,زاول,زول,
,Herat,"Zendahjan, Zindajan, Zinda Jan.",Zindajan,3004,Zindah Jan,Zindajan,3205,Zindajan,3205,زنده جان,زنده جان,
,Herat,"Zer-i-Koh, Zerko.  (Zer-i Koh is part of Shindand in the 399 and 407 sets.  It is a temporary district in the 422 set.)",[not in 399 set],NA,[not in 407 set],[not in the Permanent 399 set],NA,Zer-i-Koh,3217,زیرکوه,زیرکوه,
,Jowzjan,"Aqchah, Aqcha.",Aqcha,2707,Aqchah,Aqcha,2807,Aqcha,2807,آقچه,اقچى,
,Jowzjan,Darzab.,Darzab,2711,Darzab,Darzab,2811,Darzab,2811,درزآب,درزاب,
,Jowzjan,"Faizabad, Fayzabad, Faiz Abad.  (There is also a Faiz Abad district in Badakhshan.)",Fayzabad,2705,Faizabad,Fayzabad,2808,Fayzabad,2808,فیض آباد,فيض آبا,
,Jowzjan,"Khamyab, Khamab, Kham Aab, Khamaab.",Khamyab,2710,Khamyab,Khamyab,2806,Khamyab,2806,خمیاب,خمياب,
,Jowzjan,"Khanaqa, Khaniqa.",Khanaqa,2706,Khanaqa,Khanaqa,2803,Khanaqa,2803,خانقا ه,خانقاه,
,Jowzjan,"Khwajadukoh, Khwaja Dukoh, Khwajah Do Koh, Kohja Dukoh.",Khwajadukoh,2703,Khwajah Do Koh,Khwaja Dukoh,2802,Khwaja Dukoh,2802,خواجه دوکوه,خواجه دوكوه,
,Jowzjan,"Mardyan, Mardian, Murdian.",Mardyan,2708,Mardian,Mardyan,2809,Mardyan,2809,مردیان,مرديان,
,Jowzjan,"Mingajik, Mangajek.",Mingajik,2702,Mingajik,Mingajek,2804,Mingajek,2804,منگجک,منگجک,
,Jowzjan,"Qarqin, Qarqeen.",Qarqin,2709,Qarqin,Qarqen,2810,Qarqen,2810,قرقین,قرقين,
,Jowzjan,"Qush Tepa, Qushtepa, Qushtipa.",Qushtepa,2704,Qush Tepah,Qoshtepa,2805,Qoshtepa,2805,قوش تیپه,قوش تيپى,
,Jowzjan,"Sheberghan, Shiberghan, Shibirghan.",Shiberghan,2701,Shibirghan,Shiberghan,2801,Shiberghan,2801,شبر غان,شبر غان,
,Kabul,"Bagrami.  (There is also a Bagram in Parwan. The airfield is in Baghram of Parwan, not Baghrami.)",Bagrami,0107,Bagrami,Bagrami,0104,Bagrami,0104,بگرامی,بگراميو,
,Kabul,"Chahar Asyab, Chaharasyab, Char Asyab, Char Asiab.",Chaharasyab,0105,Chahar Asyab,Chah Arasyab,0103,Chah Arasyab,0103,چهارآسیاب,چهار اسياب,
,Kabul,"DehSabz, Deh-e Sabz, Deh Sabz, Dih Sabz.",Dehsabz,0102,Deh-e Sabz,Deh Sabz,0105,Deh Sabz,0105,ده سبز,ده سبز,
,Kabul,"Estalef, Estalif, Istalif, Istalef.",Estalef,0114,Istalif,Istalif,0113,Istalif,0113,استالف,استالف,
,Kabul,"Farza, Farzah.",Farza,0115,Farzah,Farza,0112,Farza,0112,فرزه,فرزى,
,Kabul,"Guldara, Gul Dara, Gul Darah, Guldra.",Guldara,0111,Gul Darah,Guldara,0111,Guldara,0111,گلدره,گلدرى,
,Kabul,Kabul. ,Kabul,0101,Kabul,Kabul,0101,Kabul,0101,كابل,كابل,
,Kabul,Kalakan.,Kalakan,0109,Kalakan,Kalakan,0110,Kalakan,0110,کلکان,كلكان,
,Kabul,"Khak-e-Jabar, Khak-i-Jabar, Khak Jabar, Khaki Jabbar.",Khak-e-Jabbar,0112,Khak-e Jabar,Khak-e-Jabar,0109,Khak-e-Jabar,0109,خاک جبار,خاك جبار,
,Kabul,"Mir Bacha Kot, Mirbachakot.",Mirbachakot,0110,Mir Bacha Kot,Mir Bacha kot,0108,Mir Bacha kot,0108,میربچه کوت,مير بچه كوټ,
,Kabul,"Musahi, Musayi, Musahi, Mussahi.",Musayi,0106,Musahi,Mosahi,0107,Mosahi,0107,موسهی,موسهي,
,Kabul,Paghman.,Paghman,0104,Paghman,Paghman,0102,Paghman,0102,پغمان,پغمان,
,Kabul,"Qara Bagh, Qarahbagh, Qarabagh.  (There is also a Qara Bagh district in Ghazni.)",Qarabagh,0108,Qarah Bagh,Qarabagh,0114,Qarabagh,0114,قره باغ,قره باغ,
,Kabul,"Shakar Dara, Shakardara.",Shakardara,0103,Shakar Darah,Shakardara,0106,Shakardara,0106,شکردره,شكردرى,
,Kabul,"Surubi, Sarobi, Sorubi, Sarubi, Surobi.  (There is also a Surubi in Paktika.)",Surobi,0113,Sarobi,Surobi,0115,Surobi,0115,سروبی,سروبي,
,Kandahar,Arghandab.  (There is also an Argandab in Zabul.),Arghandab,3302,Arghandab,Arghandab,2702,Arghandab,2702,ارغنداب,ارغنداب,
,Kandahar,"Arghistan, Argestan.",Arghestan,3312,Arghistan,Arghistan,2708,Arghistan,2708,ارغستان,آرغستان,
,Kandahar,Daman.,Daman,3305,Daman,Daman,2703,Daman,2703,دامان,دامان,
,Kandahar,"Dand.  (There is also a Dand Patan district in Paktia.  Dand is part of the Kandahar capital district in both 399 sets, but separate in the 407 and a temporary district in the 422 set.)",[not in 399 set],NA,Dand,[not in the Permanent 399 set],NA,Dand,2717,دند,ډ ڼ,
,Kandahar,Ghorak.,Ghorak,3315,Ghorak,Ghorak,2709,Ghorak,2709,غورک,غورک,
,Kandahar,"Kandahar, Qandahar.  (Dand is part of the Kandahar capital district in both 399 sets.)",Kandahar,3301,Kandahar,Kandahar,2701,Kandahar,2701,کندهار,کندهار,
,Kandahar,"Khakrez, Khakriz.",Khakrez,3307,Khakrez,Khakrez,2707,Khakrez,2707,خاکریز,خاکريز,
,Kandahar,"Maiwand, Maywand.",Maywand,3308,Maiwand,Maywand,2710,Maywand,2710,میوند,ميون,
,Kandahar,"Maruf, Ma'ruf, Maroof.",Maruf,3316,Ma'ruf,Marof,2715,Marof,2715,معروف,معروف,
,Kandahar,"Miyanishin, Miyanshin, Miyaneshin, Mya Nishin, Myan-e-Sheen.",Miyanshin,3313,Mya Nishin,Miyanshen,2713,Miyanshen,2713,میانشین,ميانشين,
,Kandahar,"Nesh, Nish.",Nesh,3314,Nesh,Nesh,2712,Nesh,2712,نیش,نيش,
,Kandahar,"Panjwayee, Panjwayi, Panjwa'i, Panjwai.",Panjwayi,3304,Panjwa'i,Panjwayi,2704,Panjwayi,2704,پنجوائی,پنجوائی,
,Kandahar,"Reg, Registan.  (There is also a Reg-e Khan Neshin, in Kandahar, and a Ragistan in Badakhshan.)",Reg,3309,Registan,Reg,2716,Reg,2716,ریگ,ريگ,
,Kandahar,"Shah Wali Kot, Shahwalikot, Shah Walikot..",Shahwalikot,3306,Shah Wali Kot,Shah Wale Kot,2706,Shah Wale Kot,2706,شاه ولی کوت,شاه ولی کوټ,
,Kandahar,"Shorabak.  (There is also a military base named Shorabak, formerly Camp Bastion, in Washir, Helmand.)",Shorabak,3310,Shorabak,Shorabak,2714,Shorabak,2714,شورابک,شورابک,
,Kandahar,"Spin Boldak, Spinboldak.  (Takhta Pul is part of Spin Boldak in the 399 an 407 sets.)",Spinboldak,3311,Spin Boldak,Spen Boldak,2711,Spen Boldak,2711,سپین بولدک,سپين بولدک,
,Kandahar,"Takhta Pul, Shegah.  (Takhta Pul was part of Spin Boldak in the 399 an 407 sets.  It is a temporary district in the 422 set.)",[not in 399 set],NA,[not in 407 set],[not in the Permanent 399 set],NA,Takhtapul,2718,تخته پل,تخته پل,
,Kandahar,"Zhire, Zheray, Zhari, Zari, Zherai.",Zheray,3303,Zharey,Zhiray,2705,Zhiray,2705,ژیړی,ژړی,
,Kapisa,"Alasai, Ala Say, Alasay.",Alasay,0206,Alah Say,Alasay,0207,Alasay,0207,اله سای,اله ساي,
,Kapisa,"Hissa-e-Awali Kohistan, Hisah-e Awal-e Kohistan, Kohistan Awal, Kohistani Awal.  (There is also a Hissa-e-Duwumi Kohistan in Kapisa, a Kohistan in Badakhshan, another Kohistan in Faryab, and Kohistanat in Saripul.)",Hisa-e-Awal-e-Kohestan,0207,Hisah-e Awal-e Kohistan,Hisa-e-Awal-e-Kohistan,0204,Hisa-e-Awal-e-Kohistan,0204,حصه اول کوهستان,حصۀ اول كوهستان,
,Kapisa,"Hissa-e-Duwumi Kohistan, Hisah-e Dowum-e Kohistan, Kohistan-I-Duwum.  (There is also a Hissa-e-Awali Kohistan in Kapisa, a Kohistan in Badakhshan, another Kohistan in Faryab, and a Kohistanat in Saripul.)",Hisa-e-Duwum-e-Kohestan,0204,Hisah-e Dowum-e Kohistan,Hisa-e-Duwum-e-Kohistan,0202,Hisa-e-Duwum-e-Kohistan,0202,حصه دوم کوهستان,حصۀ دوم كوهستان,
,Kapisa,"Koh Band, Kohband.",Kohband,0203,Koh Band,Kohband,0203,Kohband,0203,کوه بند,كوه بن,
,Kapisa,"Mahmood Raqi, Mahmudi Raqi, Mahmud-e-Raqi.",Mahmud-e-Raqi,0201,Mahmud-e Raqi,Mahmod-e-Raqi,0201,Mahmod-e-Raqi,0201,محمودراقی,محمودراقی,
,Kapisa,"Nijrab, Nejrab.",Nejrab,0202,Nejrab,Nijrab,0205,Nijrab,0205,نجراب,نجراب,
,Kapisa,Tagab.,Tagab,0205,Tagab,Tagab,0206,Tagab,0206,تگاب,تگاب,
,Khost,"Baak, Bak.",Bak,2612,Bak,Bak,1409,Bak,1409,باک,باک,
,Khost,Gurbuz.,Gurbuz,2607,Gurbuz,Gurbuz,1403,Gurbuz,1403,گربز,گربزو,
,Khost,"Jaji Maidan, Jajimaydan, Jaji, Zazi Maidan, Zazi, Zazai.",Jajimaydan,2613,Jaji Maidan,Jaji Maydan,1413,Jaji Maydan,1413,جاجی میدان,ځاځی ميدان,
,Khost,"Khost, Matun.",Khost,2601,Khost,Maton,1401,Maton,1401,خوست,خوست,متون
,Khost,"Manduzay, Esmayel Khil, Mandozayi, Manduzai, Ismail Khel, Mando Zayi.",Mandozayi,2605,Manduzai,Mandozayi,1402,Mandozayi,1402,مندوزائی,مندوزائی,اسمعیل خیل
,Khost,"Musa Khel, Musakhel, Musakhil.",Musakhel,2603,Musa Khel,Mosa Khel,1405,Mosa Khel,1405,موسی خیل,موسی خيلو,
,Khost,"Nadir Shah Kot, Nadirshahkot.",Nadirshahkot,2604,Nadir Shah Kot,Nadir Shah Kot,1406,Nadir Shah Kot,1406,نادرشاه کوت,نادر شاه کوټ,
,Khost,Qalandar.,Qalandar,2609,Qalandar,Qalandar,1410,Qalandar,1410,قلندر,قلندر,
,Khost,"Sabari, Sabaro, Yaqubi.",Sabari,2602,Sabari,Sabari,1407,Sabari,1407,صبری,صبریو,یعقو بی
,Khost,"Shamul, Shamal.",Shamal,2610,Shamul,Shamal,1412,Shamal,1412,شمل,شمل,
,Khost,"Spera, Sperah.",Spera,2611,Sperah,Spera,1411,Spera,1411,سپیره,سپيرى,
,Khost,"Tanay, Tani.",Tani,2606,Tanai,Tani,1404,Tani,1404,تنی,تڼيو,
,Khost,"Tirzayee, Terezayi, Tere Zayi, Ali Sher, Alisher.",Terezayi,2608,Tirzayee,Tirezayi,1408,Tirezayi,1408,تیرزائی,تيرزائی,علیشیر
,Kunar,"Asad Abad, Asadabad.",Asadabad,1301,Asadabad,Asadabad,1501,Asadabad,1501,اسعد آباد,اسعآباد,
,Kunar,"Bar Kunar, Bar Konar, Barkunar, Asmar.",Barkunar,1311,Bar Kunar,Barkunar,1508,Barkunar,1508,بر کنر,بر کنړ,/ اسمار‎
,Kunar,"Chapa Dara, Chapah Darah, Chapadara.",Chapadara,1313,Chapah Darah,Chapadara,1513,Chapadara,1513,چپه دره,چپه درى,
,Kunar,Dangam.,Dangam,1310,Dangam,Dangam,1512,Dangam,1512,دانگام,دانگام,
,Kunar,"Dara-e-Pech, Dara-I-Pech, Darah-ye Pech, Pech Dara, Mano Gai, Manogai, Manogay.",Dara-e-Pech,1307,Darah-ye Pech,Dara-e-Pech,1507,Dara-e-Pech,1507,دره پیچ,درۀ پيچ,
,Kunar,"Ghazi Abad, Ghaziabad.",Ghaziabad,1312,Ghaziabad,Ghaziabad,1511,Ghaziabad,1511,غازی اباد,غازی آبا,
,Kunar,"Khas Kunar, Khaskunar, Khas.",Khaskunar,1309,Khas Kunar,Khas Kunar,1510,Khas Kunar,1510,خاص کنر,خاص کنړ,
,Kunar,"Marawara, Marwara.",Marawara,1305,Marawara,Marawara,1502,Marawara,1502,مروره,مرورى,
,Kunar,"Narang Wa Badil, Narang.",Narang,1303,Narang,Narang,1504,Narang,1504,نرنگ وبادیل,نرنگ و باديل,
,Kunar,"Nari, Naray.",Nari,1315,Nari,Nari,1515,Nari,1515,ناری,ناری,نرئی
,Kunar,"Noorgal, Nurgal.",Nurgal,1314,Nurgal,Norgal,1514,Norgal,1514,نورگل,نورگل,
,Kunar,"Sar Kani, Sarkani, Sarkano.",Sarkani,1304,Sar Kani,Sarkani,1505,Sarkani,1505,سرکانی,سرکاڼی,
,Kunar,"Sawkai, Sowkay, Chawkai, Chowkay, Chawkey, Tsokey, Sewki.",Chawkay,1308,Tsowkey,Chawkay,1509,Chawkay,1509,څوکی,څوکی,
,Kunar,"Sheltan, Soltan.  (The Shigal and the Sheltan areas are combined as Shigal wa Sheltan in the 399 and 407 sets.  Sheltan is temporary district in the 422 set.)",[not in 399 set],NA,[not in 407 set],[not in the Permanent 399 set],NA,Sheltan,1516,شلتن,شيگل,
,Kunar,"Shigal, Shigal wa Sheltan. (The Shigal and the Sheltan areas are combined as ""Shigal wa Sheltan"" in the 407 both of the 399 sets.  The rump district in the All 422 set is just ""Shigal"".  Sheltan is a temporary district in the 422 set.)",Shigal wa Sheltan,1306,Shigal wa Sheltan,Shegal Wa Shiltan,1506,Shegal,1506,شیگل,شيگل,
,Kunar,"Watapoor, Watahpur, Watapur.",Watapur,1302,Watahpur,Watapor,1503,Watapor,1503,وته پور,وټه پورى,
,Kunduz,"Ali Abad, Aliabad.",Aliabad,1705,Aliabad,Aliabad,1903,Aliabad,1903,علی آباد,علی آبا,
,Kunduz,Aqtash.  (Aqtash is part of Khan Abad in the 399 and 407 sets.  It is a temporary district of the 422 set),[not in 399 set],NA,[not in 407 set],[not in the Permanent 399 set],NA,Aqtash,1910,اقتاش,اقتاش,
,Kunduz,"Kalbad, Calbad, Galbad, Qulbad.  (Kalbad is part of Imam Sahib in the 399 and 407 sets.  It is a temporary district in the 422 set.)",[not in 399 set],NA,[not in 407 set],[not in the Permanent 399 set],NA,Kalbad,1908,کلباد,کلبا,
,Kunduz,"Chahar Darah, Chardarah, Chardara.",Chardarah,1704,Chahar Darah,Chardarah,1902,Chardarah,1902,چهاردره,چهاردرى,
,Kunduz,"Dasht-e-Archi, Dasht-i-Archi.",Dasht-e-Archi,1707,Dasht-e Archi,Dasht-e-Archi,1906,Dasht-e-Archi,1906,دشت ارچی,دشت ارچی,
,Kunduz,"Gultipa, Gurtepa, Goltipa.  (Originally Gur Tepa, or Tomb Hill, but rebranded as Gultipa, Flower Hill.  Gurtipa is part of the Kunduz capital district in the 399 and 407 sets.   It is a temporary district in the 422 set.)",[not in 399 set],NA,[not in 407 set],[not in the Permanent 399 set],NA,Gurtipa,1909,گل تیپه,گل تیپه,گور تپا
,Kunduz,"Imam Sahib, Hazrati Imam Sahib, Emamsaheb, Emam Sahib.  Imam Sahib includes Galbad in the 399 and 407 sets.  Galbad is a temporary district in the 422 set.)",Emamsaheb,1702,Imam Sahib,Imam Sahib,1905,Imam Sahib,1905,حضرت امام صاحب,حضرت امام صاحب,امام صاحب
,Kunduz,"Khan Abad, Khanabad.  (Khan Abad includes Aqtash in the 399 and 407 sets.  Aqtash is a temporary district in the 422 set.)",Khanabad,1706,Khanabad,Khanabad,1904,Khanabad,1904,خان آباد,خان آبا,
,Kunduz,"Kunduz, Konduz.  (The Kunduz capital district includes Gul Tipa in the 399 and 407 sets.)",Kunduz,1701,Kunduz,Kunduz,1901,Kunduz,1901,کندز,کندز,
,Kunduz,"Qala-e-Zal, Qala-i-Zal, Qal'ah-ye Zal.",Qala-e-Zal,1703,Qal'ah-ye Zal,Qala-e-Zal,1907,Qala-e-Zal,1907,قلعه ذال,قلعۀ ذال,
,Laghman,"Alingar, Ali Negar, Alinegar.",Alingar,0704,Alingar,Alingar,0704,Alingar,0704,علینگار,علينگار,
,Laghman,"Alishing, Alisheng.",Alishang,0702,Alisheng,Alishang,0703,Alishang,0703,علیشینگ,عليشينگ,
,Laghman,"Bad Pash, Badpash, Bad Pakh, Badpakh, Bad Pakh Shaitan.  (Bak Pash is part of Mehterlam in the 399 sets, but separate in the 407 set.  It is a temporary district of the 422 set.)",[not in 399 set],NA,Bad Pash,[not in the Permanent 399 set],NA,Badpakh,0706,باد پښ,باپښ,
,Laghman,"Dawlat Shah, Dawlatshah.  (There is also a Dawlatyar in Ghor, a Dawlatabad in Balkh, and another Dawlat Abad in Faryab.)",Dawlatshah,0705,Dowlat Shah,Dawlatshah,0705,Dawlatshah,0705,دولت شاه,دولت شاه,
,Laghman,"Mehterlam, Mehtarlam, Mehtar Lam, Meterlam (incorrect).  (Bak Pash is part of Mehterlam in the 399 set.)",Mehtarlam,0701,Mehtar Lam,Mihtarlam,0701,Mihtarlam,0701,مهترلام,مهترلام,
,Laghman,"Qarghayee, Ghani Khel, Qarghayi, Qarghah'i, Ghanikhel, Ghanikhil.  (There is also a Ghani Khel (aka Shinwar) district in Nangarhar.)",Qarghayi,0703,Qarghah'i,Qarghayi,0702,Qarghayi,0702,قرغه ئی,قرغه ئی,غنی خيل
,Logar,Azra.,Azra,0507,Azrah,Azra,0507,Azra,0507,ازره,ازرى,
,Logar,"Baraki Barak, Barakibarak, Barak-e-Barak.",Barakibarak,0504,Baraki Barak,Baraki Barak,0502,Baraki Barak,0502,برکی برک,بركي برك,
,Logar,"Charkh, Tchark.",Charkh,0505,Charkh,Charkh,0503,Charkh,0503,چرخ,چرخ,
,Logar,Kharwar.,Kharwar,0506,Kharwar,Kharwar,0506,Kharwar,0506,خروار,خروار,
,Logar,"Khushi, Khoshi.",Khoshi,0502,Khoshi,Khoshi,0504,Khoshi,0504,خوشی,خوشی,
,Logar,"Mohammad Agha, Mohammadagha.",Mohammadagha,0503,Muhammad Aghah,Muhammad Agha,0505,Muhammad Agha,0505,محمد آغه,محمداغى,
,Logar,"Puli Alam, Pul-e-Alam, Pul-i-Alam.",Pul-e-Alam,0501,Puli Alam,Pul-e-Alam,0501,Pul-e-Alam,0501,پل علم,پل علم,
,Nangarhar,"Achen, Achin, Acheen, Achine.  (Spingar is part of Achin in the 399 and 407 sets, but is a temporary district in the 422 set.)",Achin,0617,Achin,Achen,0615,Achen,0615,اچین,اچين,
,Nangarhar,"Bati Kot, Batikot.",Batikot,0615,Bati Kot,Batikot,0609,Batikot,0609,بتی کوت,بټی کوټ,
,Nangarhar,"Behsud, Bihsud, Behsod.  (There is a Markaz-e-Behsud district, and a Hise-e-Awal-e-Behsud district, both in Wardak.",Behsud,0602,Behsud,Bihsod,0602,Bihsod,0602,بهسود,بهسوو,
,Nangarhar,Chaparhar.,Chaparhar,0605,Chaparhar,Chaparhar,0604,Chaparhar,0604,چپرهار,چپرهار,
,Nangarhar,"Darah-e-Noor, Dara-e-Nur, Darah-ye-Nur, Dara Nur.",Dara-e-Nur,0609,Darah-ye-Nur,Dara-e-Nor,0612,Dara-e-Nor,0612,دره نور,درۀ نور,
,Nangarhar,"Deh Bala, Dehbala, Haska Mina, Haska Mena.",Dehbala,0613,Deh Bala,Dehbala,0610,Dehbala,0610,ده بالا,ده بالا,هسکه مېنه
,Nangarhar,"Dur Baba, Durbaba.",Durbaba,0622,Dur Baba,Durbaba,0622,Durbaba,0622,دربابا,در بابا,
,Nangarhar,Goshta.,Goshta,0616,Goshtah,Goshta,0614,Goshta,0614,گوشته,گوشتى,
,Nangarhar,"Hesarak, Hisarak, Hesarak Ghaljai.",Hesarak,0610,Hisarak,Hisarak,0621,Hisarak,0621,حصارک,حصارک,
,Nangarhar,"Jalalabad, Djalalabad.",Jalalabad,0601,Jalalabad,Jalalabad,0601,Jalalabad,0601,جلال آباد,جلال آباد,
,Nangarhar,"Kama, Kamah.",Kama,0607,Kamah,Kama,0605,Kama,0605,کامه,کامى,
,Nangarhar,"Khugyani, Khogyani, Khogiani.",Khogyani,0604,Khugyani,Khogyani,0608,Khogyani,0608,خوگیانی,خوگياڼی,
,Nangarhar,Kot.,Kot,0614,Kot,Kot,0613,Kot,0613,کوت,کوټ,
,Nangarhar,"Kuzkunar, Kuz Kunar, Khewa.",Kuzkunar,0608,Kuz Kunar,Kozkunar,0606,Kozkunar,0606,کوزکنر,کوزکنړ,
,Nangarhar,"Lalpoor, Lalpur, La'lpur, Lalpor, Lal Pur.",Lalpur,0620,La'lpur,Lalpor,0618,Lalpor,0618,لعل پور,لعل پوري,
,Nangarhar,"Muhmand Dara, Mohmand Darah, Muhmand Dara, Mohmandara, Muhmanddara. (There is also Mohmand Dara valley in Achin.)",Muhmand Dara,0619,Mohmand Darah,Muhmand Dara,0617,Muhmand Dara,0617,مهمند دره,مهمندرى,
,Nangarhar,"Nazyan, Nazian, Naziyan.",Nazyan,0621,Naziyan,Nazyan,0620,Nazyan,0620,نازیان,نازيانو,
,Nangarhar,"Pachir Wa Agam, Pachiragam.",Pachieragam,0612,Pachir wa Agam,Pacher Agam,0611,Pacher Agam,0611,پچیر واگام,پچير واگام,
,Nangarhar,Rodat.,Rodat,0606,Rodat,Rodat,0607,Rodat,0607,رودات,روداتو,
,Nangarhar,"Sher Zad, Sherzad, Shir Zad, Shirzad.",Sherzad,0611,Sherzad,Sherzad,0619,Sherzad,0619,شیرزاد,شيرزا,
,Nangarhar,"Shinwar, Ghanikhel, Ghani Kahil.  (There is also a Ghani Khel (aka  Qarghayee) district in Laghman.)",Shinwar,0618,Shinwar,Shenwar,0616,Shenwar,0616,شینوار,شينوارو,غنی خيل
,Nangarhar,"Spinghar, Spin Ghar, Spingar,   (Spinghar district is part of Achin in the 399 and 407 sets.  Spingar is a temporary district in the 422 set.)",[not in 399 set],NA,[not in 407 set],[not in the Permanent 399 set],NA,Spinghar,0623,سپین غر,سپين غر,
,Nangarhar,"Surkh Rud, Surkhrud, Surkh Rod, Surkhrod, Sorkh Roud.",Surkhrod,0603,Surkh Rod,Surkhrod,0603,Surkhrod,0603,سرخرود,سرخرو,
,Nimroz,Chakhansur,Chakhansur,3404,Chakhansur,Chakhansor,3403,Chakhansor,3403,اصل چخانسور,اصل چخانسور,
,Nimroz,"Char Burjak, Chahar Burjak, Charburjak.",Charburjak,3403,Chahar Burjak,Char Burjak,3404,Char Burjak,3404,چاربرجک,چاربرجک,
,Nimroz,"Dilaram, Delaram.  (Dilaram is part of Kashrod in the 399 district set.  Dilaram is separate in the 407 set.  It is a temporary district in the 422 set.)",[not in 399 set],NA,Delaram,[not in the Permanent 399 set],NA,Dilaram,3406,دلارام,دلارام,
,Nimroz,"Kang, Qafak.",Kang,3402,Kang,Kang,3402,Kang,3402,کنگ,کنگ,
,Nimroz,"Khashrod, Khash Rod, Khash Rud, Khashrud.  (Dilaram is part of Kashrod in the 399 set.)",Khashrod,3405,Khash Rod,Khashrod,3405,Khashrod,3405,خا شرود,خا شرو,
,Nimroz,Zaranj.,Zaranj,3401,Zaranj,Zaranj,3401,Zaranj,3401,زرنج,زرنج,
,Nuristan,"Bargi Matal, Barg-i-Matal, Barg-e-Matal, Barg-e-Mataal, Bargromatal.",Barg-e-Matal,1408,Barg-e Matal,Barg-e-Matal,1608,Barg-e-Matal,1608,برگ متال,برگ مټال,
,Nuristan,"Duab, Do Ab, Du’ab.",Duab,1403,Do Ab,Doab,1605,Doab,1605,دواب,دوآب,
,Nuristan,"Kamdesh, Kamdish.",Kamdesh,1407,Kamdesh,Kamdesh,1606,Kamdesh,1606,کامدیش,کامديش,
,Nuristan,Mandol.,Mandol,1402,Mandol,Mandol,1607,Mandol,1607,مندول,منډول,
,Nuristan,"Noor Gram, Noorgram, Nurgeram, Norgram, Nurgram, Nangarage.",Nurgeram,1404,Nurgaram,Nor Giram,1604,Nor Giram,1604,نورگرام,نورگرام,
,Nuristan,"Paroon, Paron, Poruns, Parun, Parune, Prasun.",Poruns,1401,Parun,Paron,1601,Paron,1601,پارون,پارون,
,Nuristan,Wama.,Wama,1405,Wama,Wama,1603,Wama,1603,واما,واما,
,Nuristan,"Waygal, Want Wagal, Wegal, Want Wegal.",Waygal,1406,Waygal,Waygal,1602,Waygal,1602,وایگل,وايگل,
,Paktia,"Shwak, Shawak, Showak.",Shawak,1205,Shwak,Shawak,1304,Shawak,1304,شواک,شواک,
,Paktia,"Ahmadabad, Ahmad Abad, Ahmadaba.",Ahmadaba,1203,Ahmadabad,Ahmadabad,1302,Ahmadabad,1302,احمد اباً,احماباُ,
,Paktia,"Dand Patan, Dand wa Patan, Dand-e Patan.  (There is also a Dand district in Kandahar.)",Dand wa Patan,1211,Dand Patan,Dand wa Patan,1311,Dand wa Patan,1311,دند پتان,ډنډ پټان,
,Paktia,Garda Siray.  (Garda Siray is part of Waze Zadran in the 399 and 407 sets.  It is a temporary district in the 422 set.),[not in 399 set],NA,[not in 407 set],[not in the Permanent 399 set],NA,Garda Siray,1314,گرده څیړی,گرده څیړی,
,Paktia,Gardez.,Gardez,1201,Gardez,Gardez,1301,Gardez,1301,گردیز,گردیز,
,Paktia,"Jaji, Jaji Maidan, Zazi, Zazi Aryob, Alikhel, Ali Khel, Aryoub Zazai.",Alikhel,1208,Jaji,Jaji,1307,Jaji,1307,جاجی,ځاځی,علی خیل
,Paktia,"Jani Khel, Janikhel.  (There is also a Jani Khel in Paktika.)",Janikhel,1209,Jani Khel,Jani Khel,1309,Jani Khel,1309,جانی خیل,جانی خيلو,
,Paktia,"Laja Ahmad Khel, Ahmadkhel, Ahmad Khel.  (Laja Ahmad Khel includes Laja Mangal in both of the 399 sets, but not the 407 or 422 sets.)",Lija Ahmad Khel,1207,Lajah Ahmad Khel,Lija Ahmadkhel,1308,Lija Ahmadkhel,1308,لجه احمد خیل,لجه احمخيل,
,Paktia,"Laja Mangel, Laja Mangal, Lazha Mangal.  (The Laja Mangel area is included in Laja Ahmad Khel in both 399 sets.  Laja Mangal is separate in the 407 set.  It is temporary district in the 422 set.)",[not in 399 set],NA,Lajah Mangal,[not in the Permanent 399 set],NA,Lija Mangal,1312,لجه منگل,لجه منگل,
,Paktia,"Mirzaka, Mirzakah, Meer Zaka.  (Mirzaka is part of Sayyid Karam in the 399 set.  It is a separate district in the 407 set, and a temporary district in the 422 set.)",[not in 399 set],NA,Mirzakah,[not in the Permanent 399 set],NA,Merzaka,1313,میر زکه,میرزکه,
,Paktia,"Rohany Baba, Rohani Baba.  (Rohany Baba is part of Zurmat in the 399 and 407 sets. It is a temporary district in the 422 set.)",[not in 399 set],NA,[not in 407 set],[not in the Permanent 399 set],NA,Rohani Baba,1315,روحانی بابا,روحانی بابا,
,Paktia,"Samkani, Chamkani, Chamkani, Tchamkani, Tsamkani, Samkani, Samkanai.",Chamkani,1210,Tsamkani,Chamkani,1310,Chamkani,1310,څمكنى,څمکنیو,
,Paktia,"There is also a Sayyad district in Sar-e-Pul, a Sayyid Khel in Parwan, and a Sayyid Abad district in Wardak.  (Mirzaka is part of Sayyid Karam in the 399 sets, but split off in the others.)",Sayedkaram,1202,Sayyid Karam,Sayed Karam,1306,Sayed Karam,1306,سید کرم,سيکرم,
,Paktia,"Wuza Zadran, Zadran, Dzadran,.  (Garda Siray is part of Waze Zadran in the 399 and 407 sets, but separate in the 422 set.)",Zadran,1206,Dzadran,Zadran,1305,Zadran,1305,وزه ځدران,وزى ځدران,حّدران
,Paktia,"Zurmat, Zormat.  (Zurmat includes Rohany Baba in the 399 and 407 sets, but not in the 422 set.)",Zurmat,1204,Zurmat,Zurmat,1303,Zurmat,1303,زرمت,زرمت,
,Paktika,"Barmal, Bermel, Barmel, Bermal.",Bermel,2515,Bermal,Birmil,1214,Birmil,1214,برمل,برمل,
,Paktika,"Dila Wa Khushamand, Dila, Dilah, Khushamand.",Dila,2518,Dilah,Dela,1216,Dela,1216,دیله وخوشا مند,ديله وخوشا من,دیله
,Paktika,"Giyan, Gayan, Gyan.",Gyan,2516,Giyan,Gyan,1215,Gyan,1215,گیان,گيان,
,Paktika,"Gomal, Gumal.  (Chaharbaran is part of Gomal in these district sets, but is often refered to as a district.)",Gomal,2508,Gomal,Gomal,1208,Gomal,1208,گومل,گومل,
,Paktika,"Jani Khel, Janikhel.  (There is also a Jani Khel in Paktia.)",Janikhel,2512,Jani Khel,Janikhel,1209,Janikhel,1209,جانی خیل,جانی خيلو,
,Paktika,"Mata Khan, Matakhan, Mota Khan.",Matakhan,2502,Mota Khan,Matakhan,1202,Matakhan,1202,متا خان,مټا خان,
,Paktika,"Nika, Neka, Naka.",Naka,2511,Nikeh,Neka‌‎‌‎‌‎‌‎,1213,Neka‌‎‌‎‌‎‌‎,1213,نیکه,نيکه,
,Paktika,"Omna, Omnah.",Omna,2507,Omnah,Omna,1206,Omna,1206,اومنه,اومنى,
,Paktika,"Sar Rawza, Sar Hawza, Sarrawzah, Sarhawzah, Sar Hawzeh.",Sarrawzah,2504,Sar Rawza,Sar Rawzah,1205,Sar Rawzah,1205,سرروضه,سرروضى,
,Paktika,"Sharan, Sharana.",Sharan,2501,Sharan,Sharan,1201,Sharan,1201,شرن,شرن,
,Paktika,"Surubi, Sarobi, Sorubi, Sarubi, Surobi.  (There is also a Sorubi district in Kabul province.)",Sarobi,2509,Sarobi,Sarobi,1210,Sarobi,1210,سروبی,سروبی,
,Paktika,"Turwo, Tarwe, Terwa, Turwa.",Turwo,2519,Turwo,Turwo,1219,Turwo,1219,تروو,تروو,
,Paktika,"Urgoon, Urgun.",Urgun,2510,Urgun,Urgun,1211,Urgun,1211,ارگون,ارگون,
,Paktika,"Wazakhwah, Waza Khwa, Wazah Khwah, Wazi Khwa.",Wazakhah,2513,Wazah Khwah,Wazakhah,1217,Wazakhah,1217,وازه خواه,وازه خواه,
,Paktika,"Wormamay, Wur Mamay, Wormamai, Wormami, Wor Mamay.",Wormamay,2514,Wur Mamay,Wormamay,1218,Wormamay,1218,ورممی,وړممی,
,Paktika,"Yahya Khel, Yahyakhel, Yahya Khail.",Yahyakhel,2506,Yahya Khel,Yahya khel,1204,Yahya khel,1204,یحیی خیل,يحيی خيلو,
,Paktika,"Yosuf Khel, Yosufkhel.",Yosufkhel,2503,Yosuf Khel,Yosuf Khel,1203,Yosuf Khel,1203,یوسف خیل,يوسف خيلو,
,Paktika,"Zarghun Shahr, Khair Kot, Katawaz, Zarghunshahr.",Zarghunshahr,2505,Zarghun Shahr,Zarghon Shahr,1207,Zarghon Shahr,1207,زرغون شهر,زرغون شهر,خير کوټ / کټواز‎
,Paktika,"Ziruk, Zeruk, Zerok, Zirok.",Ziruk,2517,Ziruk,‌‌Zerok‌‎‌‎‌‎,1212,‌‌Zerok‌‎‌‎‌‎,1212,زیروک,زيړوک,
,Panjsher,"Abshar, Ab Shar.  (Abshar is part of Darah in the 399 sets, but is separate in 407 set, and is a temporary district of the 422 set.)",[not in 399 set],NA,Abshar,[not in the Permanent 399 set],NA,Abshar,0808,آبشار,ابشار,
,Panjsher,Bazarak.,Bazarak,0801,Bazarak,Bazarak,0801,Bazarak,0801,بازارک,بازارک,
,Panjsher,"Darah, Dara.  (Abshar is part of Darah in the 399 sets, but not the others.)",Dara,0804,Darah,Dara,0803,Dara,0803,دره,دره,
,Panjsher,"Khinj, Khanj, Hissa-e-Awal Panjsher.",Khenj,0805,Khinj,Khinj,0804,Khinj,0804,حصه اول,د حصه اول,خینج
,Panjsher,"Paryan, Parian.",Paryan,0807,Parian,Paryan,0807,Paryan,0807,پریان,پريان,
,Panjsher,"Rukha, Rokha.",Rukha,0803,Rukhah,Rukha,0802,Rukha,0802,رخه,رخه,
,Panjsher,Shutul.,Shutul,0802,Shutul,Shutul,0806,Shutul,0806,شتل,شتل,
,Panjsher,"Unaba, Anawa, Anaba, Hisa-e-Char Panjshir.",Onaba,0806,Unabah,Onaba,0805,Onaba,0805,عنابه,عنابه,
,Parwan,Bagram.,Bagram,0304,Bagram,Bagram,0302,Bagram,0302,بگرام,بگرام,
,Parwan,Charikar.,Charikar,0301,Charikar,Charekar,0301,Charekar,0301,چاریکار,چاریکار,
,Parwan,"Jabulussaraj, Jabal Saraj, Jabal us Saraj.",Jabalussaraj,0302,Jabul us Saraj,Jabalussaraj,0305,Jabalussaraj,0305,جبل السراج,جبل السراج,
,Parwan,"Koh-e-Safi, Koh Safi.",Koh-e-Safi,0308,Koh-e Safi,Koh-e-Safi,0308,Koh-e-Safi,0308,کوه صافی,كوه صافي,
,Parwan,Salang.,Salang,0306,Salang,Salang,0306,Salang,0306,سالنگ,سالنگ,
,Parwan,"Sayyid Khel, Saydkhel. There is also a Sayyad district in Sar-e-Pul, a Sayyid Karam in Paktia, and a Sayyid Abad district in Wardak.",Saydkhel,0305,Sayyid Khayl,Sayd Khel,0304,Sayd Khel,0304,سید خیل,سيخيل,
,Parwan,"Shaykh Ali, Sheikh Ali, Shekhali, Shaykh 'Ali.",Shekhali,0309,Shaykh 'Ali,Shekh Ali,0310,Shekh Ali,0310,شیخ علی,شيخ علي,
,Parwan,Shinwari.  (There is also a Shinwar district in Nangarhar.),Shinwari,0303,Shinwari,Shenwari,0303,Shenwari,0303,شینواری,شينوارى,
,Parwan,"Sia Gird, Siagird, Ghorband.",Ghorband,0307,Siahgird,Ghorband,0307,Ghorband,0307,سیاه گرد,سيا گرد,غوربند
,Parwan,"Surkh Parsa, Surkhi Parsa, Surkh-e-Parsa, Surkhe Parsa, Surkh-o Parsa, Lolinge, Lowlenge.",Surkh-e-Parsa,0310,Surkhi Parsa,Surkh-e-Parsa,0309,Surkh-e-Parsa,0309,سرخ پارسا,سرخ پارسا,
,Samangan,"Aybak, Aibak.",Aybak,1901,Aibak,Aybak,2001,Aybak,2001,ایبک,ایبک,
,Samangan,"Dara-e-Soof-e-Bala, Darah-ye-Suf-e Bala, Darah-e-Souf-e Bala, Dara-i-Sauf Bala.",Dara-e Suf-e-Bala,1905,Darah-ye-Suf-e Bala,Dara-e Sof-e-Bala,2007,Dara-e Sof-e-Bala,2007,دره صوف بالا,درۀ صوف بالا,
,Samangan,"Dara-e-Soof-i-Payin, Darah-ye-Suf-e Pa'in, Dara-e-Sof-e-Payin, Dara-e-Souf-e-Payan, Dara-i-Sauf Paeen.",Dara-e-Suf-e-Payin,1904,Darah-ye-Suf-e Pa'in,Dara-e-Sof-e-Payin,2006,Dara-e-Sof-e-Payin,2006,دره صوف پائین,درۀ صوف پائين,
,Samangan,"Feroz Nakhcheer, Feroznakhchir, Feroz Nakhchir.",Feroznakhchir,1903,Fayroz Nakhchir,Feroz Nakhcher,2004,Feroz Nakhcher,2004,فیروز نخچیر,فيروز نخچير,
,Samangan,"Hazrat-e-Sultan, Hazrat Sultan.",Hazrat-e-Sultan,1902,Hazrat-e-Sultan,Hazrat-e-Sultan,2002,Hazrat-e-Sultan,2002,حضرت سلطان,حضرت سلطان,
,Samangan,"Khuram Wa Sarbagh,Khuram wa Sar Bagh, Khuram Sarbagh.",Khuram Wa Sarbagh,1906,Khuram wa Sar Bagh,Khuram Wa Sarbagh,2003,Khuram Wa Sarbagh,2003,خرم و سارباغ,خرم و سارباغ,
,Samangan,"Rui-Do-Ab, Ruy-e-Duab, Ruy Do Ab, Rui Doab, Doab.",Ruy-e-Duab,1907,Ruy Do Ab,Roy-e-Doab,2005,Roy-e-Doab,2005,روی دواب,روي دوآب,
,Saripul,Balkhab.,Balkhab,2006,Balkhab,Balkhab,2207,Balkhab,2207,بلخا ب,بلخا ب,
,Saripul,Gosfandi.,Gosfandi,2005,Gosfandi,Gosfandi,2206,Gosfandi,2206,گوسفندی,گوسفندی,
,Saripul,"Kohistanat.  (There are Kohistan districts in both Badakhshan and Faryab. There is a Hissa-e-Awali Kohistan, and a Hissa-e Duome Kohistan, both in Kapisa.)",Kohestanat,2003,Kohistanat,Kohistanat,2203,Kohistanat,2203,کوهستانات,کوهستانات,
,Saripul,"Sancharak, Sangcharak.",Sancharak,2007,Sancharak,Sancharak,2205,Sancharak,2205,سانچارک,سانچارک,
,Saripul,"Sar-e-Pul, Saripul, Saripol, Sar-i-Pol.",Sar-e-Pul,2001,Sar-e Pul,Sar-e-Pul,2201,Sar-e-Pul,2201,سرپل,سرپل,
,Saripul,"Sayyad, Sayad.  (There is also a Sayyid Khel district in Parwan, a Sayyid Karam in Paktika, and a Sayyid Abad district in Wardak.)",Sayad,2002,Sayad,Sayad,2202,Sayad,2202,صیاد,صيا,
,Saripul,"Sozma Qala, Sozmaqala, Sozmah Qal'ah.",Sozmaqala,2004,Sozmah Qal'ah,Sozma Qala,2204,Sozma Qala,2204,سوزمه قلعه,سوزمه قلعه,
,Takhar,Baharak.  (There is also a Baharak in Badakhshan.),Baharak,1603,Baharak,Baharak,1803,Baharak,1803,بهارک,بهارک,
,Takhar,"Bangi, Bangi Qala.",Bangi,1604,Bangi,Bangi,1804,Bangi,1804,بنگی,بنگی,
,Takhar,"Chahab, Chah Ab, Cha-e-Ab, Chahi Ab.",Chahab,1610,Chah Ab,Chahab,1816,Chahab,1816,چاه آب,چاه آب,
,Takhar,Chal.,Chal,1605,Chal,Chal,1805,Chal,1805,چال,چال,
,Takhar,Darqad.,Darqad,1617,Darqad,Darqad,1815,Darqad,1815,درقد,درق,
,Takhar,"Dashti Qala, Dasht-i-Qala, Dasht-e-Qala,, Dasht-e Qal'ah.",Dasht-e-Qala,1613,Dasht-e Qal'ah,Dasht-e-Qala,1812,Dasht-e-Qala,1812,دشت قلعه,دشت قلعه,
,Takhar,"Eshkamesh, Ishkamish.  (There is also an Eshkashim district in Badakhshan.)",Eshkamesh,1615,Ishkamish,Ishkmish,1811,Ishkmish,1811,اشکمش,اشکمش,
,Takhar,Farkhar.,Farkhar,1607,Farkhar,Farkhar,1808,Farkhar,1808,فرخار,فرخار,
,Takhar,"Hazar Sumuch, Hazarsumuch, Hazar Sumoch.",Hazarsumuch,1602,Hazar Sumuch,Hazarsumoch,1802,Hazarsumoch,1802,هزار سموچ,هزار سموچ,
,Takhar,Kalafgan.,Kalafgan,1608,Kalafgan,Kalafgan,1807,Kalafgan,1807,کلفگان,کلفگان,
,Takhar,"Khwaja Bahawuddin, Khwajabahauddin, Khwaja Bahauddin.",Khwajabahawuddin,1612,Khwaja Bahawuddin,Khwaja Bahawuddin,1814,Khwaja Bahawuddin,1814,خواجه بهاوالدین,خواجه بهاوالدين,
,Takhar,"Khwaja Ghar, Khwajaghar, Khoja Ghor.",Khwajaghar,1614,Khwaja Ghar,Khwaja Ghar,1809,Khwaja Ghar,1809,خواجه غار,خواجه غار,
,Takhar,"Namak Ab, Namakab.",Namakab,1606,Namak Ab,Namak Ab,1806,Namak Ab,1806,نمک آب,نمک آب,
,Takhar,"Rustaq, Rostak.",Rostaq,1609,Rustaq,Rustaq,1810,Rustaq,1810,رستاق,رستاق,
,Takhar,"Taluqan, Taloqan.",Taloqan,1601,Taluqan,Taluqan,1801,Taluqan,1801,تالقان,تالقان,
,Takhar,Warsaj.,Warsaj,1616,Warsaj,Warsaj,1813,Warsaj,1813,ورسج,ورسج,
,Takhar,"Yangi Qala, Yangi Qal'ah.",Yangi Qala,1611,Yangi Qal'ah,Yangi Qala,1817,Yangi Qala,1817,ینگی قلعه,ينگی قلعه,
,Urozgan,"Chinarto, Chenarto, Chinar Tu.  (Chinarto is part of Chora in both 399 sets.  Chinarto is separate in the 407 set, and is a temporary district of the 422 set.)",[not in 399 set],NA,Chinartu,[not in the Permanent 399 set],NA,Chinarto,2507,چینارتو,چنارتو,
,Urozgan,"Chora, Chorah.  (Chora includes Chinarto in both 399 district sets.  The 407 and 422 sets show Chinarto split from Chora.)",Chora,2302,Chorah,Chora,2503,Chora,2503,چوره,چوره,
,Urozgan,"Dehraoud, Dehrawud, Deh Rud.",Dehrawud,2304,Deh Rawud,Dehrawud,2502,Dehrawud,2502,دهراود,دهراو,
,Urozgan,"Gizab, Gezab.  (See the Gizab row in the Daikundi section.  The 399 AGCHO and 407 RS / USFOR-A district sets show Gizab in Daikundi.  The 422 district set, and maybe the Permanent 399 AGCHO / ARAZI set, put Gizab in Urozgan.)  .",[see Daikundi],,[see Daikundi],[see Daikundi],,[see Daikundi],, eeS] [idnukiaD, eeS] [idnukiaD,
,Urozgan,"Khas Urozgan, Khasuruzgan, Khas Oruzgan.",Khasuruzgan,2305,Khas Uruzgan,Khas Uruzgan,2505,Khas Uruzgan,2505,خاص ارزگان,خاص ارزگان,
,Urozgan,"Shahidi Hassas, Shaidi Assas, Charchino, Char China.  (Sia Sang is included in Shahidi Hassas in all district sets, but some consider it to be a district.)",Shahid-e-Hassas,2303,Shahidi Hassas,Shahed-e-Hassas,2504,Shahed-e-Hassas,2504,شهید حساس,شهيحساس,
,Urozgan,"Tirinkot, Tirin Kot, Tarinkot.",Tirinkot,2301,Tirin Kot,Tirenkot,2501,Tirenkot,2501,انتخاب کردن,انتخاب کردن,
,Wardak,"Chak-e-Wardak, Chak-i-Wardad, Chak.",Chak,0406,Chak-e Wardak,Chak,0404,Chak,0404,چک وردک,چک وردک,
,Wardak,"Daimirdad, Daymirdad, Day Mirdad.",Daymirdad,0405,Daimirdad,Daymerdad,0406,Daymerdad,0406,دایمیرداد,دايميردا,
,Wardak,"Hissa-e-Awal-e-Behsud, Hesa-e Awal-e Behsud, Hisa-i-Awal-i Bihsud.  (There is also a Markazi Behsud in Wardak, and a Behsud in Nangarhar.)",Hesa-e-Awal-e-Behsud,0404,Hisah-e Awal-e Behsud,Hisa-e-Awal-e-Bihsod,0407,Hisa-e-Awal-e-Bihsod,0407,حصه اول بهسود,حصۀ اول بهسو,
,Wardak,"Jaghatu, Jaghato.  (There is also a Jaghatu district in Ghazni.)",Jaghatu,0409,Jaghatu,Jaghato,0408,Jaghato,0408,جغتو,جغتو,
,Wardak,"Jalrez, Jalrayz.",Jalrez,0402,Jalrayz,Jalrez,0403,Jalrez,0403,جلریز,جلريز,
,Wardak,"Maidan Shahr, Maydan Shahr, Maydanshahr.",Maydanshahr,0401,Maidan Shahr,Maydanshahr,0401,Maydanshahr,0401,میدان شهر,میدان شهر,
,Wardak,"Markaz-e-Behsud, Markaz-i-Bihsud.  (There is also a Hisa-e-Awal-e-Behsud district in Wardak, and a Behsud district in Nangarhar.) ",Markaz-e-Behsud,0408,Markaz-e-Behsud,Markaz-e-Bihsod,0409,Markaz-e-Bihsod,0409,مرکز بهسود,مرکز بهسو,
,Wardak,Nerkh,Nerkh,0403,Nerkh,Nirkh,0402,Nirkh,0402,نرخ,نرخ,
,Wardak,"Sayyid Abad, Saydabad, Sayyidabad, Sayedabad.  (There is also a Sayyad district in Sar-e-Pul, a Sayyid Karam in Paktia, and a Sayyid Khel in Parwan.)",Saydabad,0407,Sayyidabad,Saydabad,0405,Saydabad,0405,سید آباد,سيآبا,
,Zabul,Arghandab.  (There is also an Arghandab in Kandahar.),Arghandab,2402,Arghandab,Arghandab,2605,Arghandab,2605,ارغنداب,ارغنداب,
,Zabul,Atghar.,Atghar,2409,Atghar,Atghar,2608,Atghar,2608,اتغر,اتغر,
,Zabul,"Daichopan, Daychopan, Day Chopan.",Daychopan,2408,Daichopan,Daychopan,2607,Daychopan,2607,دایچوپان,دايچوپان,
,Zabul,"Kakar, Khak-e-Afghan.",Kakar,2407,Kakar,Kakar,2611,Kakar,2611,کاکر,کاکړ,خاک افغان
,Zabul,Mizan.,Mizan,2403,Mizan,Mezan,2604,Mezan,2604,میزان,ميزان,
,Zabul,"Naw Bahar, Nawbahar.",Nawbahar,2411,Now Bahar,Naw Bahar,2609,Naw Bahar,2609,نو بهار,نو بهار,
,Zabul,Qalat.,Qalat,2401,Qalat,Qalat,2601,Qalat,2601,قلا ت,قلا ت,
,Zabul,"Shah Joi, Shahjoy, Shajoy, Shahjoi.",Shahjoy,2406,Shah Joi,Shahjoy,2606,Shahjoy,2606,شاه جوی,شاه جوی,
,Zabul,"Shemel Zayi, Shamalzai, Shomulzay, Shamulzai.",Shomulzay,2410,Shamulzai,Shumulzay,2610,Shumulzay,2610,شمل زائی,شمل زائی,
,Zabul,"Shinkai, Shinkay.  (There is also a Shinkai area in Kapisa.  The Surri (or Seuri, Sewray) area is included in Shinkai in all of these district sets, but many think of it as a district.)",Shinkay,2405,Shinkai,Shenkay,2603,Shenkay,2603,شینکی,شينکی,
,Zabul,"Tarnak wa Jaldak, Jeldak, Jaldak, Shahr-e-Safa, Shar-e-Safa.",Tarnak Wa Jaldak,2404,Tarnek wa Jaldak,Tarnak Wa Jaldak,2602,Tarnak Wa Jaldak,2602,ترنک و جلدک,تر نگ و جلدک,
,- End of List -,,,,,,,,,,,
,,,,,,,,,,,,
,Footnotes,,,,,,,,,,,
,"(1) Province name:  Province name using generally accepted transliterations.  This list follows the CSO in putting Gizab district in Urugzan, but the 399 sets have it in Daikundi.  ",,,,,,,,,,,
,,"(2) District names...  This column includes notes about district splits after the 399 district set of 2012, and the 24 new ""temporary"" districts they created by the time the 422 district map was issued in 2018.  The column also offers a variety of district names and spellings to help searches.  Some of the transliterations are poor, but common. ",,,,,,,,,,
,,,"(3) 399 AGCHO set:  The set was established and mapped by the Afghan government and mapped by AGCHO/AIMS in June 2005, but without Sharak-e-Hayratan.  It was updated by the AGCHO in 2012 with improved borders and the addition of  Sharak-e-Hayratan.  The 399 set is the one most commonly used in the aid community.  Sources: Afghanistan - Estimated Population 2016/2017, UN OCHA Afghanistan, 8/11/16. https://data.humdata.org/dataset/914eb41e-adbc-4b1b-9ab3-b3787f3c7191.  The corresponding boundary set: UNOCHA HDX website: https://data.humdata.org/dataset/afg-admin-boundaries ",,,,,,,,,
,,,,,(4) 407 district set: The 2012 set used by Resolute Support and USFOR-A in its control / security level reporting.  Source: Quarterly Report to the US Congress; SIGAR; April 30 2018  https://www.sigar.mil/pdf/quarterlyreports/2018-04-30qr.pdf   ,,,,,,,
,,,,,,"(5) 422 AGCHO / ARAZI set of 2018 is a digital map with 399 ""permanent"" districts, and 23 ""temporary"" ones, totaling 422.  The permanent ones are the same as the districts in the 399 AGCHO set of 2012, but with new codes and more accurate borders.  They cover the whole country and can be mapped without using the ""temporary"" districts.  The 23 ""temporary"" districts are newer ones split from their original ""permanent"" districts, but not yet ratified by the Majlis.   The ""All 422"" combines the two sets. See the ""422 AGCHO/ARAZI 2018"" tab for more background.   Sources: The AGCHO / ARAZI set: Afghan Admin. Map, Afg. Geodesy and Cartography Head Office, a unit of ARAZI, Kabul, 2018.   ",,,,,,
,,,,,,,,,,"(6) District name, Farsi:  Follows CSO, for the most part. [Not been validated.]",,
,,,,,,,,,,,"(7) District name, Pashto.  CSO for the most part.  [Not validated.]",
,,,,,,,,,,,,"(8) Alternate names, Farsi, Pashto."