"Shape_Leng","Shape_Area","ADM2_EN","ADM2_DA","ADM2_PCODE","ADM2_REF","ADM2ALT1EN","ADM2ALT2EN","ADM2ALT1DA","ADM2ALT2DA","ADM1_EN","ADM1_DA","ADM1_PCODE","ADM0_EN","ADM0_DA","ADM0_PCODE","date","validOn","ValidTo","REG_EN","REG_DA","REG_PCODE"
1.39355147702,0.0969382231073,"Ab Band","آب بند","AF1113",NA,NA,NA,NA,NA,"Ghazni","غزنی","AF11","Afghanistan","افغانستان","AF","2017/08/23","2018/05/22",NA,"South Eastern","جنوب ختیځه حوزه","SE"
2.21677846244,0.176803575513,"Ab Kamari","آب کمری","AF3102",NA,NA,NA,NA,NA,"Badghis","بادغیس","AF31","Afghanistan","افغانستان","AF","2017/08/23","2018/05/22",NA,"Western","لویدیځه حوزه","WR"
1.05583293437,0.045637775028,"Achin","اچین","AF0615",NA,NA,NA,NA,NA,"Nangarhar","ننگرهار","AF06","Afghanistan","افغانستان","AF","2017/08/23","2018/05/22",NA,"Eastern","ختیځه حوزه","ER"
7.04856731646,0.961620761042,"Adraskan","ادرسکن","AF3209",NA,NA,NA,NA,NA,"Hirat","هرات","AF32","Afghanistan","افغانستان","AF","2017/08/23","2018/05/22",NA,"Western","لویدیځه حوزه","WR"
1.15527402527,0.0405473710229,"Ahmadaba","احمد آبا","AF1302",NA,NA,NA,NA,NA,"Paktya","پکتیا","AF13","Afghanistan","افغانستان","AF","2017/08/23","2018/05/22",NA,"South Eastern","جنوب ختیځه حوزه","SE"
2.50819602919,0.147791217409,"Ajristan","اجرستان","AF1118",NA,NA,NA,NA,NA,"Ghazni","غزنی","AF11","Afghanistan","افغانستان","AF","2017/08/23","2018/05/22",NA,"South Eastern","جنوب ختیځه حوزه","SE"
0.828991983762,0.0298644064306,"Alasay","اله سای","AF0207",NA,NA,NA,NA,NA,"Kapisa","کاپیسا","AF02","Afghanistan","افغانستان","AF","2017/08/23","2018/05/22",NA,"Capital","مرکزی حوزه","CR"
0.962249433194,0.041907967833,"Ali Abad","علی آباد","AF1903",NA,NA,NA,NA,NA,"Kunduz","کندز","AF19","Afghanistan","افغانستان","AF","2017/08/23","2018/05/22",NA,"North Eastern","سهیل ختیځه حوزه","NE"
1.40885838047,0.080629083387,"Alingar","علینگار","AF0704",NA,NA,NA,NA,NA,"Laghman","لغمان","AF07","Afghanistan","افغانستان","AF","2017/08/23","2018/05/22",NA,"Eastern","ختیځه حوزه","ER"
1.26327080892,0.066063872706,"Alishang","علیشنگ","AF0703",NA,NA,NA,NA,NA,"Laghman","لغمان","AF07","Afghanistan","افغانستان","AF","2017/08/23","2018/05/22",NA,"Eastern","ختیځه حوزه","ER"
2.32396320781,0.158203937972,"Almar","المار","AF2904",NA,NA,NA,NA,NA,"Faryab","فاریاب","AF29","Afghanistan","افغانستان","AF","2017/08/23","2018/05/22",NA,"Northern","سهیلی حوزه","NR"
5.12401950703,1.01507508164,"Anar Dara","انار دره","AF3307",NA,NA,NA,NA,NA,"Farah","فراه","AF33","Afghanistan","افغانستان","AF","2017/08/23","2018/05/22",NA,"Western","لویدیځه حوزه","WR"
0.589701479835,0.017675968106,"Anawa","عنابه","AF0805",NA,"Onaba",NA,NA,NA,"Panjsher","پنجشیر","AF08","Afghanistan","افغانستان","AF","2017/08/23","2018/05/22",NA,"Capital","مرکزی حوزه","CR"
1.32105494644,0.0686672110195,"Andar","اندړ","AF1107",NA,NA,NA,NA,NA,"Ghazni","غزنی","AF11","Afghanistan","افغانستان","AF","2017/08/23","2018/05/22",NA,"South Eastern","جنوب ختیځه حوزه","SE"
1.771731067,0.101549844768,"Andarab","اندراب","AF0907",NA,"Banu",NA,NA,NA,"Baghlan","بغلان","AF09","Afghanistan","افغانستان","AF","2017/08/23","2018/05/22",NA,"North Eastern","سهیل ختیځه حوزه","NE"
0.987543274174,0.0380017249027,"Andkhoy","اندخوی","AF2913",NA,NA,NA,NA,NA,"Faryab","فاریاب","AF29","Afghanistan","افغانستان","AF","2017/08/23","2018/05/22",NA,"Northern","سهیلی حوزه","NR"
0.639597816202,0.0157291645113,"Aqcha","آقچه","AF2807",NA,NA,NA,NA,NA,"Jawzjan","جوزجان","AF28","Afghanistan","افغانستان","AF","2017/08/23","2018/05/22",NA,"Northern","سهیلی حوزه","NR"
2.30594593172,0.144609590901,"Arghandab","ارغنداب","AF2605",NA,NA,NA,NA,NA,"Zabul","زابل","AF26","Afghanistan","افغانستان","AF","2017/08/23","2018/05/22",NA,"Southern","جنوبی حوزه","SR"
1.10275724822,0.0520005706027,"Arghandab","ارغنداب","AF2702",NA,NA,NA,NA,NA,"Kandahar","کندهار","AF27","Afghanistan","افغانستان","AF","2017/08/23","2018/05/22",NA,"Southern","جنوبی حوزه","SR"
1.61767899927,0.07425506024,"Arghanj Khwah","ارغنچخواه","AF1703",NA,NA,NA,NA,NA,"Badakhshan","بدخشان","AF17","Afghanistan","افغانستان","AF","2017/08/23","2018/05/22",NA,"North Eastern","سهیل ختیځه حوزه","NE"
3.5153114184,0.3699839954,"Arghestan","ارغستان","AF2708",NA,NA,NA,NA,NA,"Kandahar","کندهار","AF27","Afghanistan","افغانستان","AF","2017/08/23","2018/05/22",NA,"Southern","جنوبی حوزه","SR"
1.97744858306,0.106834135047,"Argo","ارگو","AF1702",NA,NA,NA,NA,NA,"Badakhshan","بدخشان","AF17","Afghanistan","افغانستان","AF","2017/08/23","2018/05/22",NA,"North Eastern","سهیل ختیځه حوزه","NE"
0.554535940996,0.00834744135173,"Asad Abad","اسد آباد","AF1501",NA,"Centre",NA,NA,NA,"Kunar","کنر ها","AF15","Afghanistan","افغانستان","AF","2017/08/23","2018/05/22",NA,"Eastern","ختیځه حوزه","ER"
2.20229410625,0.152837772806,"Ashtarlay","اشترلی","AF2403",NA,"Ishterlai",NA,NA,NA,"Daykundi","دایکندی","AF24","Afghanistan","افغانستان","AF","2017/08/23","2018/05/22",NA,"Central Highland","لوړه مرکزی حوزه","CH"
1.24885547133,0.0477969508483,"Atghar","اتغر","AF2608",NA,NA,NA,NA,NA,"Zabul","زابل","AF26","Afghanistan","افغانستان","AF","2017/08/23","2018/05/22",NA,"Southern","جنوبی حوزه","SR"
1.9752225646,0.14932978006,"Aybak","ایبک","AF2001",NA,"Centre",NA,NA,NA,"Samangan","سمنگان","AF20","Afghanistan","افغانستان","AF","2017/08/23","2018/05/22",NA,"Northern","سهیلی حوزه","NR"
1.70248285592,0.0743835275146,"Azra","ازره","AF0507",NA,NA,NA,NA,NA,"Logar","لوگر","AF05","Afghanistan","افغانستان","AF","2017/08/23","2018/05/22",NA,"Capital","مرکزی حوزه","CR"
2.64223688787,0.260793484061,"Baghlan-e-Jadid","بغلان جدید","AF0905",NA,NA,NA,NA,NA,"Baghlan","بغلان","AF09","Afghanistan","افغانستان","AF","2017/08/23","2018/05/22",NA,"North Eastern","سهیل ختیځه حوزه","NE"
4.68634294363,0.372193763296,"Baghran","باغران","AF3012",NA,NA,NA,NA,NA,"Hilmand","هلمند","AF30","Afghanistan","افغانستان","AF","2017/08/23","2018/05/22",NA,"Southern","جنوبی حوزه","SR"
1.1101936966,0.0355699062476,"Bagram","بگرام","AF0302",NA,NA,NA,NA,NA,"Parwan","پروان","AF03","Afghanistan","افغانستان","AF","2017/08/23","2018/05/22",NA,"Capital","مرکزی حوزه","CR"
0.861447945322,0.0274475754372,"Bagrami","بگرامی","AF0104",NA,NA,NA,NA,NA,"Kabul","کابل","AF01","Afghanistan","افغانستان","AF","2017/08/23","2018/05/22",NA,"Capital","مرکزی حوزه","CR"
0.894332685682,0.0327655381158,"Baharak","بهارک","AF1706",NA,NA,NA,NA,NA,"Badakhshan","بدخشان","AF17","Afghanistan","افغانستان","AF","2017/08/23","2018/05/22",NA,"North Eastern","سهیل ختیځه حوزه","NE"
0.838238001275,0.0245950209756,"Baharak","بهارک","AF1803",NA,NA,NA,NA,NA,"Takhar","تخار","AF18","Afghanistan","افغانستان","AF","2017/08/23","2018/05/22",NA,"North Eastern","سهیل ختیځه حوزه","NE"
0.725050288439,0.0165857793127,"Bak","باک","AF1409",NA,NA,NA,NA,NA,"Khost","خوست","AF14","Afghanistan","افغانستان","AF","2017/08/23","2018/05/22",NA,"South Eastern","جنوب ختیځه حوزه","SE"
2.41298232176,0.231274996696,"Bakwa","بکواه","AF3308",NA,NA,NA,NA,NA,"Farah","فراه","AF33","Afghanistan","افغانستان","AF","2017/08/23","2018/05/22",NA,"Western","لویدیځه حوزه","WR"
4.6284408558,0.528299015447,"Bala Buluk","بالا بلوک","AF3306",NA,NA,NA,NA,NA,"Farah","فراه","AF33","Afghanistan","افغانستان","AF","2017/08/23","2018/05/22",NA,"Western","لویدیځه حوزه","WR"
4.30547079197,0.439906670533,"Bala Murghab","بالا مرغاب","AF3105",NA,NA,NA,NA,NA,"Badghis","بادغیس","AF31","Afghanistan","افغانستان","AF","2017/08/23","2018/05/22",NA,"Western","لویدیځه حوزه","WR"
1.01175337227,0.0545909110626,"Balkh","بلخ","AF2106",NA,NA,NA,NA,NA,"Balkh","بلخ","AF21","Afghanistan","افغانستان","AF","2017/08/23","2018/05/22",NA,"Northern","سهیلی حوزه","NR"
2.82032156631,0.295542528206,"Balkhab","بلخاب","AF2207",NA,NA,NA,NA,NA,"Sar-e-Pul","سرپل","AF22","Afghanistan","افغانستان","AF","2017/08/23","2018/05/22",NA,"Northern","سهیلی حوزه","NR"
2.12853305776,0.177110139806,"Bamyan","بامیان","AF1001",NA,"Centre",NA,NA,NA,"Bamyan","بامیان","AF10","Afghanistan","افغانستان","AF","2017/08/23","2018/05/22",NA,"Central Highland","لوړه مرکزی حوزه","CH"
1.30120361559,0.0607866576959,"Bangi","بنگی","AF1804",NA,NA,NA,NA,NA,"Takhar","تخار","AF18","Afghanistan","افغانستان","AF","2017/08/23","2018/05/22",NA,"North Eastern","سهیل ختیځه حوزه","NE"
0.684460775679,0.0166738729309,"Bar Kunar","برکنر","AF1508",NA,NA,NA,NA,NA,"Kunar","کنر ها","AF15","Afghanistan","افغانستان","AF","2017/08/23","2018/05/22",NA,"Eastern","ختیځه حوزه","ER"
0.834391607549,0.0266342326388,"Baraki Barak","برکی برک","AF0502",NA,NA,NA,NA,NA,"Logar","لوگر","AF05","Afghanistan","افغانستان","AF","2017/08/23","2018/05/22",NA,"Capital","مرکزی حوزه","CR"
2.17642969521,0.171134435119,"Barg-e-Matal","برگ متال","AF1608",NA,NA,NA,NA,NA,"Nuristan","نورستان","AF16","Afghanistan","افغانستان","AF","2017/08/23","2018/05/22",NA,"Eastern","ختیځه حوزه","ER"
1.85562230897,0.125032028454,"Barmal","برمل","AF1214",NA,NA,NA,NA,NA,"Paktika","پکتیکا","AF12","Afghanistan","افغانستان","AF","2017/08/23","2018/05/22",NA,"South Eastern","جنوب ختیځه حوزه","SE"
0.558514544499,0.0149440371028,"Bati Kot","بتی کوټ","AF0609",NA,NA,NA,NA,NA,"Nangarhar","ننگرهار","AF06","Afghanistan","افغانستان","AF","2017/08/23","2018/05/22",NA,"Eastern","ختیځه حوزه","ER"
0.943263139607,0.0342039145791,"Bazarak","بازارک","AF0801",NA,"Centre",NA,NA,NA,"Panjsher","پنجشیر","AF08","Afghanistan","افغانستان","AF","2017/08/23","2018/05/22",NA,"Capital","مرکزی حوزه","CR"
1.28331809014,0.030518460037,"Behsud","بهسود","AF0602",NA,NA,NA,NA,NA,"Nangarhar","ننگرهار","AF06","Afghanistan","افغانستان","AF","2017/08/23","2018/05/22",NA,"Eastern","ختیځه حوزه","ER"
2.36134122487,0.112226620615,"Bilcheragh","بلچراغ","AF2905",NA,NA,NA,NA,NA,"Faryab","فاریاب","AF29","Afghanistan","افغانستان","AF","2017/08/23","2018/05/22",NA,"Northern","سهیلی حوزه","NR"
1.60029857395,0.0838533132248,"Burka","بورکه","AF0910",NA,NA,NA,NA,NA,"Baghlan","بغلان","AF09","Afghanistan","افغانستان","AF","2017/08/23","2018/05/22",NA,"North Eastern","سهیل ختیځه حوزه","NE"
1.35230709043,0.0775337255393,"Chahab","چاه آب","AF1816",NA,NA,NA,NA,NA,"Takhar","تخار","AF18","Afghanistan","افغانستان","AF","2017/08/23","2018/05/22",NA,"North Eastern","سهیل ختیځه حوزه","NE"
0.807053109764,0.0252480068689,"Chahar Asyab","چهار آسیاب","AF0103",NA,NA,NA,NA,NA,"Kabul","کابل","AF01","Afghanistan","افغانستان","AF","2017/08/23","2018/05/22",NA,"Capital","مرکزی حوزه","CR"
1.96663234722,0.12242537075,"Chahar Darah","چهار دره","AF1902",NA,NA,NA,NA,NA,"Kunduz","کندز","AF19","Afghanistan","افغانستان","AF","2017/08/23","2018/05/22",NA,"North Eastern","سهیل ختیځه حوزه","NE"
1.86890317598,0.108588130967,"Chak-e-Wardak","چک","AF0404",NA,"Chak",NA,NA,NA,"Maidan Wardak","میدان وردک","AF04","Afghanistan","افغانستان","AF","2017/08/23","2018/05/22",NA,"Capital","مرکزی حوزه","CR"
5.29260535296,0.92771958736,"Chakhansur","چخانسور","AF3403",NA,"Asl-i-Chakhansur",NA,NA,NA,"Nimroz","نیمروز","AF34","Afghanistan","افغانستان","AF","2017/08/23","2018/05/22",NA,"Southern","جنوبی حوزه","SR"
1.05920418902,0.0328278270222,"Chal","چال","AF1805",NA,NA,NA,NA,NA,"Takhar","تخار","AF18","Afghanistan","افغانستان","AF","2017/08/23","2018/05/22",NA,"North Eastern","سهیل ختیځه حوزه","NE"
0.916152403289,0.0293429313219,"Chamkani","څمکنی","AF1310",NA,"Samkani",NA,NA,NA,"Paktya","پکتیا","AF13","Afghanistan","افغانستان","AF","2017/08/23","2018/05/22",NA,"South Eastern","جنوب ختیځه حوزه","SE"
1.14281797645,0.0592687519319,"Chapa Dara","چپه دره","AF1513",NA,NA,NA,NA,NA,"Kunar","کنر ها","AF15","Afghanistan","افغانستان","AF","2017/08/23","2018/05/22",NA,"Eastern","ختیځه حوزه","ER"
0.680761358172,0.0226452584005,"Chaparhar","چپر هار","AF0604",NA,NA,NA,NA,NA,"Nangarhar","ننگرهار","AF06","Afghanistan","افغانستان","AF","2017/08/23","2018/05/22",NA,"Eastern","ختیځه حوزه","ER"
1.55080793408,0.0520805420613,"Char Bolak","چار بولک","AF2111",NA,NA,NA,NA,NA,"Balkh","بلخ","AF21","Afghanistan","افغانستان","AF","2017/08/23","2018/05/22",NA,"Northern","سهیلی حوزه","NR"
5.93010866362,1.9428982069,"Char Burjak","چاربرجک","AF3404",NA,NA,NA,NA,NA,"Nimroz","نیمروز","AF34","Afghanistan","افغانستان","AF","2017/08/23","2018/05/22",NA,"Southern","جنوبی حوزه","SR"
0.988713437324,0.0264165826734,"Charikar","چاریکار","AF0301",NA,"Centre",NA,NA,NA,"Parwan","پروان","AF03","Afghanistan","افغانستان","AF","2017/08/23","2018/05/22",NA,"Capital","مرکزی حوزه","CR"
1.78333922103,0.108114561468,"Charkent","چار کنت","AF2104",NA,NA,NA,NA,NA,"Balkh","بلخ","AF21","Afghanistan","افغانستان","AF","2017/08/23","2018/05/22",NA,"Northern","سهیلی حوزه","NR"
0.806917535263,0.0278973142976,"Charkh","چرخ","AF0503",NA,NA,NA,NA,NA,"Logar","لوگر","AF05","Afghanistan","افغانستان","AF","2017/08/23","2018/05/22",NA,"Capital","مرکزی حوزه","CR"
2.14060256951,0.127940051604,"Charsadra","چار صد ره","AF2304",NA,NA,NA,NA,NA,"Ghor","غور","AF23","Afghanistan","افغانستان","AF","2017/08/23","2018/05/22",NA,"Western","لویدیځه حوزه","WR"
0.781672385021,0.0241395391044,"Chawkay","چوکی","AF1509",NA,"Sawkai",NA,NA,NA,"Kunar","کنر ها","AF15","Afghanistan","افغانستان","AF","2017/08/23","2018/05/22",NA,"Eastern","ختیځه حوزه","ER"
2.42844414893,0.18199223579,"Chemtal","چمتال","AF2108",NA,NA,NA,NA,NA,"Balkh","بلخ","AF21","Afghanistan","افغانستان","AF","2017/08/23","2018/05/22",NA,"Northern","سهیلی حوزه","NR"
3.02373453432,0.244750082806,"Chisht-e-Sharif","چشت شریف","AF3216",NA,NA,NA,NA,NA,"Hirat","هرات","AF32","Afghanistan","افغانستان","AF","2017/08/23","2018/05/22",NA,"Western","لویدیځه حوزه","WR"
3.60046642377,0.292260670004,"Chora","چوره","AF2503",NA,NA,NA,NA,NA,"Uruzgan","ارزگان","AF25","Afghanistan","افغانستان","AF","2017/08/23","2018/05/22",NA,"Southern","جنوبی حوزه","SR"
1.87659253166,0.145067351011,"Dahana-e-Ghori","دهنۀ غوری","AF0902",NA,NA,NA,NA,NA,"Baghlan","بغلان","AF09","Afghanistan","افغانستان","AF","2017/08/23","2018/05/22",NA,"North Eastern","سهیل ختیځه حوزه","NE"
4.42139417218,0.388346778249,"Daman","دامان","AF2703",NA,NA,NA,NA,NA,"Kandahar","کندهار","AF27","Afghanistan","افغانستان","AF","2017/08/23","2018/05/22",NA,"Southern","جنوبی حوزه","SR"
0.80512594645,0.0199065050032,"Dand Wa Patan","دند وپټان","AF1311",NA,NA,NA,NA,NA,"Paktya","پکتیا","AF13","Afghanistan","افغانستان","AF","2017/08/23","2018/05/22",NA,"South Eastern","جنوب ختیځه حوزه","SE"
0.749989595157,0.0200641993358,"Dangam","دانگام","AF1512",NA,NA,NA,NA,NA,"Kunar","کنر ها","AF15","Afghanistan","افغانستان","AF","2017/08/23","2018/05/22",NA,"Eastern","ختیځه حوزه","ER"
1.39422903539,0.0705669416048,"Dara","دره","AF0803",NA,NA,NA,NA,NA,"Panjsher","پنجشیر","AF08","Afghanistan","افغانستان","AF","2017/08/23","2018/05/22",NA,"Capital","مرکزی حوزه","CR"
0.647954413038,0.0254430234089,"Dara-e-Nur","دره نور","AF0612",NA,NA,NA,NA,NA,"Nangarhar","ننگرهار","AF06","Afghanistan","افغانستان","AF","2017/08/23","2018/05/22",NA,"Eastern","ختیځه حوزه","ER"
1.09823951524,0.054207396777,"Dara-e-Pech","دره پیچ","AF1507",NA,NA,NA,NA,NA,"Kunar","کنر ها","AF15","Afghanistan","افغانستان","AF","2017/08/23","2018/05/22",NA,"Eastern","ختیځه حوزه","ER"
3.52359195294,0.287820082341,"Dara-e-Suf-e-Bala","درۀ صوف بالا","AF2007",NA,NA,NA,NA,NA,"Samangan","سمنگان","AF20","Afghanistan","افغانستان","AF","2017/08/23","2018/05/22",NA,"Northern","سهیلی حوزه","NR"
2.12729769678,0.134151630955,"Dara-e-Suf-e-Payin","درۀ صوف پائین","AF2006",NA,NA,NA,NA,NA,"Samangan","سمنگان","AF20","Afghanistan","افغانستان","AF","2017/08/23","2018/05/22",NA,"Northern","سهیلی حوزه","NR"
1.29542620075,0.0566753353227,"Darayem","درایم","AF1707",NA,NA,NA,NA,NA,"Badakhshan","بدخشان","AF17","Afghanistan","افغانستان","AF","2017/08/23","2018/05/22",NA,"North Eastern","سهیل ختیځه حوزه","NE"
1.19763196983,0.0374177310864,"Darqad","درقد","AF1815",NA,NA,NA,NA,NA,"Takhar","تخار","AF18","Afghanistan","افغانستان","AF","2017/08/23","2018/05/22",NA,"North Eastern","سهیل ختیځه حوزه","NE"
1.30263606622,0.0477321120274,"Darzab","درز آب","AF2811",NA,NA,NA,NA,NA,"Jawzjan","جوزجان","AF28","Afghanistan","افغانستان","AF","2017/08/23","2018/05/22",NA,"Northern","سهیلی حوزه","NR"
1.2916304559,0.0872194698409,"Dasht-e-Archi","دشت ارچی","AF1906",NA,NA,NA,NA,NA,"Kunduz","کندز","AF19","Afghanistan","افغانستان","AF","2017/08/23","2018/05/22",NA,"North Eastern","سهیل ختیځه حوزه","NE"
0.949260504114,0.0333555478106,"Dasht-e-Qala","دشت قلعه","AF1812",NA,NA,NA,NA,NA,"Takhar","تخار","AF18","Afghanistan","افغانستان","AF","2017/08/23","2018/05/22",NA,"North Eastern","سهیل ختیځه حوزه","NE"
1.95101015011,0.166436325908,"Dawlat Abad","دولت آباد","AF2109",NA,NA,NA,NA,NA,"Balkh","بلخ","AF21","Afghanistan","افغانستان","AF","2017/08/23","2018/05/22",NA,"Northern","سهیلی حوزه","NR"
2.75265945287,0.27391217786,"Dawlat Abad","دولت آباد","AF2909",NA,NA,NA,NA,NA,"Faryab","فاریاب","AF29","Afghanistan","افغانستان","AF","2017/08/23","2018/05/22",NA,"Northern","سهیلی حوزه","NR"
1.33787884181,0.073325918804,"Dawlatshah","دولت شاه","AF0705",NA,NA,NA,NA,NA,"Laghman","لغمان","AF07","Afghanistan","افغانستان","AF","2017/08/23","2018/05/22",NA,"Eastern","ختیځه حوزه","ER"
2.02860544542,0.166898895365,"Dawlatyar","دولت یار","AF2303",NA,NA,NA,NA,NA,"Ghor","غور","AF23","Afghanistan","افغانستان","AF","2017/08/23","2018/05/22",NA,"Western","لویدیځه حوزه","WR"
2.39912989418,0.137308579932,"Dawraz-e-Bala","دروازبالا ( نیسی)","AF1727",NA,"Nusai",NA,NA,NA,"Badakhshan","بدخشان","AF17","Afghanistan","افغانستان","AF","2017/08/23","2018/05/22",NA,"North Eastern","سهیل ختیځه حوزه","NE"
1.88740018205,0.125949866717,"Dawraz-e-Payin","درواز پائین (ما می )","AF1722",NA,"Mai Mai","Dawraz",NA,NA,"Badakhshan","بدخشان","AF17","Afghanistan","افغانستان","AF","2017/08/23","2018/05/22",NA,"North Eastern","سهیل ختیځه حوزه","NE"
2.63702626044,0.157546238855,"Daychopan","دای چوپان","AF2607",NA,NA,NA,NA,NA,"Zabul","زابل","AF26","Afghanistan","افغانستان","AF","2017/08/23","2018/05/22",NA,"Southern","جنوبی حوزه","SR"
1.93394642933,0.0936284355924,"Daymirdad","دایمیرداد","AF0406",NA,NA,NA,NA,NA,"Maidan Wardak","میدان وردک","AF04","Afghanistan","افغانستان","AF","2017/08/23","2018/05/22",NA,"Capital","مرکزی حوزه","CR"
4.25969996143,0.846127212852,"Deh-e-Shu","دیشو","AF3013",NA,NA,NA,NA,NA,"Hilmand","هلمند","AF30","Afghanistan","افغانستان","AF","2017/08/23","2018/05/22",NA,"Southern","جنوبی حوزه","SR"
0.897873130588,0.0376597369386,"Deh Bala","ده بالا","AF0610",NA,"Haska Meyna",NA,NA,NA,"Nangarhar","ننگرهار","AF06","Afghanistan","افغانستان","AF","2017/08/23","2018/05/22",NA,"Eastern","ختیځه حوزه","ER"
1.01738438436,0.0454260348976,"Deh Sabz","ده سبز","AF0105",NA,NA,NA,NA,NA,"Kabul","کابل","AF01","Afghanistan","افغانستان","AF","2017/08/23","2018/05/22",NA,"Capital","مرکزی حوزه","CR"
1.04192947531,0.0451874293743,"Deh Salah","ده صلاح","AF0908",NA,NA,NA,NA,NA,"Baghlan","بغلان","AF09","Afghanistan","افغانستان","AF","2017/08/23","2018/05/22",NA,"North Eastern","سهیل ختیځه حوزه","NE"
1.15822969322,0.0702401885494,"Deh Yak","ده یک","AF1105",NA,NA,NA,NA,NA,"Ghazni","غزنی","AF11","Afghanistan","افغانستان","AF","2017/08/23","2018/05/22",NA,"South Eastern","جنوب ختیځه حوزه","SE"
0.743410952227,0.0260706651904,"Dehdadi","دهدادی","AF2103",NA,NA,NA,NA,NA,"Balkh","بلخ","AF21","Afghanistan","افغانستان","AF","2017/08/23","2018/05/22",NA,"Northern","سهیلی حوزه","NR"
2.42604284351,0.15418163133,"Dehrawud","دهراود","AF2502",NA,NA,NA,NA,NA,"Uruzgan","ارزگان","AF25","Afghanistan","افغانستان","AF","2017/08/23","2018/05/22",NA,"Southern","جنوبی حوزه","SR"
2.08038443276,0.147134512076,"Dila","دیله","AF1216",NA,"Dila Wa Khusamand",NA,NA,NA,"Paktika","پکتیکا","AF12","Afghanistan","افغانستان","AF","2017/08/23","2018/05/22",NA,"South Eastern","جنوب ختیځه حوزه","SE"
4.56387765173,0.455990767724,"DoLayna","دو لینه","AF2302",NA,NA,NA,NA,NA,"Ghor","غور","AF23","Afghanistan","افغانستان","AF","2017/08/23","2018/05/22",NA,"Western","لویدیځه حوزه","WR"
2.72976009388,0.193402844998,"Doshi","دوشی","AF0903",NA,NA,NA,NA,NA,"Baghlan","بغلان","AF09","Afghanistan","افغانستان","AF","2017/08/23","2018/05/22",NA,"North Eastern","سهیل ختیځه حوزه","NE"
1.31152185082,0.0558831332621,"Duab","دو آب","AF1605",NA,NA,NA,NA,NA,"Nuristan","نورستان","AF16","Afghanistan","افغانستان","AF","2017/08/23","2018/05/22",NA,"Eastern","ختیځه حوزه","ER"
0.787307715967,0.0273061216409,"Dur Baba","دُر بابا","AF0622",NA,NA,NA,NA,NA,"Nangarhar","ننگرهار","AF06","Afghanistan","افغانستان","AF","2017/08/23","2018/05/22",NA,"Eastern","ختیځه حوزه","ER"
2.54372858093,0.114568310254,"Eshkashem","اشکاشم","AF1723",NA,NA,NA,NA,NA,"Badakhshan","بدخشان","AF17","Afghanistan","افغانستان","AF","2017/08/23","2018/05/22",NA,"North Eastern","سهیل ختیځه حوزه","NE"
1.57284386902,0.0802696460777,"Eshkmesh","اشکمش","AF1811",NA,"Ishkamish",NA,NA,NA,"Takhar","تخار","AF18","Afghanistan","افغانستان","AF","2017/08/23","2018/05/22",NA,"North Eastern","سهیل ختیځه حوزه","NE"
0.519350045186,0.010793371733,"Estalef","استالف","AF0113",NA,NA,NA,NA,NA,"Kabul","کابل","AF01","Afghanistan","افغانستان","AF","2017/08/23","2018/05/22",NA,"Capital","مرکزی حوزه","CR"
3.87075248436,0.326498459427,"Farah","فراه","AF3301",NA,"Centre",NA,NA,NA,"Farah","فراه","AF33","Afghanistan","افغانستان","AF","2017/08/23","2018/05/22",NA,"Western","لویدیځه حوزه","WR"
1.85102785998,0.126305629642,"Farkhar","فرخار","AF1808",NA,NA,NA,NA,NA,"Takhar","تخار","AF18","Afghanistan","افغانستان","AF","2017/08/23","2018/05/22",NA,"North Eastern","سهیل ختیځه حوزه","NE"
2.47721387726,0.197520962722,"Farsi","فرسی","AF3215",NA,NA,NA,NA,NA,"Hirat","هرات","AF32","Afghanistan","افغانستان","AF","2017/08/23","2018/05/22",NA,"Western","لویدیځه حوزه","WR"
0.502622658606,0.00883464007361,"Farza","فرزه","AF0112",NA,NA,NA,NA,NA,"Kabul","کابل","AF01","Afghanistan","افغانستان","AF","2017/08/23","2018/05/22",NA,"Capital","مرکزی حوزه","CR"
1.24537777811,0.0501463743902,"Fayzabad","فیض آباد","AF1701",NA,"Centre",NA,NA,NA,"Badakhshan","بدخشان","AF17","Afghanistan","افغانستان","AF","2017/08/23","2018/05/22",NA,"North Eastern","سهیل ختیځه حوزه","NE"
1.97311249135,0.118994961942,"Fayzabad","فیض آباد","AF2808",NA,NA,NA,NA,NA,"Jawzjan","جوزجان","AF28","Afghanistan","افغانستان","AF","2017/08/23","2018/05/22",NA,"Northern","سهیلی حوزه","NR"
0.730622413648,0.0240959040479,"Fereng Wa Gharu","فرنگ وغارو","AF0915",NA,"Fereng",NA,NA,NA,"Baghlan","بغلان","AF09","Afghanistan","افغانستان","AF","2017/08/23","2018/05/22",NA,"North Eastern","سهیل ختیځه حوزه","NE"
6.62290523263,0.75832671223,"Feroz Koh","فیروزکوه","AF2301",NA,"Chagcharan","Centre",NA,NA,"Ghor","غور","AF23","Afghanistan","افغانستان","AF","2017/08/23","2018/05/22",NA,"Western","لویدیځه حوزه","WR"
1.40273985502,0.119206225508,"Feroz Nakhchir","فیروز نخچیر","AF2004",NA,NA,NA,NA,NA,"Samangan","سمنگان","AF20","Afghanistan","افغانستان","AF","2017/08/23","2018/05/22",NA,"Northern","سهیلی حوزه","NR"
1.47126764954,0.0688172725485,"Gardez","گردیز","AF1301",NA,"Centre",NA,NA,NA,"Paktya","پکتیا","AF13","Afghanistan","افغانستان","AF","2017/08/23","2018/05/22",NA,"South Eastern","جنوب ختیځه حوزه","SE"
6.13630542684,1.55930406832,"Garmser","گرم سیر","AF3006",NA,NA,NA,NA,NA,"Hilmand","هلمند","AF30","Afghanistan","افغانستان","AF","2017/08/23","2018/05/22",NA,"Southern","جنوبی حوزه","SR"
2.34062955223,0.185525384096,"Garzewan","گرزیوان","AF2908",NA,NA,NA,NA,NA,"Faryab","فاریاب","AF29","Afghanistan","افغانستان","AF","2017/08/23","2018/05/22",NA,"Northern","سهیلی حوزه","NR"
1.85309938118,0.106874796558,"Gelan","گیلان","AF1117",NA,NA,NA,NA,NA,"Ghazni","غزنی","AF11","Afghanistan","افغانستان","AF","2017/08/23","2018/05/22",NA,"South Eastern","جنوب ختیځه حوزه","SE"
1.12338116731,0.0555383148254,"Ghazi Abad","غازی آباد","AF1511",NA,NA,NA,NA,NA,"Kunar","کنر ها","AF15","Afghanistan","افغانستان","AF","2017/08/23","2018/05/22",NA,"Eastern","ختیځه حوزه","ER"
0.988982991575,0.0349328091362,"Ghazni","غزنی","AF1101",NA,"Centre",NA,NA,NA,"Ghazni","غزنی","AF11","Afghanistan","افغانستان","AF","2017/08/23","2018/05/22",NA,"South Eastern","جنوب ختیځه حوزه","SE"
2.08203918701,0.137250276732,"Ghorak","غورک","AF2709",NA,NA,NA,NA,NA,"Kandahar","کندهار","AF27","Afghanistan","افغانستان","AF","2017/08/23","2018/05/22",NA,"Southern","جنوبی حوزه","SR"
1.46985949571,0.0884171540096,"Ghorband","غوربند","AF0307",NA,"Syah Gird",NA,NA,NA,"Parwan","پروان","AF03","Afghanistan","افغانستان","AF","2017/08/23","2018/05/22",NA,"Capital","مرکزی حوزه","CR"
2.21399501657,0.193556149995,"Ghormach","غورماچ","AF3107",NA,NA,NA,NA,NA,"Badghis","بادغیس","AF31","Afghanistan","افغانستان","AF","2017/08/23","2018/05/22",NA,"Western","لویدیځه حوزه","WR"
4.71483325256,0.711014595027,"Ghoryan","غوریان","AF3211",NA,NA,NA,NA,NA,"Hirat","هرات","AF32","Afghanistan","افغانستان","AF","2017/08/23","2018/05/22",NA,"Western","لویدیځه حوزه","WR"
1.51069473272,0.0855168311075,"Giro","گیرو","AF1112",NA,NA,NA,NA,NA,"Ghazni","غزنی","AF11","Afghanistan","افغانستان","AF","2017/08/23","2018/05/22",NA,"South Eastern","جنوب ختیځه حوزه","SE"
0.655172334439,0.0216801127739,"Giyan","گیان","AF1215",NA,NA,NA,NA,NA,"Paktika","پکتیکا","AF12","Afghanistan","افغانستان","AF","2017/08/23","2018/05/22",NA,"South Eastern","جنوب ختیځه حوزه","SE"
4.61017277296,0.363310608863,"Gizab","گیزاب","AF2409",NA,"Patoo",NA,NA,NA,"Daykundi","دایکندی","AF24","Afghanistan","افغانستان","AF","2017/08/23","2018/05/22",NA,"Central Highland","لوړه مرکزی حوزه","CH"
3.46625421222,0.390267956965,"Gomal","گومل","AF1208",NA,NA,NA,NA,NA,"Paktika","پکتیکا","AF12","Afghanistan","افغانستان","AF","2017/08/23","2018/05/22",NA,"South Eastern","جنوب ختیځه حوزه","SE"
2.33886728497,0.109215649831,"Gosfandi","گوسفندی","AF2206",NA,NA,NA,NA,NA,"Sar-e-Pul","سرپل","AF22","Afghanistan","افغانستان","AF","2017/08/23","2018/05/22",NA,"Northern","سهیلی حوزه","NR"
1.13221236847,0.0511426775404,"Goshta","گوشته","AF0614",NA,NA,NA,NA,NA,"Nangarhar","ننگرهار","AF06","Afghanistan","افغانستان","AF","2017/08/23","2018/05/22",NA,"Eastern","ختیځه حوزه","ER"
0.432560490859,0.00746054716571,"Guldara","گلدره","AF0111",NA,NA,NA,NA,NA,"Kabul","کابل","AF01","Afghanistan","افغانستان","AF","2017/08/23","2018/05/22",NA,"Capital","مرکزی حوزه","CR"
5.50426669236,0.673926194408,"Gulistan","گلستان","AF3310",NA,NA,NA,NA,NA,"Farah","فراه","AF33","Afghanistan","افغانستان","AF","2017/08/23","2018/05/22",NA,"Western","لویدیځه حوزه","WR"
4.56346824284,0.597296265923,"Gulran","گلران","AF3208",NA,NA,NA,NA,NA,"Hirat","هرات","AF32","Afghanistan","افغانستان","AF","2017/08/23","2018/05/22",NA,"Western","لویدیځه حوزه","WR"
0.877043588852,0.0347734544196,"Gurbuz","گربز","AF1403",NA,NA,NA,NA,NA,"Khost","خوست","AF14","Afghanistan","افغانستان","AF","2017/08/23","2018/05/22",NA,"South Eastern","جنوب ختیځه حوزه","SE"
3.42860116118,0.25694896814,"Guzara","گذره","AF3203",NA,"Nizam-i-Shahid",NA,NA,NA,"Hirat","هرات","AF32","Afghanistan","افغانستان","AF","2017/08/23","2018/05/22",NA,"Western","لویدیځه حوزه","WR"
0.981095307534,0.0418469489653,"Guzargah-e-Nur","گذرگاه نور","AF0914",NA,NA,NA,NA,NA,"Baghlan","بغلان","AF09","Afghanistan","افغانستان","AF","2017/08/23","2018/05/22",NA,"North Eastern","سهیل ختیځه حوزه","NE"
0.991319667912,0.0349891911421,"Hazar Sumuch","هزار سموچ","AF1802",NA,NA,NA,NA,NA,"Takhar","تخار","AF18","Afghanistan","افغانستان","AF","2017/08/23","2018/05/22",NA,"North Eastern","سهیل ختیځه حوزه","NE"
2.41906809724,0.149325545211,"Hazrat-e-Sultan","حضرت سلطان","AF2002",NA,NA,NA,NA,NA,"Samangan","سمنگان","AF20","Afghanistan","افغانستان","AF","2017/08/23","2018/05/22",NA,"Northern","سهیلی حوزه","NR"
2.00630093795,0.15459562379,"Hesa-e-Awal-e-Behsud","حصه اول بهسود","AF0407",NA,NA,NA,NA,NA,"Maidan Wardak","میدان وردک","AF04","Afghanistan","افغانستان","AF","2017/08/23","2018/05/22",NA,"Capital","مرکزی حوزه","CR"
1.5762888912,0.0655634091349,"Hesarak","حصارک","AF0621",NA,NA,NA,NA,NA,"Nangarhar","ننگرهار","AF06","Afghanistan","افغانستان","AF","2017/08/23","2018/05/22",NA,"Eastern","ختیځه حوزه","ER"
0.414471717568,0.00809392950944,"Hirat","هرات","AF3201",NA,"Centre",NA,NA,NA,"Hirat","هرات","AF32","Afghanistan","افغانستان","AF","2017/08/23","2018/05/22",NA,"Western","لویدیځه حوزه","WR"
0.459118816269,0.00870850879217,"Hisa-e-Awal-e-Kohistan","حصه اول کوهستان","AF0204",NA,NA,NA,NA,NA,"Kapisa","کاپیسا","AF02","Afghanistan","افغانستان","AF","2017/08/23","2018/05/22",NA,"Capital","مرکزی حوزه","CR"
0.392084065781,0.00524297100427,"Hisa-e-Duwum-e-Kohistan","حصه دوم کوهستان","AF0202",NA,NA,NA,NA,NA,"Kapisa","کاپیسا","AF02","Afghanistan","افغانستان","AF","2017/08/23","2018/05/22",NA,"Capital","مرکزی حوزه","CR"
2.2608685404,0.162275175944,"Imam Sahib","امام صاحب","AF1905",NA,"Hazrati Imam Sahib","Kalbad",NA,NA,"Kunduz","کندز","AF19","Afghanistan","افغانستان","AF","2017/08/23","2018/05/22",NA,"North Eastern","سهیل ختیځه حوزه","NE"
2.18343200668,0.13543546772,"Injil","انجیل","AF3202",NA,NA,NA,NA,NA,"Hirat","هرات","AF32","Afghanistan","افغانستان","AF","2017/08/23","2018/05/22",NA,"Western","لویدیځه حوزه","WR"
0.65727810212,0.0115250692315,"Jabal Saraj","جبل السراج","AF0305",NA,NA,NA,NA,NA,"Parwan","پروان","AF03","Afghanistan","افغانستان","AF","2017/08/23","2018/05/22",NA,"Capital","مرکزی حوزه","CR"
1.2726546976,0.0583943373223,"Jaghatu","جغتو","AF0408",NA,NA,NA,NA,NA,"Maidan Wardak","میدان وردک","AF04","Afghanistan","افغانستان","AF","2017/08/23","2018/05/22",NA,"Capital","مرکزی حوزه","CR"
1.41025173289,0.0634912552348,"Jaghatu","جغتو","AF1106",NA,"Bahrami Shahid",NA,NA,NA,"Ghazni","غزنی","AF11","Afghanistan","افغانستان","AF","2017/08/23","2018/05/22",NA,"South Eastern","جنوب ختیځه حوزه","SE"
2.4271575477,0.202298709547,"Jaghuri","جاغوری","AF1114",NA,NA,NA,NA,NA,"Ghazni","غزنی","AF11","Afghanistan","افغانستان","AF","2017/08/23","2018/05/22",NA,"South Eastern","جنوب ختیځه حوزه","SE"
1.5385620204,0.0587794817817,"Jaji","علی خیل","AF1307",NA,"Alikhel","Aryob",NA,NA,"Paktya","پکتیا","AF13","Afghanistan","افغانستان","AF","2017/08/23","2018/05/22",NA,"South Eastern","جنوب ختیځه حوزه","SE"
0.868155362535,0.0318436370828,"Jaji Maydan","جاجی میدان","AF1413",NA,NA,NA,NA,NA,"Khost","خوست","AF14","Afghanistan","افغانستان","AF","2017/08/23","2018/05/22",NA,"South Eastern","جنوب ختیځه حوزه","SE"
0.21384523704,0.00231624849572,"Jalalabad","جلال آباد","AF0601",NA,"Centre",NA,NA,NA,"Nangarhar","ننگرهار","AF06","Afghanistan","افغانستان","AF","2017/08/23","2018/05/22",NA,"Eastern","ختیځه حوزه","ER"
1.70514103471,0.107343729937,"Jalrez","جلریز","AF0403",NA,NA,NA,NA,NA,"Maidan Wardak","میدان وردک","AF04","Afghanistan","افغانستان","AF","2017/08/23","2018/05/22",NA,"Capital","مرکزی حوزه","CR"
1.45407847317,0.0951012872464,"Jani Khel","جانی خیل","AF1209",NA,NA,NA,NA,NA,"Paktika","پکتیکا","AF12","Afghanistan","افغانستان","AF","2017/08/23","2018/05/22",NA,"South Eastern","جنوب ختیځه حوزه","SE"
0.660473440216,0.0141014103752,"Jani Khel","جانی خیل","AF1309",NA,"Mangal",NA,NA,NA,"Paktya","پکتیا","AF13","Afghanistan","افغانستان","AF","2017/08/23","2018/05/22",NA,"South Eastern","جنوب ختیځه حوزه","SE"
4.58963840085,0.701492729079,"Jawand","جوند","AF3106",NA,NA,NA,NA,NA,"Badghis","بادغیس","AF31","Afghanistan","افغانستان","AF","2017/08/23","2018/05/22",NA,"Western","لویدیځه حوزه","WR"
1.91656815865,0.12381230871,"Jorm","جرم","AF1710",NA,NA,NA,NA,NA,"Badakhshan","بدخشان","AF17","Afghanistan","افغانستان","AF","2017/08/23","2018/05/22",NA,"North Eastern","سهیل ختیځه حوزه","NE"
1.16894285062,0.0343768554359,"Kabul","کابل","AF0101",NA,NA,NA,NA,NA,"Kabul","کابل","AF01","Afghanistan","افغانستان","AF","2017/08/23","2018/05/22",NA,"Capital","مرکزی حوزه","CR"
2.16806982305,0.139629268169,"Kahmard","کهمرد","AF1004",NA,NA,NA,NA,NA,"Bamyan","بامیان","AF10","Afghanistan","افغانستان","AF","2017/08/23","2018/05/22",NA,"Central Highland","لوړه مرکزی حوزه","CH"
3.4647560106,0.218107142948,"Kajaki","کجکی","AF3010",NA,NA,NA,NA,NA,"Hilmand","هلمند","AF30","Afghanistan","افغانستان","AF","2017/08/23","2018/05/22",NA,"Southern","جنوبی حوزه","SR"
2.72224355405,0.129023835346,"Kajran","کجران","AF2408",NA,NA,NA,NA,NA,"Daykundi","دایکندی","AF24","Afghanistan","افغانستان","AF","2017/08/23","2018/05/22",NA,"Central Highland","لوړه مرکزی حوزه","CH"
1.78823869536,0.104217538568,"Kakar","کاکړ","AF2611",NA,"Khak-e-Afghan",NA,NA,NA,"Zabul","زابل","AF26","Afghanistan","افغانستان","AF","2017/08/23","2018/05/22",NA,"Southern","جنوبی حوزه","SR"
1.23733418928,0.0478518805256,"Kalafgan","کلفگان","AF1807",NA,NA,NA,NA,NA,"Takhar","تخار","AF18","Afghanistan","افغانستان","AF","2017/08/23","2018/05/22",NA,"North Eastern","سهیل ختیځه حوزه","NE"
0.457999091631,0.00738138097369,"Kalakan","کلکان","AF0110",NA,NA,NA,NA,NA,"Kabul","کابل","AF01","Afghanistan","افغانستان","AF","2017/08/23","2018/05/22",NA,"Capital","مرکزی حوزه","CR"
1.38356772399,0.0844218893284,"Kaldar","کلدار","AF2113",NA,NA,NA,NA,NA,"Balkh","بلخ","AF21","Afghanistan","افغانستان","AF","2017/08/23","2018/05/22",NA,"Northern","سهیلی حوزه","NR"
0.753243907062,0.0225199096743,"Kama","کامه","AF0605",NA,NA,NA,NA,NA,"Nangarhar","ننگرهار","AF06","Afghanistan","افغانستان","AF","2017/08/23","2018/05/22",NA,"Eastern","ختیځه حوزه","ER"
1.85657674468,0.121345197986,"Kamdesh","کامدیش","AF1606",NA,NA,NA,NA,NA,"Nuristan","نورستان","AF16","Afghanistan","افغانستان","AF","2017/08/23","2018/05/22",NA,"Eastern","ختیځه حوزه","ER"
1.24631937648,0.0730854300564,"Kandahar","کندهار","AF2701",NA,"Centre",NA,NA,NA,"Kandahar","کندهار","AF27","Afghanistan","افغانستان","AF","2017/08/23","2018/05/22",NA,"Southern","جنوبی حوزه","SR"
2.29130628374,0.108999621378,"Kang","کنگ","AF3402",NA,NA,NA,NA,NA,"Nimroz","نیمروز","AF34","Afghanistan","افغانستان","AF","2017/08/23","2018/05/22",NA,"Southern","جنوبی حوزه","SR"
2.74290473905,0.194309862933,"Karukh","کرُخ","AF3204",NA,NA,NA,NA,NA,"Hirat","هرات","AF32","Afghanistan","افغانستان","AF","2017/08/23","2018/05/22",NA,"Western","لویدیځه حوزه","WR"
1.53451581722,0.0777402022091,"Keshem","کشم","AF1715",NA,NA,NA,NA,NA,"Badakhshan","بدخشان","AF17","Afghanistan","افغانستان","AF","2017/08/23","2018/05/22",NA,"North Eastern","سهیل ختیځه حوزه","NE"
2.39800676317,0.118117460848,"Keshendeh","کشنده","AF2114",NA,NA,NA,NA,NA,"Balkh","بلخ","AF21","Afghanistan","افغانستان","AF","2017/08/23","2018/05/22",NA,"Northern","سهیلی حوزه","NR"
2.10939626825,0.160233387986,"Khadir","خدیر","AF2404",NA,NA,NA,NA,NA,"Daykundi","دایکندی","AF24","Afghanistan","افغانستان","AF","2017/08/23","2018/05/22",NA,"Central Highland","لوړه مرکزی حوزه","CH"
1.41752171196,0.0573440076037,"Khak-e-Jabbar","خاک جبار","AF0109",NA,NA,NA,NA,NA,"Kabul","کابل","AF01","Afghanistan","افغانستان","AF","2017/08/23","2018/05/22",NA,"Capital","مرکزی حوزه","CR"
2.50503136436,0.175550888304,"Khak-e-Safed","خاک سفید","AF3303",NA,NA,NA,NA,NA,"Farah","فراه","AF33","Afghanistan","افغانستان","AF","2017/08/23","2018/05/22",NA,"Western","لویدیځه حوزه","WR"
2.21808656218,0.156955070053,"Khakrez","خاکریز","AF2707",NA,NA,NA,NA,NA,"Kandahar","کندهار","AF27","Afghanistan","افغانستان","AF","2017/08/23","2018/05/22",NA,"Southern","جنوبی حوزه","SR"
1.38517649395,0.0882460333347,"Khamyab","خمیاب","AF2806",NA,"Kham Ab",NA,NA,NA,"Jawzjan","جوزجان","AF28","Afghanistan","افغانستان","AF","2017/08/23","2018/05/22",NA,"Northern","سهیلی حوزه","NR"
1.38411108403,0.0953749454079,"Khan-e-Char Bagh","خان چارباغ","AF2914",NA,NA,NA,NA,NA,"Faryab","فاریاب","AF29","Afghanistan","افغانستان","AF","2017/08/23","2018/05/22",NA,"Northern","سهیلی حوزه","NR"
1.91210829544,0.108353030768,"Khan Abad","خان آباد","AF1904",NA,NA,NA,NA,NA,"Kunduz","کندز","AF19","Afghanistan","افغانستان","AF","2017/08/23","2018/05/22",NA,"North Eastern","سهیل ختیځه حوزه","NE"
1.04998267675,0.0492233945662,"Khanaqa","خانقا","AF2803",NA,NA,NA,NA,NA,"Jawzjan","جوزجان","AF28","Afghanistan","افغانستان","AF","2017/08/23","2018/05/22",NA,"Northern","سهیلی حوزه","NR"
1.2268167519,0.0454731948097,"Kharwar","خروار","AF0506",NA,NA,NA,NA,NA,"Logar","لوگر","AF05","Afghanistan","افغانستان","AF","2017/08/23","2018/05/22",NA,"Capital","مرکزی حوزه","CR"
1.04398557572,0.0358900837888,"Khas Kunar","خاص کنر","AF1510",NA,NA,NA,NA,NA,"Kunar","کنر ها","AF15","Afghanistan","افغانستان","AF","2017/08/23","2018/05/22",NA,"Eastern","ختیځه حوزه","ER"
3.03539977059,0.250696063361,"Khas Uruzgan","خاص ارزگان","AF2505",NA,NA,NA,NA,NA,"Uruzgan","ارزگان","AF25","Afghanistan","افغانستان","AF","2017/08/23","2018/05/22",NA,"Southern","جنوبی حوزه","SR"
0.79538592811,0.0258193999529,"Khash","خاش","AF1705",NA,NA,NA,NA,NA,"Badakhshan","بدخشان","AF17","Afghanistan","افغانستان","AF","2017/08/23","2018/05/22",NA,"North Eastern","سهیل ختیځه حوزه","NE"
4.12601499773,0.741226753022,"Khashrod","خاش رود","AF3405",NA,NA,NA,NA,NA,"Nimroz","نیمروز","AF34","Afghanistan","افغانستان","AF","2017/08/23","2018/05/22",NA,"Southern","جنوبی حوزه","SR"
1.21189382684,0.0679670379757,"Khenj","خنج (حصه اول)","AF0804",NA,"Hisa-e-Awal",NA,NA,NA,"Panjsher","پنجشیر","AF08","Afghanistan","افغانستان","AF","2017/08/23","2018/05/22",NA,"Capital","مرکزی حوزه","CR"
1.51964242873,0.101033155105,"Khinjan","خنجان","AF0906",NA,NA,NA,NA,NA,"Baghlan","بغلان","AF09","Afghanistan","افغانستان","AF","2017/08/23","2018/05/22",NA,"North Eastern","سهیل ختیځه حوزه","NE"
1.61657224611,0.0663037407698,"Khogyani","خوگیانی","AF0608",NA,NA,NA,NA,NA,"Nangarhar","ننگرهار","AF06","Afghanistan","افغانستان","AF","2017/08/23","2018/05/22",NA,"Eastern","ختیځه حوزه","ER"
0.949830801949,0.0426108657145,"Khoshi","خوشی","AF0504",NA,NA,NA,NA,NA,"Logar","لوگر","AF05","Afghanistan","افغانستان","AF","2017/08/23","2018/05/22",NA,"Capital","مرکزی حوزه","CR"
2.03755094123,0.188835021436,"Khost Wa Fereng","خوست و فرنگ","AF0913",NA,"Khost",NA,NA,NA,"Baghlan","بغلان","AF09","Afghanistan","افغانستان","AF","2017/08/23","2018/05/22",NA,"North Eastern","سهیل ختیځه حوزه","NE"
2.68418910204,0.30419137703,"Khulm","خلم","AF2110",NA,NA,NA,NA,NA,"Balkh","بلخ","AF21","Afghanistan","افغانستان","AF","2017/08/23","2018/05/22",NA,"Northern","سهیلی حوزه","NR"
2.56334638191,0.213507102479,"Khuram Wa Sarbagh","خرم وسارباغ","AF2003",NA,NA,NA,NA,NA,"Samangan","سمنگان","AF20","Afghanistan","افغانستان","AF","2017/08/23","2018/05/22",NA,"Northern","سهیلی حوزه","NR"
1.52014268711,0.0752719820606,"Khwahan","خواهان","AF1720",NA,NA,NA,NA,NA,"Badakhshan","بدخشان","AF17","Afghanistan","افغانستان","AF","2017/08/23","2018/05/22",NA,"North Eastern","سهیل ختیځه حوزه","NE"
0.631329277471,0.0216399357128,"Khwaja Bahawuddin","خواجه بهاوالدین","AF1814",NA,NA,NA,NA,NA,"Takhar","تخار","AF18","Afghanistan","افغانستان","AF","2017/08/23","2018/05/22",NA,"North Eastern","سهیل ختیځه حوزه","NE"
1.9108853101,0.20980712987,"Khwaja Dukoh","خواجه دوکوه","AF2802",NA,NA,NA,NA,NA,"Jawzjan","جوزجان","AF28","Afghanistan","افغانستان","AF","2017/08/23","2018/05/22",NA,"Northern","سهیلی حوزه","NR"
0.900088962418,0.0392439808338,"Khwaja Ghar","خواجه غار","AF1809",NA,NA,NA,NA,NA,"Takhar","تخار","AF18","Afghanistan","افغانستان","AF","2017/08/23","2018/05/22",NA,"North Eastern","سهیل ختیځه حوزه","NE"
1.31341794646,0.0653167664345,"Khwaja Hejran","خواجه هجران","AF0909",NA,"Jalga","Jalga Nahrin",NA,NA,"Baghlan","بغلان","AF09","Afghanistan","افغانستان","AF","2017/08/23","2018/05/22",NA,"North Eastern","سهیل ختیځه حوزه","NE"
1.23929413415,0.0555286680057,"Khwaja Sabz Posh","خواجه سبزپوش","AF2903",NA,"Khwaja Sabz Posh-i-Wali",NA,NA,NA,"Faryab","فاریاب","AF29","Afghanistan","افغانستان","AF","2017/08/23","2018/05/22",NA,"Northern","سهیلی حوزه","NR"
0.78739795207,0.0203401219036,"Khwaja Umari","خواجه عمری","AF1103",NA,NA,NA,NA,NA,"Ghazni","غزنی","AF11","Afghanistan","افغانستان","AF","2017/08/23","2018/05/22",NA,"South Eastern","جنوب ختیځه حوزه","SE"
1.74735525878,0.092805269484,"Kiti","کیتی","AF2405",NA,NA,NA,NA,NA,"Daykundi","دایکندی","AF24","Afghanistan","افغانستان","AF","2017/08/23","2018/05/22",NA,"Central Highland","لوړه مرکزی حوزه","CH"
1.99927510608,0.145414125051,"Kofab","کوف آب","AF1721",NA,NA,NA,NA,NA,"Badakhshan","بدخشان","AF17","Afghanistan","افغانستان","AF","2017/08/23","2018/05/22",NA,"North Eastern","سهیل ختیځه حوزه","NE"
1.27307736674,0.0571248796811,"Koh-e-Safi","کوه صافی","AF0308",NA,NA,NA,NA,NA,"Parwan","پروان","AF03","Afghanistan","افغانستان","AF","2017/08/23","2018/05/22",NA,"Capital","مرکزی حوزه","CR"
0.55965092271,0.0148485451553,"Koh Band","کوه بند","AF0203",NA,NA,NA,NA,NA,"Kapisa","کاپیسا","AF02","Afghanistan","افغانستان","AF","2017/08/23","2018/05/22",NA,"Capital","مرکزی حوزه","CR"
5.03160775033,0.611257526313,"Kohestanat","کوهستانات","AF2203",NA,NA,NA,NA,NA,"Sar-e-Pul","سرپل","AF22","Afghanistan","افغانستان","AF","2017/08/23","2018/05/22",NA,"Northern","سهیلی حوزه","NR"
1.08370393002,0.050115637908,"Kohistan","کوهستان","AF1708",NA,NA,NA,NA,NA,"Badakhshan","بدخشان","AF17","Afghanistan","افغانستان","AF","2017/08/23","2018/05/22",NA,"North Eastern","سهیل ختیځه حوزه","NE"
2.94687374145,0.228296334323,"Kohistan","کوهستان","AF2910",NA,NA,NA,NA,NA,"Faryab","فاریاب","AF29","Afghanistan","افغانستان","AF","2017/08/23","2018/05/22",NA,"Northern","سهیلی حوزه","NR"
2.61259024427,0.216461449174,"Kohsan","کوهسان","AF3213",NA,NA,NA,NA,NA,"Hirat","هرات","AF32","Afghanistan","افغانستان","AF","2017/08/23","2018/05/22",NA,"Western","لویدیځه حوزه","WR"
4.41427282752,0.521234989363,"Koran Wa Monjan","کران ومنجان","AF1726",NA,NA,NA,NA,NA,"Badakhshan","بدخشان","AF17","Afghanistan","افغانستان","AF","2017/08/23","2018/05/22",NA,"North Eastern","سهیل ختیځه حوزه","NE"
0.673712432871,0.016926761632,"Kot","کوټ","AF0613",NA,NA,NA,NA,NA,"Nangarhar","ننگرهار","AF06","Afghanistan","افغانستان","AF","2017/08/23","2018/05/22",NA,"Eastern","ختیځه حوزه","ER"
1.64246244025,0.0622726904785,"Kunduz","کندز","AF1901",NA,"Centre",NA,NA,NA,"Kunduz","کندز","AF19","Afghanistan","افغانستان","AF","2017/08/23","2018/05/22",NA,"North Eastern","سهیل ختیځه حوزه","NE"
2.77644254804,0.282501362834,"Kushk","کُشک","AF3207",NA,"Rubat-i-Sangi",NA,NA,NA,"Hirat","هرات","AF32","Afghanistan","افغانستان","AF","2017/08/23","2018/05/22",NA,"Western","لویدیځه حوزه","WR"
2.49259364649,0.162553526521,"Kushk-e-Kuhna","کُشک کهنه","AF3210",NA,NA,NA,NA,NA,"Hirat","هرات","AF32","Afghanistan","افغانستان","AF","2017/08/23","2018/05/22",NA,"Western","لویدیځه حوزه","WR"
0.84020877929,0.0285097815195,"Kuz Kunar","کوز کنر","AF0606",NA,"Khewa",NA,NA,NA,"Nangarhar","ننگرهار","AF06","Afghanistan","افغانستان","AF","2017/08/23","2018/05/22",NA,"Eastern","ختیځه حوزه","ER"
3.23965037523,0.381211916474,"Lal Wa Sarjangal","لعل و سرجنگل","AF2307",NA,NA,NA,NA,NA,"Ghor","غور","AF23","Afghanistan","افغانستان","AF","2017/08/23","2018/05/22",NA,"Western","لویدیځه حوزه","WR"
0.990185869159,0.045406325553,"Lalpur","لعل پور","AF0618",NA,NA,NA,NA,NA,"Nangarhar","ننگرهار","AF06","Afghanistan","افغانستان","AF","2017/08/23","2018/05/22",NA,"Eastern","ختیځه حوزه","ER"
3.59930381707,0.508983213719,"Lash-e-Juwayn","لاش جوین","AF3309",NA,NA,NA,NA,NA,"Farah","فراه","AF33","Afghanistan","افغانستان","AF","2017/08/23","2018/05/22",NA,"Western","لویدیځه حوزه","WR"
2.11266400981,0.173661587231,"Lashkargah","لشکرگاه","AF3001",NA,"Centre",NA,NA,NA,"Hilmand","هلمند","AF30","Afghanistan","افغانستان","AF","2017/08/23","2018/05/22",NA,"Southern","جنوبی حوزه","SR"
1.11105748977,0.0411942450759,"Lija Ahmad Khel","لجه احمد خیل","AF1308",NA,NA,NA,NA,NA,"Paktya","پکتیا","AF13","Afghanistan","افغانستان","AF","2017/08/23","2018/05/22",NA,"South Eastern","جنوب ختیځه حوزه","SE"
0.752749234425,0.0182203368184,"Mahmood-e-Raqi","محمود راقی","AF0201",NA,"Centre",NA,NA,NA,"Kapisa","کاپیسا","AF02","Afghanistan","افغانستان","AF","2017/08/23","2018/05/22",NA,"Capital","مرکزی حوزه","CR"
3.10058025459,0.172355048813,"Malistan","مالستان","AF1116",NA,NA,NA,NA,NA,"Ghazni","غزنی","AF11","Afghanistan","افغانستان","AF","2017/08/23","2018/05/22",NA,"South Eastern","جنوب ختیځه حوزه","SE"
2.54613862573,0.202571458405,"Mandol","مندول","AF1607",NA,NA,NA,NA,NA,"Nuristan","نورستان","AF16","Afghanistan","افغانستان","AF","2017/08/23","2018/05/22",NA,"Eastern","ختیځه حوزه","ER"
0.443299892895,0.0110821692599,"Mandozayi","مندوزائی","AF1402",NA,"Ishmail Khail",NA,NA,NA,"Khost","خوست","AF14","Afghanistan","افغانستان","AF","2017/08/23","2018/05/22",NA,"South Eastern","جنوب ختیځه حوزه","SE"
0.563854453145,0.0144583877615,"Marawara","مروره","AF1502",NA,NA,NA,NA,NA,"Kunar","کنر ها","AF15","Afghanistan","افغانستان","AF","2017/08/23","2018/05/22",NA,"Eastern","ختیځه حوزه","ER"
1.28160119614,0.0716078453367,"Mardyan","مردیان","AF2809",NA,NA,NA,NA,NA,"Jawzjan","جوزجان","AF28","Afghanistan","افغانستان","AF","2017/08/23","2018/05/22",NA,"Northern","سهیلی حوزه","NR"
3.52437412105,0.328094676721,"Markaz-e-Behsud","مدکز بهسود","AF0409",NA,NA,NA,NA,NA,"Maidan Wardak","میدان وردک","AF04","Afghanistan","افغانستان","AF","2017/08/23","2018/05/22",NA,"Capital","مرکزی حوزه","CR"
1.17818318785,0.0565249782424,"Marmul","مارمُل","AF2105",NA,NA,NA,NA,NA,"Balkh","بلخ","AF21","Afghanistan","افغانستان","AF","2017/08/23","2018/05/22",NA,"Northern","سهیلی حوزه","NR"
3.36755833932,0.302046342573,"Maruf","معروف","AF2715",NA,NA,NA,NA,NA,"Kandahar","کندهار","AF27","Afghanistan","افغانستان","AF","2017/08/23","2018/05/22",NA,"Southern","جنوبی حوزه","SR"
0.858220822964,0.0409751857211,"Mata Khan","متاخان","AF1202",NA,NA,NA,NA,NA,"Paktika","پکتیکا","AF12","Afghanistan","افغانستان","AF","2017/08/23","2018/05/22",NA,"South Eastern","جنوب ختیځه حوزه","SE"
1.22287514583,0.0476006724157,"Matun","خوست (متون)","AF1401",NA,"Khost","Centre",NA,NA,"Khost","خوست","AF14","Afghanistan","افغانستان","AF","2017/08/23","2018/05/22",NA,"South Eastern","جنوب ختیځه حوزه","SE"
0.886621162339,0.0241843071731,"Maydan Shahr","میدان شهر","AF0401",NA,"Centre",NA,NA,NA,"Maidan Wardak","میدان وردک","AF04","Afghanistan","افغانستان","AF","2017/08/23","2018/05/22",NA,"Capital","مرکزی حوزه","CR"
0.563428483996,0.0146911408241,"Maymana","میمنه","AF2901",NA,"Centre",NA,NA,NA,"Faryab","فاریاب","AF29","Afghanistan","افغانستان","AF","2017/08/23","2018/05/22",NA,"Northern","سهیلی حوزه","NR"
2.42682737243,0.293565346728,"Maywand","میوند","AF2710",NA,NA,NA,NA,NA,"Kandahar","کندهار","AF27","Afghanistan","افغانستان","AF","2017/08/23","2018/05/22",NA,"Southern","جنوبی حوزه","SR"
0.206616176698,0.00283159224571,"Mazar-e-Sharif","مزار شریف","AF2101",NA,"Mazar","Centre",NA,NA,"Balkh","بلخ","AF21","Afghanistan","افغانستان","AF","2017/08/23","2018/05/22",NA,"Northern","سهیلی حوزه","NR"
1.57848703431,0.0707284653064,"Mehtarlam","مهتر لام","AF0701",NA,"Laghman Centre","Centre",NA,NA,"Laghman","لغمان","AF07","Afghanistan","افغانستان","AF","2017/08/23","2018/05/22",NA,"Eastern","ختیځه حوزه","ER"
1.38697514387,0.0892709374809,"Mingajik","منگجک","AF2804",NA,"Farary",NA,NA,NA,"Jawzjan","جوزجان","AF28","Afghanistan","افغانستان","AF","2017/08/23","2018/05/22",NA,"Northern","سهیلی حوزه","NR"
0.349989833439,0.00647742293558,"Mir Bacha Kot","میر بچه کوت","AF0108",NA,NA,NA,NA,NA,"Kabul","کابل","AF01","Afghanistan","افغانستان","AF","2017/08/23","2018/05/22",NA,"Capital","مرکزی حوزه","CR"
2.74603698447,0.223134686326,"Miramor","میرامور","AF2406",NA,NA,NA,NA,NA,"Daykundi","دایکندی","AF24","Afghanistan","افغانستان","AF","2017/08/23","2018/05/22",NA,"Central Highland","لوړه مرکزی حوزه","CH"
1.65408279854,0.0856678272023,"Miyanshin","میانشین","AF2713",NA,NA,NA,NA,NA,"Kandahar","کندهار","AF27","Afghanistan","افغانستان","AF","2017/08/23","2018/05/22",NA,"Southern","جنوبی حوزه","SR"
1.54672248967,0.106882877662,"Mizan","میزان","AF2604",NA,NA,NA,NA,NA,"Zabul","زابل","AF26","Afghanistan","افغانستان","AF","2017/08/23","2018/05/22",NA,"Southern","جنوبی حوزه","SR"
1.68011239244,0.102821503198,"Mohammad Agha","محمدآغه","AF0505",NA,NA,NA,NA,NA,"Logar","لوگر","AF05","Afghanistan","افغانستان","AF","2017/08/23","2018/05/22",NA,"Capital","مرکزی حوزه","CR"
1.15737876093,0.0277581503651,"Muhmand Dara","مهمند دره","AF0617",NA,NA,NA,NA,NA,"Nangarhar","ننگرهار","AF06","Afghanistan","افغانستان","AF","2017/08/23","2018/05/22",NA,"Eastern","ختیځه حوزه","ER"
1.38609487835,0.0835799566216,"Muqur","مقر","AF1115",NA,NA,NA,NA,NA,"Ghazni","غزنی","AF11","Afghanistan","افغانستان","AF","2017/08/23","2018/05/22",NA,"South Eastern","جنوب ختیځه حوزه","SE"
2.54272482419,0.123742858839,"Muqur","مقر","AF3103",NA,NA,NA,NA,NA,"Badghis","بادغیس","AF31","Afghanistan","افغانستان","AF","2017/08/23","2018/05/22",NA,"Western","لویدیځه حوزه","WR"
1.25413385557,0.041467128902,"Musa Khel","موسی خیل","AF1405",NA,NA,NA,NA,NA,"Khost","خوست","AF14","Afghanistan","افغانستان","AF","2017/08/23","2018/05/22",NA,"South Eastern","جنوب ختیځه حوزه","SE"
1.94263583508,0.124936620467,"Musa Qala","موسی قلعه","AF3009",NA,NA,NA,NA,NA,"Hilmand","هلمند","AF30","Afghanistan","افغانستان","AF","2017/08/23","2018/05/22",NA,"Southern","جنوبی حوزه","SR"
0.518480232754,0.0108310745122,"Musahi","موسهی","AF0107",NA,NA,NA,NA,NA,"Kabul","کابل","AF01","Afghanistan","افغانستان","AF","2017/08/23","2018/05/22",NA,"Capital","مرکزی حوزه","CR"
3.29658388525,0.558871868176,"Nad-e-Ali","نادعلی","AF3002",NA,NA,NA,NA,NA,"Hilmand","هلمند","AF30","Afghanistan","افغانستان","AF","2017/08/23","2018/05/22",NA,"Southern","جنوبی حوزه","SR"
0.89296299394,0.0323469500719,"Nadir Shah Kot","نادرشاه کوت","AF1406",NA,NA,NA,NA,NA,"Khost","خوست","AF14","Afghanistan","افغانستان","AF","2017/08/23","2018/05/22",NA,"South Eastern","جنوب ختیځه حوزه","SE"
2.16513074037,0.155521180624,"Nahr-e-Saraj","نهر سراج","AF3004",NA,"Grishk",NA,NA,NA,"Hilmand","هلمند","AF30","Afghanistan","افغانستان","AF","2017/08/23","2018/05/22",NA,"Southern","جنوبی حوزه","SR"
1.83588772729,0.115650816947,"Nahr-e-Shahi","نهر شاهی","AF2102",NA,NA,NA,NA,NA,"Balkh","بلخ","AF21","Afghanistan","افغانستان","AF","2017/08/23","2018/05/22",NA,"Northern","سهیلی حوزه","NR"
1.44136662588,0.0984150813596,"Nahrin","نهرین","AF0904",NA,NA,NA,NA,NA,"Baghlan","بغلان","AF09","Afghanistan","افغانستان","AF","2017/08/23","2018/05/22",NA,"North Eastern","سهیل ختیځه حوزه","NE"
1.34611615198,0.055081370125,"Namak Ab","نمک آب","AF1806",NA,NA,NA,NA,NA,"Takhar","تخار","AF18","Afghanistan","افغانستان","AF","2017/08/23","2018/05/22",NA,"North Eastern","سهیل ختیځه حوزه","NE"
0.667836012759,0.0186503263178,"Narang","نرنگ","AF1504",NA,NA,NA,NA,NA,"Kunar","کنر ها","AF15","Afghanistan","افغانستان","AF","2017/08/23","2018/05/22",NA,"Eastern","ختیځه حوزه","ER"
1.36047986365,0.0530659085258,"Nari","ناړی","AF1515",NA,NA,NA,NA,NA,"Kunar","کنر ها","AF15","Afghanistan","افغانستان","AF","2017/08/23","2018/05/22",NA,"Eastern","ختیځه حوزه","ER"
2.10328050663,0.159607389398,"Nawa","ناوه","AF1119",NA,NA,NA,NA,NA,"Ghazni","غزنی","AF11","Afghanistan","افغانستان","AF","2017/08/23","2018/05/22",NA,"South Eastern","جنوب ختیځه حوزه","SE"
1.27921285159,0.0573257238629,"Nawa-e-Barakzaiy","ناوه بارکزائی","AF3003",NA,NA,NA,NA,NA,"Hilmand","هلمند","AF30","Afghanistan","افغانستان","AF","2017/08/23","2018/05/22",NA,"Southern","جنوبی حوزه","SR"
2.19133538334,0.120970152195,"Nawbahar","نوبهار","AF2609",NA,NA,NA,NA,NA,"Zabul","زابل","AF26","Afghanistan","افغانستان","AF","2017/08/23","2018/05/22",NA,"Southern","جنوبی حوزه","SR"
4.20390872376,0.508290797902,"Nawur","ناور","AF1110",NA,NA,NA,NA,NA,"Ghazni","غزنی","AF11","Afghanistan","افغانستان","AF","2017/08/23","2018/05/22",NA,"South Eastern","جنوب ختیځه حوزه","SE"
4.26335199977,0.396359730061,"Nawzad","نوزاد","AF3007",NA,NA,NA,NA,NA,"Hilmand","هلمند","AF30","Afghanistan","افغانستان","AF","2017/08/23","2018/05/22",NA,"Southern","جنوبی حوزه","SR"
0.785387801771,0.0211236114373,"Nazyan","نازیان","AF0620",NA,NA,NA,NA,NA,"Nangarhar","ننگرهار","AF06","Afghanistan","افغانستان","AF","2017/08/23","2018/05/22",NA,"Eastern","ختیځه حوزه","ER"
1.43114484986,0.0550828055335,"Nerkh","نرخ","AF0402",NA,NA,NA,NA,NA,"Maidan Wardak","میدان وردک","AF04","Afghanistan","افغانستان","AF","2017/08/23","2018/05/22",NA,"Capital","مرکزی حوزه","CR"
1.86190318237,0.122576426497,"Nesh","نیش","AF2712",NA,NA,NA,NA,NA,"Kandahar","کندهار","AF27","Afghanistan","افغانستان","AF","2017/08/23","2018/05/22",NA,"Southern","جنوبی حوزه","SR"
1.08692806753,0.0574724188468,"Nijrab","نجراب","AF0205",NA,NA,NA,NA,NA,"Kapisa","کاپیسا","AF02","Afghanistan","افغانستان","AF","2017/08/23","2018/05/22",NA,"Capital","مرکزی حوزه","CR"
0.50391142135,0.0118080835736,"Nika","نیکه","AF1213",NA,"Neka","Naka",NA,NA,"Paktika","پکتیکا","AF12","Afghanistan","افغانستان","AF","2017/08/23","2018/05/22",NA,"South Eastern","جنوب ختیځه حوزه","SE"
1.36601796359,0.0584750794968,"Nili","نیلی","AF2401",NA,"Centre",NA,NA,NA,"Daykundi","دایکندی","AF24","Afghanistan","افغانستان","AF","2017/08/23","2018/05/22",NA,"Central Highland","لوړه مرکزی حوزه","CH"
0.750362023211,0.0303000406366,"Nurgal","نورگل","AF1514",NA,NA,NA,NA,NA,"Kunar","کنر ها","AF15","Afghanistan","افغانستان","AF","2017/08/23","2018/05/22",NA,"Eastern","ختیځه حوزه","ER"
1.60716284326,0.0967210663283,"Nurgaram","نورگرام","AF1604",NA,NA,NA,NA,NA,"Nuristan","نورستان","AF16","Afghanistan","افغانستان","AF","2017/08/23","2018/05/22",NA,"Eastern","ختیځه حوزه","ER"
2.71873968784,0.255513404188,"Obe","اوبی","AF3212",NA,"Obi",NA,NA,NA,"Hirat","هرات","AF32","Afghanistan","افغانستان","AF","2017/08/23","2018/05/22",NA,"Western","لویدیځه حوزه","WR"
1.03914441256,0.0445232847468,"Omna","اومنه","AF1206",NA,NA,NA,NA,NA,"Paktika","پکتیکا","AF12","Afghanistan","افغانستان","AF","2017/08/23","2018/05/22",NA,"South Eastern","جنوب ختیځه حوزه","SE"
1.05504473187,0.0458658465486,"Pachir Wa Agam","پچیراگام","AF0611",NA,NA,NA,NA,NA,"Nangarhar","ننگرهار","AF06","Afghanistan","افغانستان","AF","2017/08/23","2018/05/22",NA,"Eastern","ختیځه حوزه","ER"
0.867360167929,0.035503003169,"Paghman","پغمان","AF0102",NA,NA,NA,NA,NA,"Kabul","کابل","AF01","Afghanistan","افغانستان","AF","2017/08/23","2018/05/22",NA,"Capital","مرکزی حوزه","CR"
3.07040046851,0.184509517097,"Panjab","پنجاب","AF1006",NA,NA,NA,NA,NA,"Bamyan","بامیان","AF10","Afghanistan","افغانستان","AF","2017/08/23","2018/05/22",NA,"Central Highland","لوړه مرکزی حوزه","CH"
3.40127296431,0.562076940633,"Panjwayi","پنجوائی","AF2704",NA,NA,NA,NA,NA,"Kandahar","کندهار","AF27","Afghanistan","افغانستان","AF","2017/08/23","2018/05/22",NA,"Southern","جنوبی حوزه","SR"
2.34995040085,0.141602847456,"Parun","پرونس","AF1601",NA,"Centre",NA,NA,NA,"Nuristan","نورستان","AF16","Afghanistan","افغانستان","AF","2017/08/23","2018/05/22",NA,"Eastern","ختیځه حوزه","ER"
2.06805641638,0.141481824033,"Paryan","پریان","AF0807",NA,NA,NA,NA,NA,"Panjsher","پنجشیر","AF08","Afghanistan","افغانستان","AF","2017/08/23","2018/05/22",NA,"Capital","مرکزی حوزه","CR"
4.17497946616,0.433927161673,"Pasaband","پسابند","AF2305",NA,NA,NA,NA,NA,"Ghor","غور","AF23","Afghanistan","افغانستان","AF","2017/08/23","2018/05/22",NA,"Western","لویدیځه حوزه","WR"
3.64637310995,0.267442472733,"Pashtun Kot","پشتون کوټ","AF2902",NA,NA,NA,NA,NA,"Faryab","فاریاب","AF29","Afghanistan","افغانستان","AF","2017/08/23","2018/05/22",NA,"Northern","سهیلی حوزه","NR"
2.23973127352,0.184251025908,"Pashtun Zarghun","پشتون زرغون","AF3206",NA,NA,NA,NA,NA,"Hirat","هرات","AF32","Afghanistan","افغانستان","AF","2017/08/23","2018/05/22",NA,"Western","لویدیځه حوزه","WR"
1.98415994107,0.109466357942,"Pul-e-Alam","پل علم","AF0501",NA,"Centre",NA,NA,NA,"Logar","لوگر","AF05","Afghanistan","افغانستان","AF","2017/08/23","2018/05/22",NA,"Capital","مرکزی حوزه","CR"
1.57654126562,0.0884329384545,"Pul-e-Hisar","پل حصار","AF0912",NA,NA,NA,NA,NA,"Baghlan","بغلان","AF09","Afghanistan","افغانستان","AF","2017/08/23","2018/05/22",NA,"North Eastern","سهیل ختیځه حوزه","NE"
1.16916534086,0.0532878205055,"Pul-e-Khumri","پلخمری","AF0901",NA,"Centre",NA,NA,NA,"Baghlan","بغلان","AF09","Afghanistan","افغانستان","AF","2017/08/23","2018/05/22",NA,"North Eastern","سهیل ختیځه حوزه","NE"
6.1276998147,0.619389120109,"Pur Chaman","پُرچمن","AF3311",NA,NA,NA,NA,NA,"Farah","فراه","AF33","Afghanistan","افغانستان","AF","2017/08/23","2018/05/22",NA,"Western","لویدیځه حوزه","WR"
1.07413896456,0.0411741986845,"Pushtrod","پشترود","AF3302",NA,NA,NA,NA,NA,"Farah","فراه","AF33","Afghanistan","افغانستان","AF","2017/08/23","2018/05/22",NA,"Western","لویدیځه حوزه","WR"
3.41210970782,0.33836774906,"Qadis","قادیس","AF3104",NA,NA,NA,NA,NA,"Badghis","بادغیس","AF31","Afghanistan","افغانستان","AF","2017/08/23","2018/05/22",NA,"Western","لویدیځه حوزه","WR"
3.08506456271,0.336752172263,"Qala-e-Kah","قلعه کاه","AF3304",NA,NA,NA,NA,NA,"Farah","فراه","AF33","Afghanistan","افغانستان","AF","2017/08/23","2018/05/22",NA,"Western","لویدیځه حوزه","WR"
1.23086817709,0.0642971873066,"Qala-e-Naw","قلعه نو","AF3101",NA,"Centre",NA,NA,NA,"Badghis","بادغیس","AF31","Afghanistan","افغانستان","AF","2017/08/23","2018/05/22",NA,"Western","لویدیځه حوزه","WR"
2.06707840891,0.214642346276,"Qala-e-Zal","قلعه ذال","AF1907",NA,"Qalai Zal",NA,NA,NA,"Kunduz","کندز","AF19","Afghanistan","افغانستان","AF","2017/08/23","2018/05/22",NA,"North Eastern","سهیل ختیځه حوزه","NE"
0.665963753178,0.0152416055258,"Qalandar","قلندر","AF1410",NA,NA,NA,NA,NA,"Khost","خوست","AF14","Afghanistan","افغانستان","AF","2017/08/23","2018/05/22",NA,"South Eastern","جنوب ختیځه حوزه","SE"
2.12880937483,0.175619196547,"Qalat","قلات","AF2601",NA,"Centre",NA,NA,NA,"Zabul","زابل","AF26","Afghanistan","افغانستان","AF","2017/08/23","2018/05/22",NA,"Southern","جنوبی حوزه","SR"
0.86100556666,0.0205781701413,"Qara Bagh","قره باغ","AF0114",NA,NA,NA,NA,NA,"Kabul","کابل","AF01","Afghanistan","افغانستان","AF","2017/08/23","2018/05/22",NA,"Capital","مرکزی حوزه","CR"
1.95109017773,0.159339359362,"Qara Bagh","قره باغ","AF1111",NA,NA,NA,NA,NA,"Ghazni","غزنی","AF11","Afghanistan","افغانستان","AF","2017/08/23","2018/05/22",NA,"South Eastern","جنوب ختیځه حوزه","SE"
1.83372413011,0.107567395784,"Qaram Qul","قرم قل","AF2911",NA,NA,NA,NA,NA,"Faryab","فاریاب","AF29","Afghanistan","افغانستان","AF","2017/08/23","2018/05/22",NA,"Northern","سهیلی حوزه","NR"
1.72792683387,0.0871031052659,"Qarghayi","قرغه ئی","AF0702",NA,NA,NA,NA,NA,"Laghman","لغمان","AF07","Afghanistan","افغانستان","AF","2017/08/23","2018/05/22",NA,"Eastern","ختیځه حوزه","ER"
1.6542682198,0.125396732858,"Qarqin","قرقین","AF2810",NA,NA,NA,NA,NA,"Jawzjan","جوزجان","AF28","Afghanistan","افغانستان","AF","2017/08/23","2018/05/22",NA,"Northern","سهیلی حوزه","NR"
2.88673447401,0.252326266418,"Qaysar","قیصار","AF2907",NA,NA,NA,NA,NA,"Faryab","فاریاب","AF29","Afghanistan","افغانستان","AF","2017/08/23","2018/05/22",NA,"Northern","سهیلی حوزه","NR"
1.18197609007,0.081937448632,"Qurghan","قرغان","AF2912",NA,NA,NA,NA,NA,"Faryab","فاریاب","AF29","Afghanistan","افغانستان","AF","2017/08/23","2018/05/22",NA,"Northern","سهیلی حوزه","NR"
1.23780798334,0.0881722841923,"Qush Tepa","قوش تیپه","AF2805",NA,NA,NA,NA,NA,"Jawzjan","جوزجان","AF28","Afghanistan","افغانستان","AF","2017/08/23","2018/05/22",NA,"Northern","سهیلی حوزه","NR"
2.20907275877,0.132512333802,"Raghestan","راغستان","AF1714",NA,NA,NA,NA,NA,"Badakhshan","بدخشان","AF17","Afghanistan","افغانستان","AF","2017/08/23","2018/05/22",NA,"North Eastern","سهیل ختیځه حوزه","NE"
0.903040812093,0.0377498955653,"Rashidan","رشیدان","AF1109",NA,NA,NA,NA,NA,"Ghazni","غزنی","AF11","Afghanistan","افغانستان","AF","2017/08/23","2018/05/22",NA,"South Eastern","جنوب ختیځه حوزه","SE"
4.68283126214,1.26237897911,"Reg","ریگ ( شگه )","AF2716",NA,"Shiga","Registan",NA,NA,"Kandahar","کندهار","AF27","Afghanistan","افغانستان","AF","2017/08/23","2018/05/22",NA,"Southern","جنوبی حوزه","SR"
4.34416191384,0.685163501755,"Reg-i-Khan Nishin","ریگ خان نشین","AF3011",NA,"Reg",NA,NA,NA,"Hilmand","هلمند","AF30","Afghanistan","افغانستان","AF","2017/08/23","2018/05/22",NA,"Southern","جنوبی حوزه","SR"
0.985592217195,0.0348956451663,"Rodat","رودات","AF0607",NA,NA,NA,NA,NA,"Nangarhar","ننگرهار","AF06","Afghanistan","افغانستان","AF","2017/08/23","2018/05/22",NA,"Eastern","ختیځه حوزه","ER"
2.22271206367,0.188921907165,"Rostaq","رُستاق","AF1810",NA,NA,NA,NA,NA,"Takhar","تخار","AF18","Afghanistan","افغانستان","AF","2017/08/23","2018/05/22",NA,"North Eastern","سهیل ختیځه حوزه","NE"
0.738321970665,0.0162097372721,"Rukha","رُخه","AF0802",NA,NA,NA,NA,NA,"Panjsher","پنجشیر","AF08","Afghanistan","افغانستان","AF","2017/08/23","2018/05/22",NA,"Capital","مرکزی حوزه","CR"
2.5758661435,0.237480742638,"Ruy-e-Duab","روی دو آب","AF2005",NA,NA,NA,NA,NA,"Samangan","سمنگان","AF20","Afghanistan","افغانستان","AF","2017/08/23","2018/05/22",NA,"Northern","سهیلی حوزه","NR"
1.0486058194,0.0401609109744,"Sabari","صبری","AF1407",NA,"Yaqubi",NA,NA,NA,"Khost","خوست","AF14","Afghanistan","افغانستان","AF","2017/08/23","2018/05/22",NA,"South Eastern","جنوب ختیځه حوزه","SE"
3.40322078536,0.256753050294,"Saghar","ساغر","AF2310",NA,NA,NA,NA,NA,"Ghor","غور","AF23","Afghanistan","افغانستان","AF","2017/08/23","2018/05/22",NA,"Western","لویدیځه حوزه","WR"
1.13982000781,0.0515620731946,"Salang","سالنگ","AF0306",NA,NA,NA,NA,NA,"Parwan","پروان","AF03","Afghanistan","افغانستان","AF","2017/08/23","2018/05/22",NA,"Capital","مرکزی حوزه","CR"
1.9136068697,0.105752550034,"Sancharak","سانچارك","AF2205",NA,"Sangchark",NA,NA,NA,"Sar-e-Pul","سرپل","AF22","Afghanistan","افغانستان","AF","2017/08/23","2018/05/22",NA,"Northern","سهیلی حوزه","NR"
2.54020056213,0.175273985614,"Sang-e-Takht","سنگ تخت","AF2407",NA,NA,NA,NA,NA,"Daykundi","دایکندی","AF24","Afghanistan","افغانستان","AF","2017/08/23","2018/05/22",NA,"Central Highland","لوړه مرکزی حوزه","CH"
1.33175153508,0.0608206243877,"Sangin","سنگین","AF3008",NA,NA,NA,NA,NA,"Hilmand","هلمند","AF30","Afghanistan","افغانستان","AF","2017/08/23","2018/05/22",NA,"Southern","جنوبی حوزه","SR"
2.96359641479,0.205766575565,"Sar-e-Pul","سرپل","AF2201",NA,"Centre",NA,NA,NA,"Sar-e-Pul","سرپل","AF22","Afghanistan","افغانستان","AF","2017/08/23","2018/05/22",NA,"Northern","سهیلی حوزه","NR"
0.740079606137,0.0195322533203,"Sar Kani","سرکانی","AF1505",NA,NA,NA,NA,NA,"Kunar","کنر ها","AF15","Afghanistan","افغانستان","AF","2017/08/23","2018/05/22",NA,"Eastern","ختیځه حوزه","ER"
1.32089469769,0.0649086228597,"Sar Rawzah","سرروضه (سرحوضه)","AF1205",NA,"Sar Hawzah",NA,NA,NA,"Paktika","پکتیکا","AF12","Afghanistan","افغانستان","AF","2017/08/23","2018/05/22",NA,"South Eastern","جنوب ختیځه حوزه","SE"
1.88161811878,0.13352858388,"Sayad","صیاد","AF2202",NA,NA,NA,NA,NA,"Sar-e-Pul","سرپل","AF22","Afghanistan","افغانستان","AF","2017/08/23","2018/05/22",NA,"Northern","سهیلی حوزه","NR"
1.87921364043,0.106829747312,"Saydabad","سید آباد","AF0405",NA,NA,NA,NA,NA,"Maidan Wardak","میدان وردک","AF04","Afghanistan","افغانستان","AF","2017/08/23","2018/05/22",NA,"Capital","مرکزی حوزه","CR"
1.0308536872,0.0439374695243,"Sayed Karam","سیدکرم","AF1306",NA,NA,NA,NA,NA,"Paktya","پکتیا","AF13","Afghanistan","افغانستان","AF","2017/08/23","2018/05/22",NA,"South Eastern","جنوب ختیځه حوزه","SE"
0.369074339061,0.00453669621334,"Sayed Khel","سیدخیل","AF0304",NA,NA,NA,NA,NA,"Parwan","پروان","AF03","Afghanistan","افغانستان","AF","2017/08/23","2018/05/22",NA,"Capital","مرکزی حوزه","CR"
2.16250487137,0.171343059143,"Sayghan","سیغان","AF1003",NA,NA,NA,NA,NA,"Bamyan","بامیان","AF10","Afghanistan","افغانستان","AF","2017/08/23","2018/05/22",NA,"Central Highland","لوړه مرکزی حوزه","CH"
2.17145675703,0.164940586877,"Shah Joi","شاه جوی","AF2606",NA,NA,NA,NA,NA,"Zabul","زابل","AF26","Afghanistan","افغانستان","AF","2017/08/23","2018/05/22",NA,"Southern","جنوبی حوزه","SR"
3.62311446261,0.312873829016,"Shah Wali Kot","شاه ولی کوت","AF2706",NA,NA,NA,NA,NA,"Kandahar","کندهار","AF27","Afghanistan","افغانستان","AF","2017/08/23","2018/05/22",NA,"Southern","جنوبی حوزه","SR"
2.45736861573,0.178812580309,"Shahid-e-Hassas","شهید حساس","AF2504",NA,"Charchino",NA,NA,NA,"Uruzgan","ارزگان","AF25","Afghanistan","افغانستان","AF","2017/08/23","2018/05/22",NA,"Southern","جنوبی حوزه","SR"
1.64512118472,0.099436937882,"Shahr-e-Buzorg","شهر بزرگ","AF1713",NA,NA,NA,NA,NA,"Badakhshan","بدخشان","AF17","Afghanistan","افغانستان","AF","2017/08/23","2018/05/22",NA,"North Eastern","سهیل ختیځه حوزه","NE"
3.95706421522,0.422495274184,"Shahrak","شهرک","AF2306",NA,NA,NA,NA,NA,"Ghor","غور","AF23","Afghanistan","افغانستان","AF","2017/08/23","2018/05/22",NA,"Western","لویدیځه حوزه","WR"
2.7803361179,0.178136371867,"Shahrestan","شهرستان","AF2402",NA,NA,NA,NA,NA,"Daykundi","دایکندی","AF24","Afghanistan","افغانستان","AF","2017/08/23","2018/05/22",NA,"Central Highland","لوړه مرکزی حوزه","CH"
1.01493518245,0.0312564326256,"Shakar Dara","شکردره","AF0106",NA,NA,NA,NA,NA,"Kabul","کابل","AF01","Afghanistan","افغانستان","AF","2017/08/23","2018/05/22",NA,"Capital","مرکزی حوزه","CR"
1.46833517266,0.0638675095621,"Shaki","شکی","AF1724",NA,NA,NA,NA,NA,"Badakhshan","بدخشان","AF17","Afghanistan","افغانستان","AF","2017/08/23","2018/05/22",NA,"North Eastern","سهیل ختیځه حوزه","NE"
0.604093293993,0.0166260857098,"Shamal","شمل","AF1412",NA,"Dowa Mandi",NA,NA,NA,"Khost","خوست","AF14","Afghanistan","افغانستان","AF","2017/08/23","2018/05/22",NA,"South Eastern","جنوب ختیځه حوزه","SE"
2.70613014719,0.275392793664,"Shamul Zayi","شملزائی","AF2610",NA,NA,NA,NA,NA,"Zabul","زابل","AF26","Afghanistan","افغانستان","AF","2017/08/23","2018/05/22",NA,"Southern","جنوبی حوزه","SR"
0.444940650572,0.00835223891413,"Sharak-e-Hayratan","شهرک حیرتان","AF2116",NA,NA,NA,NA,NA,"Balkh","بلخ","AF21","Afghanistan","افغانستان","AF","2017/08/23","2018/05/22",NA,"Northern","سهیلی حوزه","NR"
1.15562717835,0.0519545139595,"Sharan","شرن","AF1201",NA,"Centre",NA,NA,NA,"Paktika","پکتیکا","AF12","Afghanistan","افغانستان","AF","2017/08/23","2018/05/22",NA,"South Eastern","جنوب ختیځه حوزه","SE"
0.529212936565,0.0103830446667,"Shawak","شواک","AF1304",NA,NA,NA,NA,NA,"Paktya","پکتیا","AF13","Afghanistan","افغانستان","AF","2017/08/23","2018/05/22",NA,"South Eastern","جنوب ختیځه حوزه","SE"
1.34617425513,0.0908695690738,"Shekh Ali","شیخ علی","AF0310",NA,NA,NA,NA,NA,"Parwan","پروان","AF03","Afghanistan","افغانستان","AF","2017/08/23","2018/05/22",NA,"Capital","مرکزی حوزه","CR"
1.06234936562,0.0456048910014,"Sherzad","شیرزاد","AF0619",NA,NA,NA,NA,NA,"Nangarhar","ننگرهار","AF06","Afghanistan","افغانستان","AF","2017/08/23","2018/05/22",NA,"Eastern","ختیځه حوزه","ER"
2.33527111945,0.128162013008,"Shibar","شیبر","AF1002",NA,NA,NA,NA,NA,"Bamyan","بامیان","AF10","Afghanistan","افغانستان","AF","2017/08/23","2018/05/22",NA,"Central Highland","لوړه مرکزی حوزه","CH"
2.30477700616,0.217758713437,"Shiberghan","شبرغان","AF2801",NA,"Centre",NA,NA,NA,"Jawzjan","جوزجان","AF28","Afghanistan","افغانستان","AF","2017/08/23","2018/05/22",NA,"Northern","سهیلی حوزه","NR"
2.80958664591,0.263635831057,"Shibkoh","شیب کوه","AF3305",NA,NA,NA,NA,NA,"Farah","فراه","AF33","Afghanistan","افغانستان","AF","2017/08/23","2018/05/22",NA,"Western","لویدیځه حوزه","WR"
1.10195651108,0.0434177318811,"Shigal","شیگل وشلتن","AF1506",NA,NA,NA,NA,NA,"Kunar","کنر ها","AF15","Afghanistan","افغانستان","AF","2017/08/23","2018/05/22",NA,"Eastern","ختیځه حوزه","ER"
3.0049737296,0.360003723536,"Shighnan","شغنان","AF1719",NA,NA,NA,NA,NA,"Badakhshan","بدخشان","AF17","Afghanistan","افغانستان","AF","2017/08/23","2018/05/22",NA,"North Eastern","سهیل ختیځه حوزه","NE"
6.16768168145,0.671098997231,"Shindand","شیندند","AF3214",NA,NA,NA,NA,NA,"Hirat","هرات","AF32","Afghanistan","افغانستان","AF","2017/08/23","2018/05/22",NA,"Western","لویدیځه حوزه","WR"
2.89222487458,0.21829768311,"Shinkay","شینکی","AF2603",NA,NA,NA,NA,NA,"Zabul","زابل","AF26","Afghanistan","افغانستان","AF","2017/08/23","2018/05/22",NA,"Southern","جنوبی حوزه","SR"
0.410163485139,0.00856881235136,"Shinwar","شینوار","AF0616",NA,"Ghani Khail",NA,NA,NA,"Nangarhar","ننگرهار","AF06","Afghanistan","افغانستان","AF","2017/08/23","2018/05/22",NA,"Eastern","ختیځه حوزه","ER"
1.40078357471,0.0713791066598,"Shinwari","شینواری","AF0303",NA,NA,NA,NA,NA,"Parwan","پروان","AF03","Afghanistan","افغانستان","AF","2017/08/23","2018/05/22",NA,"Capital","مرکزی حوزه","CR"
2.98053450292,0.196051206189,"Shirin Tagab","شیرین تگاب","AF2906",NA,NA,NA,NA,NA,"Faryab","فاریاب","AF29","Afghanistan","افغانستان","AF","2017/08/23","2018/05/22",NA,"Northern","سهیلی حوزه","NR"
2.3264047734,0.179665122124,"Sholgareh","شولگره","AF2107",NA,NA,NA,NA,NA,"Balkh","بلخ","AF21","Afghanistan","افغانستان","AF","2017/08/23","2018/05/22",NA,"Northern","سهیلی حوزه","NR"
2.88835270347,0.390345760682,"Shorabak","شور آبک","AF2714",NA,NA,NA,NA,NA,"Kandahar","کندهار","AF27","Afghanistan","افغانستان","AF","2017/08/23","2018/05/22",NA,"Southern","جنوبی حوزه","SR"
2.7865807597,0.148326928192,"Shortepa","شور تیپه","AF2112",NA,NA,NA,NA,NA,"Balkh","بلخ","AF21","Afghanistan","افغانستان","AF","2017/08/23","2018/05/22",NA,"Northern","سهیلی حوزه","NR"
1.99243657725,0.157875308713,"Shuhada","شهدا","AF1712",NA,NA,NA,NA,NA,"Badakhshan","بدخشان","AF17","Afghanistan","افغانستان","AF","2017/08/23","2018/05/22",NA,"North Eastern","سهیل ختیځه حوزه","NE"
0.773122718411,0.0224207901977,"Shutul","شُتل","AF0806",NA,NA,NA,NA,NA,"Panjsher","پنجشیر","AF08","Afghanistan","افغانستان","AF","2017/08/23","2018/05/22",NA,"Capital","مرکزی حوزه","CR"
1.39587821152,0.0583375986079,"Sozmaqala","سوزمه قلعه","AF2204",NA,NA,NA,NA,NA,"Sar-e-Pul","سرپل","AF22","Afghanistan","افغانستان","AF","2017/08/23","2018/05/22",NA,"Northern","سهیلی حوزه","NR"
1.08935080322,0.0475817484367,"Spera","سپیره","AF1411",NA,NA,NA,NA,NA,"Khost","خوست","AF14","Afghanistan","افغانستان","AF","2017/08/23","2018/05/22",NA,"South Eastern","جنوب ختیځه حوزه","SE"
3.59944023515,0.536279510714,"Spin Boldak","سپین بولدک","AF2711",NA,NA,NA,NA,NA,"Kandahar","کندهار","AF27","Afghanistan","افغانستان","AF","2017/08/23","2018/05/22",NA,"Southern","جنوبی حوزه","SR"
1.84060480842,0.114682295203,"Surkh-e-Parsa","سرخ پارسا","AF0309",NA,NA,NA,NA,NA,"Parwan","پروان","AF03","Afghanistan","افغانستان","AF","2017/08/23","2018/05/22",NA,"Capital","مرکزی حوزه","CR"
1.01589047788,0.0377203309204,"Surkh Rod","سرخ رود","AF0603",NA,NA,NA,NA,NA,"Nangarhar","ننگرهار","AF06","Afghanistan","افغانستان","AF","2017/08/23","2018/05/22",NA,"Eastern","ختیځه حوزه","ER"
2.53764950171,0.12862565763,"Surobi","سروبی","AF0115",NA,NA,NA,NA,NA,"Kabul","کابل","AF01","Afghanistan","افغانستان","AF","2017/08/23","2018/05/22",NA,"Capital","مرکزی حوزه","CR"
0.869122007584,0.0290552261996,"Surobi","سروبی","AF1210",NA,NA,NA,NA,NA,"Paktika","پکتیکا","AF12","Afghanistan","افغانستان","AF","2017/08/23","2018/05/22",NA,"South Eastern","جنوب ختیځه حوزه","SE"
1.46578867257,0.0514755706044,"Tagab","تگاب","AF0206",NA,NA,NA,NA,NA,"Kapisa","کاپیسا","AF02","Afghanistan","افغانستان","AF","2017/08/23","2018/05/22",NA,"Capital","مرکزی حوزه","CR"
1.69232292306,0.140838667213,"Tagab","تگاب","AF1717",NA,"Kishmi Bala",NA,NA,NA,"Badakhshan","بدخشان","AF17","Afghanistan","افغانستان","AF","2017/08/23","2018/05/22",NA,"North Eastern","سهیل ختیځه حوزه","NE"
2.87213173806,0.285476815082,"Tala Wa Barfak","تاله وبرفک","AF0911",NA,NA,NA,NA,NA,"Baghlan","بغلان","AF09","Afghanistan","افغانستان","AF","2017/08/23","2018/05/22",NA,"North Eastern","سهیل ختیځه حوزه","NE"
1.88872158244,0.0856040594113,"Taloqan","تالقان","AF1801",NA,"Centre",NA,NA,NA,"Takhar","تخار","AF18","Afghanistan","افغانستان","AF","2017/08/23","2018/05/22",NA,"North Eastern","سهیل ختیځه حوزه","NE"
1.05620542878,0.0416279153798,"Tani","تنی","AF1404",NA,"Dargai",NA,NA,NA,"Khost","خوست","AF14","Afghanistan","افغانستان","AF","2017/08/23","2018/05/22",NA,"South Eastern","جنوب ختیځه حوزه","SE"
2.06345271429,0.143186823841,"Tarnak Wa Jaldak","ترنک و جلدک","AF2602",NA,"Shahr-e-Safa",NA,NA,NA,"Zabul","زابل","AF26","Afghanistan","افغانستان","AF","2017/08/23","2018/05/22",NA,"Southern","جنوبی حوزه","SR"
3.36311515876,0.354443101536,"Taywarah","تیوره","AF2308",NA,NA,NA,NA,NA,"Ghor","غور","AF23","Afghanistan","افغانستان","AF","2017/08/23","2018/05/22",NA,"Western","لویدیځه حوزه","WR"
1.07541993719,0.0384516643293,"Terezayi","تری زائی","AF1408",NA,"Ali Sher",NA,NA,NA,"Khost","خوست","AF14","Afghanistan","افغانستان","AF","2017/08/23","2018/05/22",NA,"South Eastern","جنوب ختیځه حوزه","SE"
1.99951485597,0.0851221354109,"Teshkan","تشکان","AF1711",NA,NA,NA,NA,NA,"Badakhshan","بدخشان","AF17","Afghanistan","افغانستان","AF","2017/08/23","2018/05/22",NA,"North Eastern","سهیل ختیځه حوزه","NE"
2.40729693458,0.169205142406,"Tirinkot","تیرینکوت","AF2501",NA,"Centre",NA,NA,NA,"Uruzgan","ارزگان","AF25","Afghanistan","افغانستان","AF","2017/08/23","2018/05/22",NA,"Southern","جنوبی حوزه","SR"
2.76044788268,0.262955381073,"Tolak","تولک","AF2309",NA,NA,NA,NA,NA,"Ghor","غور","AF23","Afghanistan","افغانستان","AF","2017/08/23","2018/05/22",NA,"Western","لویدیځه حوزه","WR"
1.97761064815,0.135771594383,"Turwo","تروو","AF1219",NA,"Tarwe",NA,NA,NA,"Paktika","پکتیکا","AF12","Afghanistan","افغانستان","AF","2017/08/23","2018/05/22",NA,"South Eastern","جنوب ختیځه حوزه","SE"
1.23820280918,0.0493518309584,"Urgun","ارگون","AF1211",NA,NA,NA,NA,NA,"Paktika","پکتیکا","AF12","Afghanistan","افغانستان","AF","2017/08/23","2018/05/22",NA,"South Eastern","جنوب ختیځه حوزه","SE"
0.838872196854,0.0379880844042,"Waghaz","واغظ","AF1104",NA,NA,NA,NA,NA,"Ghazni","غزنی","AF11","Afghanistan","افغانستان","AF","2017/08/23","2018/05/22",NA,"South Eastern","جنوب ختیځه حوزه","SE"
10.0454251726,1.10578435952,"Wakhan","واخان","AF1728",NA,NA,NA,NA,NA,"Badakhshan","بدخشان","AF17","Afghanistan","افغانستان","AF","2017/08/23","2018/05/22",NA,"North Eastern","سهیل ختیځه حوزه","NE"
0.550109286586,0.0136781317164,"Wal-e-Muhammad-e-Shahid","ولی محمد شهید","AF1102",NA,"Khugyani",NA,NA,NA,"Ghazni","غزنی","AF11","Afghanistan","افغانستان","AF","2017/08/23","2018/05/22",NA,"South Eastern","جنوب ختیځه حوزه","SE"
0.866198616122,0.0278556302658,"Wama","واما","AF1603",NA,NA,NA,NA,NA,"Nuristan","نورستان","AF16","Afghanistan","افغانستان","AF","2017/08/23","2018/05/22",NA,"Eastern","ختیځه حوزه","ER"
3.08733096446,0.292918222938,"Waras","ورث","AF1007",NA,NA,NA,NA,NA,"Bamyan","بامیان","AF10","Afghanistan","افغانستان","AF","2017/08/23","2018/05/22",NA,"Central Highland","لوړه مرکزی حوزه","CH"
1.61250088946,0.0894781956765,"Warduj","وردوج","AF1716",NA,NA,NA,NA,NA,"Badakhshan","بدخشان","AF17","Afghanistan","افغانستان","AF","2017/08/23","2018/05/22",NA,"North Eastern","سهیل ختیځه حوزه","NE"
2.45672260644,0.270142615369,"Warsaj","ورسج","AF1813",NA,NA,NA,NA,NA,"Takhar","تخار","AF18","Afghanistan","افغانستان","AF","2017/08/23","2018/05/22",NA,"North Eastern","سهیل ختیځه حوزه","NE"
3.32143768594,0.441656720735,"Washer","واشیر","AF3005",NA,NA,NA,NA,NA,"Hilmand","هلمند","AF30","Afghanistan","افغانستان","AF","2017/08/23","2018/05/22",NA,"Southern","جنوبی حوزه","SR"
0.719744638163,0.0249163764135,"Watapur","وته پور","AF1503",NA,NA,NA,NA,NA,"Kunar","کنر ها","AF15","Afghanistan","افغانستان","AF","2017/08/23","2018/05/22",NA,"Eastern","ختیځه حوزه","ER"
1.44386560695,0.0748324865758,"Waygal","وایگل","AF1602",NA,NA,NA,NA,NA,"Nuristan","نورستان","AF16","Afghanistan","افغانستان","AF","2017/08/23","2018/05/22",NA,"Eastern","ختیځه حوزه","ER"
2.15335576872,0.16844372714,"Wazakhah","وازه خواه","AF1217",NA,NA,NA,NA,NA,"Paktika","پکتیکا","AF12","Afghanistan","افغانستان","AF","2017/08/23","2018/05/22",NA,"South Eastern","جنوب ختیځه حوزه","SE"
2.94915533518,0.304132554453,"Wormamay","وړ ممی","AF1218",NA,NA,NA,NA,NA,"Paktika","پکتیکا","AF12","Afghanistan","افغانستان","AF","2017/08/23","2018/05/22",NA,"South Eastern","جنوب ختیځه حوزه","SE"
1.17500380343,0.0613068077798,"Yaftal-e-Sufla","یفتل سفلی","AF1704",NA,NA,NA,NA,NA,"Badakhshan","بدخشان","AF17","Afghanistan","افغانستان","AF","2017/08/23","2018/05/22",NA,"North Eastern","سهیل ختیځه حوزه","NE"
0.73707093679,0.0335795863716,"Yahya Khel","یحی خیل","AF1204",NA,NA,NA,NA,NA,"Paktika","پکتیکا","AF12","Afghanistan","افغانستان","AF","2017/08/23","2018/05/22",NA,"South Eastern","جنوب ختیځه حوزه","SE"
4.43898493878,0.66910439702,"Yakawlang","یکاولنگ","AF1005",NA,NA,NA,NA,NA,"Bamyan","بامیان","AF10","Afghanistan","افغانستان","AF","2017/08/23","2018/05/22",NA,"Central Highland","لوړه مرکزی حوزه","CH"
2.27097515631,0.17702292109,"Yamgan","یمگان","AF1718",NA,"Girwan",NA,NA,NA,"Badakhshan","بدخشان","AF17","Afghanistan","افغانستان","AF","2017/08/23","2018/05/22",NA,"North Eastern","سهیل ختیځه حوزه","NE"
0.738148847376,0.0266488387887,"Yangi Qala","ینگی قلعه","AF1817",NA,NA,NA,NA,NA,"Takhar","تخار","AF18","Afghanistan","افغانستان","AF","2017/08/23","2018/05/22",NA,"North Eastern","سهیل ختیځه حوزه","NE"
1.25029237464,0.0450635091118,"Yawan","یاوان","AF1709",NA,NA,NA,NA,NA,"Badakhshan","بدخشان","AF17","Afghanistan","افغانستان","AF","2017/08/23","2018/05/22",NA,"North Eastern","سهیل ختیځه حوزه","NE"
1.25176110192,0.0504768786673,"Yosuf Khel","یوسف خیل","AF1203",NA,NA,NA,NA,NA,"Paktika","پکتیکا","AF12","Afghanistan","افغانستان","AF","2017/08/23","2018/05/22",NA,"South Eastern","جنوب ختیځه حوزه","SE"
1.21577340661,0.0487841813729,"Zadran","حّدران","AF1305",NA,"Wuza Zadran",NA,NA,NA,"Paktya","پکتیا","AF13","Afghanistan","افغانستان","AF","2017/08/23","2018/05/22",NA,"South Eastern","جنوب ختیځه حوزه","SE"
0.903610726366,0.0293583177318,"Zanakhan","زنه خان","AF1108",NA,NA,NA,NA,NA,"Ghazni","غزنی","AF11","Afghanistan","افغانستان","AF","2017/08/23","2018/05/22",NA,"South Eastern","جنوب ختیځه حوزه","SE"
1.84500703841,0.111367225174,"Zaranj","زرنج","AF3401",NA,"Centre",NA,NA,NA,"Nimroz","نیمروز","AF34","Afghanistan","افغانستان","AF","2017/08/23","2018/05/22",NA,"Southern","جنوبی حوزه","SR"
1.00210062108,0.0456574465897,"Zarghun Shahr","زرغون شهر","AF1207",NA,NA,NA,NA,NA,"Paktika","پکتیکا","AF12","Afghanistan","افغانستان","AF","2017/08/23","2018/05/22",NA,"South Eastern","جنوب ختیځه حوزه","SE"
1.55399593363,0.0831327965496,"Zari","زاری","AF2115",NA,NA,NA,NA,NA,"Balkh","بلخ","AF21","Afghanistan","افغانستان","AF","2017/08/23","2018/05/22",NA,"Northern","سهیلی حوزه","NR"
2.19496625692,0.162843102892,"Zebak","زیباک","AF1725",NA,NA,NA,NA,NA,"Badakhshan","بدخشان","AF17","Afghanistan","افغانستان","AF","2017/08/23","2018/05/22",NA,"North Eastern","سهیل ختیځه حوزه","NE"
1.26784132989,0.0639338112123,"Zheray","ژړۍ","AF2705",NA,NA,NA,NA,NA,"Kandahar","کندهار","AF27","Afghanistan","افغانستان","AF","2017/08/23","2018/05/22",NA,"Southern","جنوبی حوزه","SR"
2.90616244236,0.244992413272,"Zindajan","زنده جان","AF3205",NA,NA,NA,NA,NA,"Hirat","هرات","AF32","Afghanistan","افغانستان","AF","2017/08/23","2018/05/22",NA,"Western","لویدیځه حوزه","WR"
0.733928471686,0.0206837963235,"Ziruk","زیړوک","AF1212",NA,NA,NA,NA,NA,"Paktika","پکتیکا","AF12","Afghanistan","افغانستان","AF","2017/08/23","2018/05/22",NA,"South Eastern","جنوب ختیځه حوزه","SE"
1.85004968642,0.137169577753,"Zurmat","زُرمت","AF1303",NA,NA,NA,NA,NA,"Paktya","پکتیا","AF13","Afghanistan","افغانستان","AF","2017/08/23","2018/05/22",NA,"South Eastern","جنوب ختیځه حوزه","SE"
