2018_IEC_province_code,2012_AGCHO_province_code,2010_IEC_province_code,2010_IEC_district_name_eng,2010_IEC_district_code,2012_AGCHO_district_name_eng,2012_AGCHO_district_code,2018_IEC_district_name_eng,2018_IEC_district_code,matched_to_2012_AGCHO_district_code,matched_to_2010_IEC_district_code,district_name_dari,district_name_pashto,alternate_dari_pashto,district_description_via_Map_Sync_Project
17,15,14,FAIZ ABAD,1401,Fayzabad,1501,Fayzabad,1701,1501,1401,فیض آباد,فیض آباد,,"Faiz Abad, Fayzabad.  (There is also a Faizabad district in Jowzjan.)"
17,15,14,YAFTAL PAYAN,1402,Yaftal-e-Sufla,1502,Yaftal-e-Sufla,1704,1502,1402,یفتل سفلی,يفتل سفلی,,"Yaftal-e-Sufla, Yaftal Payin, Yaftal-i-Paen, Lower Yaftal."
17,15,14,URGO,1403,Argo,1503,Argo,1702,1503,1403,ارگو,ارگو,,"Argo, Orgu."
17,15,14,DARAYEM,1404,Darayem,1510,Darayem,1707,1510,1404,درایم,درايم,,"Darayim, Darayem, Darah Aim."
17,15,14,KHASH,1405,Khash,1511,Khash,1705,1511,1405,خاش,خاش,,Khash.
17,15,14,JURM,1406,Jorm,1521,Jorm,1710,1521,1406,جرم,جرم,,"Jurm, Jorm, Juram."
17,15,14,WARDOUJ,1407,Warduj,1522,Warduj,1716,1522,1407,وردوج,وردوج,,"Wardooj, Warduj."
17,15,14,BAHARAK (BADAKHSHAN),1408,Baharak,1512,Baharak,1706,1512,1408,بهارک,بهارک,,"Baharak, Bahorak.  (There is also a Baharak district in Takhar.)"
17,15,14,SHUHADA,1409,Shuhada,1513,Shuhada,1712,1513,1409,شهدا,شهدا,,"Shuhada, Shohada."
17,15,14,KOHISTAN (BADAKHSHAN),1410,Kohestan,1505,Kohestan,1708,1505,1410,کوهستان,کوهستان,,"Kohistan, Kohestiani.  (There is also a Kohistan in Faryab, a Hissa-e-Awali Kohistan in Kapisa, a Hissa-e Duome Kohistan in Kapisa, and a Kohistanat in Saripul.)"
17,15,14,YAWAN,1411,Yawan,1507,Yawan,1709,1507,1411,یاوان,ياوان,,Yawan.
17,15,14,SHAHR-E-BUZURG,1412,Shahr-e-Buzorg,1508,Shahr-e-Buzorg,1713,1508,1412,شهربزرگ,شهربزرگ,,"Shahri Buzurg, Shahr-e-Buzorg, Shahr-e Buzurg, Shar-e-Buzurg."
17,15,14,KISHM,1413,Keshem,1518,Keshem,1715,1518,1413,کشم,کشم,,"Kishim, Keshem, Keshm."
17,15,14,TAGAB (KESHM BALA),1414,Tagab,1519,Tagab,1717,1519,1414,تگاب,تگاب,,"Tagab, Tagau."
17,15,14,TASHKAN,1415,Teshkan,1509,Teshkan,1711,1509,1415,تشکان,تشکان,,"Tashkan, Teshkan."
17,15,14,KARAN-O-MENJAN,1416,Koran wa Monjan,1526,Koran wa Monjan,1726,1526,1416,کرا ن ومنجان,کرا ن و منجان,,"Kiran Wa Menjan, Kirn wa Manjan, Koran o Monjan."
17,15,14,ZEBAK,1417,Zebak,1527,Zebak,1725,1527,1417,زیباک,زيباک,,"Zebak, Zibak."
17,15,14,ESHKASHAM,1418,Eshkshim,1523,Eshkashem,1723,1523,1418,اشکاشم,اشکاشم,,"Eshkashim, Ishkashem.  (Eshkashim is sometimes confused with Eshkamish district of Takhar.)"
17,15,14,WAKHAN,1419,Wakhan,1528,Wakhan,1728,1528,1419,واخان,واخان,,Wakhan.
17,15,14,SHEGHNAN,1420,Shighnan,1514,Shighnan,1719,1514,1420,شیغنان,شيغنان,,Shighnan.
17,15,14,ARGHANJ KHAWA,1421,Arghanjkhwa,1504,Arghanj Khwa,1703,1504,1421,ارغنجخواه,ارغنجخو,,"Arghanj Khwah, Arghanjkhwa."
17,15,14,RAGHISTAN,1422,Raghestan,1506,Raghestan,1714,1506,1422,راغستان,راغستان,,"Raghistan, Ragh.  (There is also a Registan in Kandahar.)"
17,15,14,KHWAHAN,1423,Khwahan,1517,Khwahan,1720,1517,1423,خواهان,خواهان,,Khwahan.
17,15,14,KOF AB,1424,Kofab,1516,Kofab,1721,1516,1424,کوف آب,کوف آب,,"Kufab, Kofab, Kuf Ab."
17,15,14,YAMGAN (GRIWAN),1425,Yamgan,1520,Yamgan,1718,1520,1425,یمگان,يمگان,گیروان,"Yamgan, Girwan, Yumgan,."
17,15,14,DARWAZE-E PAYAN NUSAY,1426,Darwaz,1524,Darwaz-e-Payin,1722,1524,1426,درواز پائین,درواز پائين,نيسی,"Darwaz-e-Payin, Darwas-e Pa'in, Nesay, Nesai, Lower Darwaz.  (Several sources mistakenly reverse Mamai, the center of Darwaz-e-Bala, with Nesay, the center of Darwaz-e-Payin.)"
17,15,14,DARWAZE BALA MAMAI,1427,Darwaz-e-Balla,1515,Darwaz,1727,1515,1427,دروازبالا,دروازبالا,ما می,"Darwaz-e-Bala, Upper Darwaz, Mamai, Mam May.  (Several sources mistakenly reverse Mamai, the center of Darwaz-e-Bala, with Nesay, the center of Darwaz-e-Payin.)"
17,15,14,SHEIKE,1428,Shaki,1525,Shaki,1724,1525,1428,شکی,شکی,,"Shiki, Shaki, Shakai."
31,29,23,PROVINCIAL CENTER (QALA-I-NOW),2301,Qala-e-Naw,2901,Qala-e-Naw,3101,2901,2301,قلعه نو,قلعه نو,,"Qala-i-Now, Qala-e-Naw, Qal'ah-ye Now."
31,29,23,MUQUR (BADGHIS),2302,Muqur,2902,Muqur,3103,2902,2302,مقر,مقر,,"Muqur, Moqur, Moqor.  (There is also a Moqur district in Ghazni.)"
31,29,23,AB KAMARI,2303,Abkamari,2903,Ab Kamari,3102,2903,2303,آب کمری,آب کمری,,"Ab Kamari, Ab-e Kamari, Abkamari."
31,29,23,QADIS,2304,Qadis,2904,Qades,3104,2904,2304,قادس,قادس,,Qadis.  (Some consider Dara-e Bom to be a district.  It is included in Qadis here.)
31,29,23,JAWAND,2305,Jawand,2905,Jawand,3106,2905,2305,جوند,جون,,"Jawand, Jwand."
31,29,23,GHORMACH,2306,Ghormach,2907,Ghormach,3107,2907,2306,غور ماچ,غور ماچ,,"Ghormach, Ghormuch.  (All of the district sets presented here list Ghormach in Badghis.  The IDLG, along with many news sources, report it as part of Faryab.) "
31,29,23,MURGHAB,2307,Balamurghab,2906,Murghab,3105,2906,2307,یمگان,مرغاب,بالا مرغاب,"Murghab, Bala Murghab, Balamerghab."
9,9,16,PROVINCIAL CENTER (PUL-I-KHUMRI),1601,Pul-e-khumri,901,Pul-e-Khumri,901,901,1601,پلخمری,پلخمری,,"Pul-i-Khumri, Pul-e-Khumri."
9,9,16,BAGHLAN JADEED,1602,Baghlan-e-Jadid,902,Baghlan-e-Jadid,905,902,1602,بغلان جدید,بغلان جدي,,"Baghlan-e-Jadeed, Baghlani Markazi, Baghlan Markazi.  (There was once a ""Baghlan"" district.  It is now part of what all of these sets report as Baghlan-e-Jadeed.)"
9,9,16,DHANA-I-GHORI,1603,Dahana-e-Ghori,903,Dahana-e-Ghori,902,903,1603,دهنه غوری,دهنه غوری,,"Dahana-e-Ghuri, Dahanah-ye Ghori, Dahana-e-Ghori, Dand-e Ghor."
9,9,16,DOOSHI,1604,Doshi,904,Doshi,903,904,1604,دوشی,دوشی,,"Dushi, Doshi."
9,9,16,KHENJAN,1605,Khenjan,907,Khinjan,906,907,1605,خنجان,خنجان,,"Khinjan, Khenjan."
9,9,16,BANO ANDARAB,1606,Andarab,908,Andarab,907,908,1606,اندراب,اندراب,,"Andarab, Bano Andarab."
9,9,16,NAHREEN,1607,Nahrin,905,Nahren,904,905,1607,نهرین,نهرين,,"Nahreen, Nahrin, Narine."
9,9,16,BORKA,1608,Burka,910,Borka,910,910,1608,برکه,برکه,,"Burka, Barka."
9,9,16,TALA-O-BARFAK,1609,Tala wa Barfak,906,Tala Wa Barfak,911,906,1609,تاله وبر فک,تاله وبر فک,,"Tala Wa Barfak, Talah wa Barfak, Tala Barfak."
9,9,16,PUL-I-HESAR,1610,Pul-e-Hesar,911,Pul-e-Hisar,912,911,1610,پل حصار,پل حصار,,"Pul-e-Hisar, Pul-i Hesar, Pul-e Hesar, Pule Hisar."
9,9,16,DEHE SALAH,1611,Dehsalah,912,Deh Salah,908,912,1611,ده صلاح,ده صلاح,,"Deh Salah, Dehsalah, Deh-e Salah."
9,9,16,JELGA (KHWAJA HEJRAN),1612,Khwajahejran,909,Khwaja Hijran,909,909,1612,خواجه هجران,خواجه هجران,جلگه,"Khwaja Hejran, Jalga, Khwajahejran, Khwajah Higran."
9,9,16,KHOST-O-FERENG,1613,Khost Wa Fereng,913,Khost Wa Firing,913,913,1613,خوست و فرنگ,خوست و فرنگ,,"Khost Wa Firing, Khost Wa Fereng, Khost Ferent, Khost.  (Khost Wa Firing is not the same as Firing Wa Gharu of Baghlan.)"
9,9,16,FRENG-GHARO,1614,Fereng Wa Gharu,915,Firing Gharo,915,915,1614,فرنگ و غارو,فرنگ وغارو,,"Firing Wa Gharu, Fereng Wa Gharu, Farang wa Gharu, Farang."
9,9,16,GOZAR-GAHE-NOOR,1615,Guzargah-e-Nur,914,Guzargah-e-Nor,914,914,1615,گذرگاه نور,گذرگاه نور,,"Gozargah-e-Noor, Guzargah-e- Nur."
21,18,19,PROVINCIAL CENTER (MAZAR SHARIF),1901,Mazar-e-Sharif,1801,Mazar-e-Sharif,2101,1801,1901,مزار شریف,مزار شریف,,"Mazar-e-Sharif, Mazar-i-Sharif, Mazar."
21,18,19,DEHDADI,1902,Dehdadi,1806,Dehdadi,2103,1806,1902,دهدادی,دهدادی,,"Dehdadi, Dihdadi."
21,18,19,NAHR-E-SHAHI,1903,Nahr-e-Shahi,1802,Nahr-e-Shahi,2102,1802,1903,نهر شاهی,نهر شاهی,,"Nahri Shahi, Nahr-e Shahi."
21,18,19,MARMOL,1904,Marmul,1808,Marmul,2105,1808,1904,مارمل,مارمل,,Marmul.
21,18,19,KHOLM,1905,Khulm,1809,Khulm,2110,1809,1905,خلم,خلم,,"Khulm, Khulam, Tashqurghan, Tash Qurghan."
21,18,19,KALDAR,1906,Kaldar,1810,Kaldar,2113,1810,1906,کلدار,کلدار,,Kaldar.  (All three sets reported recognize Sharak-e-Hayratan as having been split from Kaldar.  The CSO 421 set (not listed here) shows Sharak-e-Hayratan as part of Kaldar.)
21,18,19,SHORTAPA,1907,Shortepa,1803,Shortepa,2112,1803,1907,شورتیپه,شورتيپى,,"Shortepa, Shortepah, Shortipa."
21,18,19,DAWLATABAD,1908,Dawlatabad,1804,Dawlatabad,2109,1804,1908,دولت اباد,دولت آبا,,"Dawlat Abad, Dawlatabad, Dolatabad.  (There is also a Dawlatabad in Faryab, and a Dawlatshah in Laghman, and a Dawlatyar in Ghor.)"
21,18,19,BALKH,1909,Balkh,1805,Balkh,2106,1805,1909,بلخ,بلخ,,Balkh.
21,18,19,CHARBOLAK,1910,Charbulak,1812,Char Bolak,2111,1812,1910,چار بولک,چار بولک,,"Char Bolak, Chahar Bulak, Charbulak."
21,18,19,CHAMTAL,1911,Chemtal,1813,Chimtal,2108,1813,1911,چمتال,چمتال,,"Chimtal, Chemtal, Tchimtal."
21,18,19,SHOLGARA,1912,Sholgareh,1814,Sholgareh,2107,1814,1912,شولگره,شولگرى,,"Sholgara, Sholgarah, Shulgara, Shulgar."
21,18,19,CHARKENT,1913,Charkent,1807,Char Kint,2104,1807,1913,چارکنت,چارکنت,,"Char Kent, Charkent, Charkint, Chahar Kent, Char Kant."
21,18,19,KOSHENDAH,1914,Keshendeh,1815,Kishindeh,2114,1815,1914,کشنده,کشندى,,"Kishindeh, Keshendeh, Kishindih."
21,18,19,ZAREE,1915,Zari,1816,Zari,2115,1816,1915,زاری,زاری,,"Zari, Zaray."
21,18,19,NA,NA,Sharak-e-Hayratan,1811,Sharak-e-Hayratan,2116,1811,1906,شرک حیرتان,شرک حیرتان,,"Sharak-e-Hairatan, Sharak-i-Hayratan.  (The 421 district set, not listed here, shows Sharak-e-Hairatan as part of Kaldar.)"
10,10,32,PROVINCE CENTER(MARKAZ-WOLLAYAT),3201,Bamyan,1001,Bamyan,1001,1001,3201,بامیان,بامیان,,"Bamyan, Bamian."
10,10,32,SHEBAR,3202,Shibar,1005,Shebar,1002,1005,3202,شیبر,شيبر,,"Shebar, Shibar, Shaybar, Shaibar."
10,10,32,SAIGHAN,3203,Sayghan,1002,Sayghan,1003,1002,3203,سیغان,سيغان,,"Saighan, Sayghan."
10,10,32,KOHMARD,3204,Kahmard,1006,Kahmard,1004,1006,3204,کهمرد,کهمر,,"Kahmard, Kohmard."
10,10,32,YAKAWULANG,3205,Yakawlang,1003,Yakawlang,1005,1003,3205,یکاولنگ,يکاولنگ,,"Yakawlang, Yakawlang No. 1, Yakawlang Hesa-i Awal, Yakawland Hise Awal.  (The 399 and 407 sets show Yakawlang No. 2 as part of Yakawlang.)"
10,10,32,PANJAB,3206,Panjab,1004,Panjab,1006,1004,3206,پنجاب,پنجاب,,Panjab.
10,10,32,WARAS,3207,Waras,1007,Waras,1007,1007,3207,ورس,ورس,,Waras.
10,10,32,NA,NA,NA,NA,Yakawlang No. 2,1008,1003,3205,یکاولنگ ۲,يکاولنگ  ۲,یکاولنگ نمبر 2,"Yakawlang No. 2, Yakawlang Hesa-i-Doyem.  (The 399 and 407 sets show Yakawlang No. 2 as part of Yakawlang.  It is a temporary district in the 422 set.)"
24,22,34,DAIKONDI,3401,Nili,2201,Neli,2401,2201,3401,نیلی,نیلی,,"Nili, Layli."
24,22,34,SHAHRESTAN,3402,Shahrestan,2206,Shahristan,2402,2206,3402,شهرستان,شهرستان,,"Shahristan, Shahrestan."
24,22,34,MERAMOR,3403,Miramor,2209,Meramor,2406,2209,3403,میرامور,ميرامور,,"Miramor, Mir Amor."
24,22,34,ISHTRALI,3404,Ashtarlay,2202,Ashtarlay,2403,2202,3404,اشترلی,اشترلی,,"Ishterlai, Ashtarlay, Ishterli."
24,22,34,SANG-E-TAKHTBANDER,3405,Sang-e-Takht,2207,Sang-e-Takht,2407,2207,3405,سنگ تخت,سنگ تخت,,"Sang-e-Takht, Sangi Takht, Sang-e-Takht Bandar, Bandar."
24,22,34,KHADEU,3406,Khadir,2203,Khader,2404,2203,3406,خدیر,خدير,,"Khedir, Khadir."
24,22,34,KIJRAN,3407,Kajran,2208,Kajran,2408,2208,3407,کجران,کجران,,"Kejran, Kajran, Kajaran."
24,22,34,KITEE,3408,Kiti,2204,Keti,2405,2204,3408,گیتی,گيتی,,"Giti, Kiti, Gayti."
25,22,34,GEZAB,3409,Gizab,2205,Gezab,2507,2205,3409,گیزاب,چنارتو,,"Gizab, Gezab.  (The 399 AGCHO 2012 set and the 407 RS / USFOR-A set show Gizab as including Pato, and in Daikundi.  The 422 AGCHO / ARAZI set shows a rump Gizab, split from Patoo, in Urozgan.  It isn't clear how the Permanent 399 AGCHO / ARAZI means to define Gizab.    Its borders show the original Gizab, including Pato, in Daikundi, but it codes Gizab to Urozgan.  "
24,22,34,NA,NA,NA,NA,Patoo,2409,2205,3409,پاتو,پاتو,,"Patoo, Pato, Patu.  (Patoo is part of Gizab district in the 399 and 407 sets.  It is a ""temporary"" district in the 422 set.)"
33,33,25,PROVINCIAL CENTER (FARAH),2501,Farah,3101,Farah,3301,3101,2501,فراه,فراه,,Farah.
33,33,25,POSHT-I- ROOD,2502,Pushtrod,3105,Pushtrod,3302,3105,2502,پشت رود,پشت رود,,"Pushtrud, Pushtrod, Pusht-e Rod, Pusht Road, Poshtrud."
33,33,25,KHAK-I-SAFEID,2503,Khak-e-Safed,3104,Khak-e-Safed,3303,3104,2503,خاک سفید,خاک سفيد,,"Khak-i-Safed, Khak-e-Safed, Khak-i-Safid."
33,33,25,ANAR DARAH,2504,Anardara,3111,Anardara,3307,3111,2504,اناردره,اناردرى,,"Anar Dara, Anardara."
33,33,25,QALA-I-KAH,2505,Qala-e-Kah,3106,Qala-ye-Kah,3304,3106,2505,قلعه کاه,قلعۀ کاه,,"Qala-i-Kah, Qala-e-Kah, Qalah-e Kah Qul'ah-ye Kah, Pusht Koh."
33,33,25,SHEIB KOH,2506,Shibkoh,3107,Shebkoh,3305,3107,2506,شیب کوه,شيب کوه,,"Shibkoh, Shib Koh, Shayb Koh."
33,33,25,LASH JAWEEN,2507,Lash-e-Juwayn,3108,Lash-e-Juwayn,3309,3108,2507,لاش جو ین,لاش جوين,,"Lash-i-Juwayn, Lash-e-Juwayn, Lash wa Juwayn."
33,33,25,BAKWA,2508,Bakwa,3102,Bakwa,3308,3102,2508,بکواه,بکواه,,Bakwa.
33,33,25,BALA BLOOK,2509,Balabuluk,3103,Balabulok,3306,3103,2509,بالا بلوک,بالا بلوک,,"Bala Buluk, Bala Boluk, Balabuluk."
33,33,25,GULESTAN,2510,Gulestan,3109,Gulistan,3310,3109,2510,گلستان,گلستان,,"Gulistan, Gulestan."
33,33,25,PUR CHAMAN,2511,Purchaman,3110,Purchaman,3311,3110,2511,پرچمن,پرچمن,,"Pur Chaman, Purchaman, Parchaman."
29,28,22,PROVINCIAL CENTER (MAIMANA),2201,Maymana,2801,Maymana,2901,2801,2201,میمنه,میمنه,,"Maimana, Maymana, Maimanah."
29,28,22,PASHTOON KOTT,2202,Pashtunkot,2803,Pashton Kot,2902,2803,2202,پشتون کوت,پشتون کوټ,,"Pashtun Kot, Pashtunkot."
29,28,22,KHUWAJA SABZ POSHE WALI,2203,Khwajasabzposh,2802,Khwaja Sabzposh,2903,2802,2203,خواجه سبزپوش,خواجه سبز پوش ولي,,"Khwaja Sabz Posh, Khwajasabzposh."
29,28,22,ALMAR,2204,Almar,2805,Almar,2904,2805,2204,المار,المار,,Almar.
29,28,22,QAISAR,2205,Qaysar,2806,Qaysar,2907,2806,2205,قیصار,قيصار,,"Qaisar, Qaysar."
29,28,22,KOHISTAN (FARYAB),2206,Kohestan,2807,Kohistan,2910,2807,2206,کوهستان,کوهستان,,"Kohistan, Lowlash,.  (There is also a Kohistanat in Saripul, and two Kohistans in Badakhshan and Kapisa.)"
29,28,22,GARZIWAN,2207,Garziwan,2808,Garzewan,2908,2808,2207,گرزیوان,گرزيوان,,"Gurziwan, Garziwan, Gorzivan."
29,28,22,BALCHERAGH,2208,Bilcheragh,2809,Bilcheragh,2905,2809,2208,بلچراغ,بلچراغ,,"Bilchiragh, Bilcheragh, Bal Chiragh, Belcheragh."
29,28,22,SHERIN TAGAB,2209,Shirintagab,2804,Shiren Tagab,2906,2804,2209,شرین تگاب,شرين تگاب,,"Shirin Tagab, Shirintagab, Sherin Tagab, Sherin Tagau.  (There is also a Tagab in Kapisa and in Badakhshan.)"
29,28,22,DAWLAT ABAD,2210,Dawlatabad,2810,Dawlatabad,2909,2810,2210,دولت آباد,دولت آباد,,"Dawlat Abad, Dawlatabad, Dowlatabad..  (There is also a Dawlatabad in Balkh, and a Dawlatshah district in Laghman, and a Dawlatyar district in Ghor.)"
29,28,22,QARAM QUL,2211,Qaramqol,2812,Qaramqol,2911,2812,2211,قرم قل,قرم قل,,"Qaram Qul, Qaramqol."
29,28,22,KHAN-E-CHARBAGH,2212,Khan-e-Char Bagh,2813,Khan-e-Char Bagh,2914,2813,2212,خان چهارباغ,خان چارباغ,,"Khani Charbagh, Khan-e-Char Bagh. Khan-e Chahr Bagh, Khan Chahr Bagh."
29,28,22,ANDKHOI,2213,Andkhoy,2811,Andkhoy,2913,2811,2213,اندخوی,اندخوی,,"Andkhoy, Andkhoi."
29,28,22,QURGHAN,2214,Qorghan,2814,Qurghan,2912,2814,2214,قرغان,قرغان,,"Qurghan, Qorghan."
11,11,6,PROVINCIAL CENTER (GHAZNI),601,Ghazni,1101,Ghazni,1101,1101,601,غزنی,غزنی,,Ghazni.
11,11,6,DAH YAK,602,Dehyak,1106,Dehyak,1105,1106,602,ده یک,ده يک,,"Deh Yak, Dehyak, Dih Yak."
11,11,6,ZANA KHAN,603,Zanakhan,1107,Zanakhan,1108,1107,603,زنخان,زنخان,,"Zanakhan, Zana Khan."
11,11,6,KHOWJA OMERY,604,Khwajaumari,1102,Khwaja Umari,1103,1102,604,خواجه عمری,خواجه عمری,,"Khwaja Omari, Khwajah Omari, Khwajaumari, Khwaja Umari."
11,11,6,RASHIDAN,605,Rashidan,1108,Rashedan,1109,1108,605,رشیدان,رشيدان,,Rashidan.
11,11,6,SHAHIDM-WALI-KHOGYANI,606,Walimuhammad-e-Shahid,1103,Walemuhammad-e-Shahed,1102,1103,606,ولی محمدشهید,د ولی محمد شهيد,خوگیانی,"Khugyani, Khogiani, Khoghiani, Wali Muhammad Shahid, Wali Muhammad-e-Shahid .  (There is also a Khugyani in Nangarhar.)"
11,11,6,JAGHATOO,607,Jaghatu,1109,Jaghato,1106,1109,607,جغتو,جغتو,,"Jaghatu, Jaghato, Jighatu, Bahrami Shahid, Bahram-e Shahid, Waeez Shahid, Wais Shahid.  (There is also a Jaghatu in Wardak province.)"
11,11,6,WAGHAZ,608,Waghaz,1104,Waghaz,1104,1104,608,واغظ,واغظ,,Waghaz.
11,11,6,QARA BAGH,609,Qarabagh,1110,Qarabagh,1111,1110,609,قره باغ,قره باغ,,"Qara Bagh, Qarabagh, Qarah Bagh.  (There is also a Qara Bagh district of Kabul.)"
11,11,6,GIRO,610,Giro,1111,Gero,1112,1111,610,گیرو,گيرو,,Giro.
11,11,6,ANDER,611,Andar,1105,Andar,1107,1105,611,اندر,اندړ,,"Andar, Shilgar, Shelgar,."
11,11,6,NAWUR,612,Nawur,1112,Nawur,1110,1112,612,ناور,ناور,,Nawur.
11,11,6,AJRESTAN,613,Ajrestan,1116,Ajristan,1118,1116,613,اجرستان,اجرستان,,"Ajristan, Daya, Ajrestan,."
11,11,6,MALESTAN,614,Malestan,1117,Malistan,1116,1117,614,مالستان,مالستان,,"Malistan, Malestan."
11,11,6,JAGHORI,615,Jaghuri,1113,Jaghori,1114,1113,615,جاغوری,جاغوری,,"Jaghuri, Jaghori, Jaghouri."
11,11,6,MUQUR (GHAZNI),616,Muqur,1114,Muqur,1115,1114,616,مقر,مقر,,"Muqur, Moqor, Muqur, Moqur, Muqer."
11,11,6,AB BAND,617,Abband,1115,Ab Band,1113,1115,617,آب بند,اب بن,,"Ab Band, Abband, Auband."
11,11,6,GELLAN,618,Gelan,1118,Gelan,1117,1118,618,گیلان,گيلان,,"Gelan, Gilan, Janda (the distict center)."
11,11,6,NAWA,619,Nawa,1119,Nawa,1119,1119,619,ناوه,ناوي,,"Nawa, Nawah.  (There is also a Nawa (aka Nawa-i-Barakzai) in Helmand, and a Nawur district in Ghazni.)"
23,21,31,PROVINCIAL CENTER (CHAGHCHARAN),3101,Chaghcharan,2101,Ferozkoh,2301,2101,3101,چغچران,چغچران,فیروزکوه,"Chighcheran, Chaghcheran, Feroz Koh, Ferozkoh.  (Chighcheran includes parts of what some call ""Murghab"" district. There is also a Murghab district in Badghis.)"
23,21,31,DOWLATYAR,3102,Dawlatyar,2104,Dawlatyar,2303,2104,3102,دولتیار,دولتيار,,"Dawlatyar, Dolatyar, Dawlat Yar.  (There is also a Dawlatshar in Laghman, a Dawlat Abad in Faryab, and a Dawlatabad in Balkh.)"
23,21,31,CHAHAR SADA,3103,Charsada,2102,Charsada,2304,2102,3103,چارصده,چارصدى,,"Char Sada, Chahar Sadah, Charsadda."
23,21,31,SHAHRAK,3104,Shahrak,2105,Shahrak,2306,2105,3104,شهرک,شهرک,,Shahrak.
23,21,31,DULEENA,3105,DoLayna,2103,DoLayna,2302,2103,3105,دولینه,دولينه,,"Duleena, DoLayna, Do Lainah, Dawlina."
23,21,31,PASSABAND,3106,Pasaband,2107,Pasaband,2305,2107,3106,پسا بند,پسا بن,,Pasaband.
23,21,31,LAL-O-SARJANGAL,3107,Lal wa Sarjangal,2108,Lal Wa Sarjangal,2307,2108,3107,لعل و سر جنگل,لعل و سر جنگل,,"Lal Wa SarJangal, La'l wa SarJangal."
23,21,31,TOLAK,3108,Tolak,2109,Tolak,2309,2109,3108,تولک,تولک,,"Tulak, Tolak."
23,21,31,SAGHAR,3109,Saghar,2110,Saghar,2310,2110,3109,ساغر,ساغر,,"Saghar, Sagher."
23,21,31,TEYORA,3110,Taywarah,2106,Taywarah,2308,2106,3110,تیوره,تيورى,,"Taywara, Taywarah, Taiwara, Taywaraha."
30,32,27,PROVINCIAL CENTER (LASHKAR GAH),2701,Lashkargah,3201,Lashkargah,3001,3201,2701,لشکر گاه,لشکر گاه,,"Lashkargah, Lashkar Gah."
30,32,27,NAHRE SARAJ,2702,Nahr-e-Saraj,3202,Nahr-e-Saraj,3004,3202,2702,نهر سراج,نهر سراج,ګرشک‎,"Nahr-i-Saraj, Gerishk, Greshk."
30,32,27,NAD ALI,2703,Nad-e-Ali,3203,Nad-e-Ali,3002,3203,2703,نادعلی,نادعلی,,"Nad Ali, Nad-e-Ali, Nad 'Ali, Nadali. (Marja is part of Nad Ali in the 399 district set.)"
30,32,27,NAWEI BARUKZAI,2704,Nawa-e-Barakzaiy,3204,Nawa-e-Barakzaiy,3003,3204,2704,ناوه بارکزائی,ناوۀ بارکزائی,,"Nawa-i-Barikzayi, Nawa-e-Barakzaiy, Nawah-ye-Barakzai, Nawa, Shamalan.  (There is also a Nawa district in Ghazni.)"
30,32,27,GARM SEIR,2705,Garmser,3209,Garmser,3006,3209,2705,گرم سیر,گرم سير,,"Garm Ser, Darwishan, Garmser."
30,32,27,SANGIN QALAH,2706,Sangin,3205,Sangen,3008,3205,2706,سنگین,سنگين,,Sangin.
30,32,27,KAJAKI,2707,Kajaki,3210,Kajaki,3010,3210,2707,کجکی,کجکی,,Kajaki.
30,32,27,MOOSA QALAH,2709,Musaqalah,3206,Mosa Qala,3009,3206,2709,موسی قلعه,موسی قلعه,,"Musa Qala, Musaqalah."
30,32,27,NAWZAD,2710,Nawzad,3207,Nawzad,3007,3207,2710,نوزاد,نوزا,,"Nawzad, Now Zad."
30,32,27,UNKNOWN,UNKNOWN,Baghran,3211,Baghran,3012,3211,UNKNOWN,باغران,باغران,,"Baghran.  (Nawamish is part of Baghran in the 399, 401, and 407 district sets, but is a temporary district in the 422 set.)"
30,32,27,UNKNOWN,UNKNOWN,Deh-e-shu,3213,Desho,3013,3213,UNKNOWN,دیشو,ديشو,,"Dishu, Deh-e-shu, Disho."
30,32,27,NA,NA,NA,NA,Marja,3014,2703,3203,مارجه,مارجی,,"Marja.  (Marja is part of Nad Ali in the 399 district sets, but separate in the 407 set.  It is a temporary district in the 422 set.)"
30,32,27,NA,NA,NA,NA,Nawa-i-Mesh,3015,3211,UNKNOWN,ناوه  میش,ناوه  میش,,"Nawamish, Nawamesh, Nawa Mesh.  (Nawamish is part of Baghran in the 399 and 407 district sets, but as a temporary district in the 422 set.)"
30,32,27,UNKNOWN,UNKNOWN,Reg,3212,Reg,3011,3212,UNKNOWN,ریگ خان نشین,ريگ  خان نشين,ریگ,"Reg-e-Khan Nishin, Reg, Khan Neshin.  (There is also a Reg, or Registan, in Kandahar.)"
30,32,27,UNKNOWN,UNKNOWN,Washer,3208,Washer,3005,3208,UNKNOWN,واشیر,واشير,,"Washer, Washir."
32,30,24,PROVINCIAL CENTER (HERAT),2401,Herat,3001,Hirat,3201,3001,2401,هرات,هرات,,Herat.
32,30,24,ENJIL,2402,Injil,3002,Injel,3202,3002,2402,انجیل,انجيل,,"Enjil, Injil."
32,30,24,GUZERA,2403,Guzara,3005,Guzara,3203,3005,2403,گذره,گذرى,نظام شهید,"Guzera, Nizam-i- Shahid, Gozara, Guzarah."
32,30,24,PASHTON ZARGHOON,2404,Pashtunzarghun,3006,Pashton Zarghon,3206,3006,2404,پشتون زرغون,پشتون زرغون,,"Pashtun Zarghun, Pashtoon Zarghoon, Pashtunzarghun."
32,30,24,KARUKH,2405,Karukh,3007,Karukh,3204,3007,2405,کرخ,کرخ,,"Karrukh, Karukh."
32,30,24,KUSHK,2406,Kushk,3003,Kushk,3207,3003,2406,کُشک,کشک,رباط سنگی,"Kushk, Rubat-i-Sangi, Rabat Sangi."
32,30,24,GULRAN,2407,Gulran,3008,Gulran,3208,3008,2407,گلران,گلران,,"Gulran, Golran."
32,30,24,KOHSAN,2408,Kohsan,3014,Kohsan,3213,3014,2408,کهسان,کهسان,,"Kohsan, Kehsan, Kashan."
32,30,24,GHORYAN,2409,Ghoryan,3009,Ghoryan,3211,3009,2409,غوریان,غوريان,,"Ghoryan, Ghorian."
32,30,24,ZENDAJAN,2410,Zindajan,3004,Zindajan,3205,3004,2410,زنده جان,زنده جان,,"Zendahjan, Zindajan, Zinda Jan."
32,30,24,ADRASKAN,2411,Adraskan,3010,Adraskan,3209,3010,2411,ادرسکن,ادرسکن,,Adraskan.
32,30,24,SHINDAND,2412,Shindand,3015,Shindand,3214,3015,2412,شیند ند,شينن,/ شينډنډ‎,"Shindand, Sabzwar, Esfezar.  (The original Shindand is reported in the 399 and 407 sets.  Shindand is reported as a permanent district in the AGCHO 2018 set.  Some copies of the 422 set incorrectly report it as both a permanent and a temporary district)."
32,30,24,FARSI,2413,Farsi,3011,Farsi,3215,3011,2413,فرسی,فرسی,,Farsi.
32,30,24,OBEH,2414,Obe,3012,Obi,3212,3012,2414,اوبه,اوبه,,"Obe, Oba, Obeh."
32,30,24,CHESHTOSHARIF,2415,Chisht-e-Sharif,3016,Chisht-e-Sharef,3216,3016,2415,چشت شریف,چشت شريف,,"Chishti Sharif, Chisht-e-Sharif, Khwaja Chist."
32,30,24,KISHK-I-KAHNA,2416,Kushk-e-Kohna,3013,Kushk-e-Kuhna,3210,3013,2416,کشک کهنه,کشک کهنه,,"Kushk-i-Kuhna, Kushk-e-Kohna, Kashak Kohna, Koshk-e Kohna."
32,30,24,NA,NA,NA,NA,Koh-i-Zor,3219,3015,2412,کیه زور,کوه ایور,,"Koh-i-Zor, Kozeor.  (Koh-i-Zor is part of Shindand in the 399 and 407 sets.)"
32,30,24,NA,NA,NA,NA,Pusht-i-Koh,3218,3015,2412,پشت کوه,پشت کوه,,"Pusht-i-Koh, Pusht-e-Koh, Pusht Koh, Poshtko.  (Pusht-e Koh is part of Shindand in the 399 and 407 sets. It is a temporary district of the 422 set.)"
32,30,24,NA,NA,NA,NA,Zawol,3220,3015,2412,زاول,زول,,"Zawol, Zewal.  (Zawol is part of Shindand in the 399 and 407 sets, but is a ""temporary"" district in the 422 set.)"
32,30,24,NA,NA,NA,NA,Zer-i-Koh,3217,3015,2412,زیرکوه,زیرکوه,,"Zer-i-Koh, Zerko.  (Zer-i Koh is part of Shindand in the 399 and 407 sets.  It is a temporary district in the 422 set.)"
28,27,20,PROVINCIAL CENTER (SHEIRGHAN),2001,Shiberghan,2701,Shiberghan,2801,2701,2001,شبر غان,شبر غان,,"Sheberghan, Shiberghan, Shibirghan."
28,27,20,AQCHAH,2002,Aqcha,2707,Aqcha,2807,2707,2002,آقچه,اقچى,,"Aqchah, Aqcha."
28,27,20,FAIZ ABAD,2003,Fayzabad,2705,Fayzabad,2808,2705,2003,فیض آباد,فيض آبا,,"Faizabad, Fayzabad, Faiz Abad.  (There is also a Faiz Abad district in Badakhshan.)"
28,27,20,MARDYAN,2004,Mardyan,2708,Mardyan,2809,2708,2004,مردیان,مرديان,,"Mardyan, Mardian, Murdian."
28,27,20,MANGAJAK,2005,Mingajik,2702,Mingajek,2804,2702,2005,منگجک,منگجک,,"Mingajik, Mangajek."
28,27,20,QARQIN,2006,Qarqin,2709,Qarqen,2810,2709,2006,قرقین,قرقين,,"Qarqin, Qarqeen."
28,27,20,KHAMYAB,2007,Khamyab,2710,Khamyab,2806,2710,2007,خمیاب,خمياب,,"Khamyab, Khamab, Kham Aab, Khamaab."
28,27,20,KHWAJA DUKOH,2010,Khwajadukoh,2703,Khwaja Dukoh,2802,2703,2010,خواجه دوکوه,خواجه دوكوه,,"Khwajadukoh, Khwaja Dukoh, Khwajah Do Koh, Kohja Dukoh."
28,27,20,KHANAQA,2011,Khanaqa,2706,Khanaqa,2803,2706,2011,خانقا ه,خانقاه,,"Khanaqa, Khaniqa."
28,27,20,DARZAB,2009,Darzab,2711,Darzab,2811,2711,2009,درزآب,درزاب,,Darzab.
28,27,20,QOSHTAPA,2008,Qushtepa,2704,Qoshtepa,2805,2704,2008,قوش تیپه,قوش تيپى,,"Qush Tepa, Qushtepa, Qushtipa."
1,1,1,PROVINCIAL CENTER (KABUL) ,101,Kabul,101,Kabul,101,101,101,كابل,كابل,,Kabul. 
1,1,1,DAHSABZ,102,Dehsabz,102,Deh Sabz,105,102,102,ده سبز,ده سبز,,"DehSabz, Deh-e Sabz, Deh Sabz, Dih Sabz."
1,1,1,MIRBACHKOT,103,Mirbachakot,110,Mir Bacha kot,108,110,103,میربچه کوت,مير بچه كوټ,,"Mir Bacha Kot, Mirbachakot."
1,1,1,KALAKAN,104,Kalakan,109,Kalakan,110,109,104,کلکان,كلكان,,Kalakan.
1,1,1,QARABAGH,105,Qarabagh,108,Qarabagh,114,108,105,قره باغ,قره باغ,,"Qara Bagh, Qarahbagh, Qarabagh.  (There is also a Qara Bagh district in Ghazni.)"
1,1,1,FARZA,106,Farza,115,Farza,112,115,106,فرزه,فرزى,,"Farza, Farzah."
1,1,1,ESTALEF,107,Estalef,114,Istalif,113,114,107,استالف,استالف,,"Estalef, Estalif, Istalif, Istalef."
1,1,1,GULDARA,108,Guldara,111,Guldara,111,111,108,گلدره,گلدرى,,"Guldara, Gul Dara, Gul Darah, Guldra."
1,1,1,SHAKER DARAH,109,Shakardara,103,Shakardara,106,103,109,شکردره,شكردرى,,"Shakar Dara, Shakardara."
1,1,1,PAGHMAN,110,Paghman,104,Paghman,102,104,110,پغمان,پغمان,,Paghman.
1,1,1,CHAR ASIAB,111,Chaharasyab,105,Chah Arasyab,103,105,111,چهارآسیاب,چهار اسياب,,"Chahar Asyab, Chaharasyab, Char Asyab, Char Asiab."
1,1,1,MUSAHI,112,Musayi,106,Mosahi,107,106,112,موسهی,موسهي,,"Musahi, Musayi, Musahi, Mussahi."
1,1,1,KHAK-I-JABAR,113,Khak-e-Jabbar,112,Khak-e-Jabar,109,112,113,خاک جبار,خاك جبار,,"Khak-e-Jabar, Khak-i-Jabar, Khak Jabar, Khaki Jabbar."
1,1,1,BAGRAMI,114,Bagrami,107,Bagrami,104,107,114,بگرامی,بگراميو,,"Bagrami.  (There is also a Bagram in Parwan. The airfield is in Baghram of Parwan, not Baghrami.)"
1,1,1,SURUBI (KABUL),115,Surobi,113,Surobi,115,113,115,سروبی,سروبي,,"Surubi, Sarobi, Sorubi, Sarubi, Surobi.  (There is also a Surubi in Paktika.)"
27,33,28,PROVINCIAL CENTER (KANDAHAR),2801,Kandahar,3301,Kandahar,2701,3301,2801,کندهار,کندهار,,"Kandahar, Qandahar.  (Dand is part of the Kandahar capital district in both 399 sets.)"
27,33,28,DAMAN,2802,Daman,3305,Daman,2703,3305,2802,دامان,دامان,,Daman.
27,33,28,SHAH WALI KOT,2803,Shahwalikot,3306,Shah Wale Kot,2706,3306,2803,شاه ولی کوت,شاه ولی کوټ,,"Shah Wali Kot, Shahwalikot, Shah Walikot.."
27,33,28,ARGHANDAB (KANDAHAR),2804,Arghandab,3302,Arghandab,2702,3302,2804,ارغنداب,ارغنداب,,Arghandab.  (There is also an Argandab in Zabul.)
27,33,28,KHAK REIZ,2805,Khakrez,3307,Khakrez,2707,3307,2805,خاکریز,خاکريز,,"Khakrez, Khakriz."
27,33,28,MAIWAND,2807,Maywand,3308,Maywand,2710,3308,2807,میوند,ميون,,"Maiwand, Maywand."
27,33,28,ZHERAI,2808,Zheray,3303,Zhiray,2705,3303,2808,ژیړی,ژړی,,"Zhire, Zheray, Zhari, Zari, Zherai."
27,33,28,PANJAI,2809,Panjwayi,3304,Panjwayi,2704,3304,2809,پنجوائی,پنجوائی,,"Panjwayee, Panjwayi, Panjwa'i, Panjwai."
27,33,28,REGESTAN,2810,Reg,3309,Reg,2716,3309,2810,ریگ,ريگ,,"Reg, Registan.  (There is also a Reg-e Khan Neshin, in Kandahar, and a Ragistan in Badakhshan.)"
27,33,28,SHORABAK,2811,Shorabak,3310,Shorabak,2714,3310,2811,شورابک,شورابک,,"Shorabak.  (There is also a military base named Shorabak, formerly Camp Bastion, in Washir, Helmand.)"
27,33,28,ESPEEN BOLDAK,2812,Spinboldak,3311,Spen Boldak,2711,3311,2812,سپین بولدک,سپين بولدک,,"Spin Boldak, Spinboldak.  (Takhta Pul is part of Spin Boldak in the 399 an 407 sets.)"
27,33,28,ARGHESTAN,2813,Arghestan,3312,Arghistan,2708,3312,2813,ارغستان,آرغستان,,"Arghistan, Argestan."
27,33,28,MAROOF,2814,Maruf,3316,Marof,2715,3316,2814,معروف,معروف,,"Maruf, Ma'ruf, Maroof."
27,33,28,NISH,2816,Nesh,3314,Nesh,2712,3314,2816,نیش,نيش,,"Nesh, Nish."
27,33,28,NA,NA,NA,NA,Dand,2717,3301,2801,دند,ډ ڼ,,"Dand.  (There is also a Dand Patan district in Paktia.  Dand is part of the Kandahar capital district in both 399 sets, but separate in the 407 and a temporary district in the 422 set.)"
27,33,28,GHORAK,2806,Ghorak,3315,Ghorak,2709,3315,2806,غورک,غورک,,Ghorak.
27,33,28,MYANESHIN,2815,Miyanshin,3313,Miyanshen,2713,3313,2815,میانشین,ميانشين,,"Miyanishin, Miyanshin, Miyaneshin, Mya Nishin, Myan-e-Sheen."
27,33,28,NA,NA,NA,NA,Takhtapul,2718,3311,2812,تخته پل,تخته پل,,"Takhta Pul, Shegah.  (Takhta Pul was part of Spin Boldak in the 399 an 407 sets.  It is a temporary district in the 422 set.)"
2,2,2,PROVINCIAL CENTER (MAHMOOD RAQI),201,Mahmud-e-Raqi,201,Mahmod-e-Raqi,201,201,201,محمودراقی,محمودراقی,,"Mahmood Raqi, Mahmudi Raqi, Mahmud-e-Raqi."
2,2,2,HESA DUWUM KOHISTAN,202,Hisa-e-Duwum-e-Kohestan,204,Hisa-e-Duwum-e-Kohistan,202,204,202,حصه دوم کوهستان,حصۀ دوم كوهستان,,"Hissa-e-Duwumi Kohistan, Hisah-e Dowum-e Kohistan, Kohistan-I-Duwum.  (There is also a Hissa-e-Awali Kohistan in Kapisa, a Kohistan in Badakhshan, another Kohistan in Faryab, and a Kohistanat in Saripul.)"
2,2,2,KOHISTAN HESA AWAL,203,Hisa-e-Awal-e-Kohestan,207,Hisa-e-Awal-e-Kohistan,204,207,203,حصه اول کوهستان,حصۀ اول كوهستان,,"Hissa-e-Awali Kohistan, Hisah-e Awal-e Kohistan, Kohistan Awal, Kohistani Awal.  (There is also a Hissa-e-Duwumi Kohistan in Kapisa, a Kohistan in Badakhshan, another Kohistan in Faryab, and Kohistanat in Saripul.)"
2,2,2,NAJRAB,204,Nejrab,202,Nijrab,205,202,204,نجراب,نجراب,,"Nijrab, Nejrab."
2,2,2,KOH BAND,205,Kohband,203,Kohband,203,203,205,کوه بند,كوه بن,,"Koh Band, Kohband."
2,2,2,TAGAB,206,Tagab,205,Tagab,206,205,206,تگاب,تگاب,,Tagab.
2,2,2,ALASI,207,Alasay,206,Alasay,207,206,207,اله سای,اله ساي,,"Alasai, Ala Say, Alasay."
14,26,9,PROVINCIAL CENTER (KHOST),901,Khost,2601,Maton,1401,2601,901,خوست,خوست,متون,"Khost, Matun."
14,26,9,TERZAYI,902,Terezayi,2608,Tirezayi,1408,2608,902,تیرزائی,تيرزائی,علیشیر,"Tirzayee, Terezayi, Tere Zayi, Ali Sher, Alisher."
14,26,9,BAK,903,Bak,2612,Bak,1409,2612,903,باک,باک,,"Baak, Bak."
14,26,9,JAJI MAIDAN,904,Jajimaydan,2613,Jaji Maydan,1413,2613,904,جاجی میدان,ځاځی ميدان,,"Jaji Maidan, Jajimaydan, Jaji, Zazi Maidan, Zazi, Zazai."
14,26,9,SABARI,905,Sabari,2602,Sabari,1407,2602,905,صبری,صبریو,یعقو بی,"Sabari, Sabaro, Yaqubi."
14,26,9,MUSA KHEIL,906,Musakhel,2603,Mosa Khel,1405,2603,906,موسی خیل,موسی خيلو,,"Musa Khel, Musakhel, Musakhil."
14,26,9,QALANDER,907,Qalandar,2609,Qalandar,1410,2609,907,قلندر,قلندر,,Qalandar.
14,26,9,NADERSHAH KOTT,908,Nadirshahkot,2604,Nadir Shah Kot,1406,2604,908,نادرشاه کوت,نادر شاه کوټ,,"Nadir Shah Kot, Nadirshahkot."
14,26,9,MANDOZAYI,909,Mandozayi,2605,Mandozayi,1402,2605,909,مندوزائی,مندوزائی,اسمعیل خیل,"Manduzay, Esmayel Khil, Mandozayi, Manduzai, Ismail Khel, Mando Zayi."
14,26,9,SHEMAL,910,Shamal,2610,Shamal,1412,2610,910,شمل,شمل,,"Shamul, Shamal."
14,26,9,ESPERA,911,Spera,2611,Spera,1411,2611,911,سپیره,سپيرى,,"Spera, Sperah."
14,26,9,TANAI,912,Tani,2606,Tani,1404,2606,912,تنی,تڼيو,,"Tanay, Tani."
14,26,9,GURBUZ,913,Gurbuz,2607,Gurbuz,1403,2607,913,گربز,گربزو,,Gurbuz.
15,13,11,PROVINCIAL CENTER (ASAD ABAD),1101,Asadabad,1301,Asadabad,1501,1301,1101,اسعد آباد,اسعآباد,,"Asad Abad, Asadabad."
15,13,11,WATAPOOR,1102,Watapur,1302,Watapor,1503,1302,1102,وته پور,وټه پورى,,"Watapoor, Watahpur, Watapur."
15,13,11,DAREH PEICH,1103,Dara-e-Pech,1307,Dara-e-Pech,1507,1307,1103,دره پیچ,درۀ پيچ,,"Dara-e-Pech, Dara-I-Pech, Darah-ye Pech, Pech Dara, Mano Gai, Manogai, Manogay."
15,13,11,NARANG WA BADIL (TARANGO BADIL),1104,Narang,1303,Narang,1504,1303,1104,نرنگ وبادیل,نرنگ و باديل,,"Narang Wa Badil, Narang."
15,13,11,SAR KANI,1105,Sarkani,1304,Sarkani,1505,1304,1105,سرکانی,سرکاڼی,,"Sar Kani, Sarkani, Sarkano."
15,13,11,MURWARA,1106,Marawara,1305,Marawara,1502,1305,1106,مروره,مرورى,,"Marawara, Marwara."
15,13,11,DANGAM,1107,Dangam,1310,Dangam,1512,1310,1107,دانگام,دانگام,,Dangam.
15,13,11,BAR KUNAR,1108,Barkunar,1311,Barkunar,1508,1311,1108,بر کنر,بر کنړ,/ اسمار‎,"Bar Kunar, Bar Konar, Barkunar, Asmar."
15,13,11,SHIGAL-WA-SHELTAN,1109,Shigal wa Sheltan,1306,Shegal,1506,1306,1109,شیگل,شيگل,,"Shigal, Shigal wa Sheltan. (The Shigal and the Sheltan areas are combined as ""Shigal wa Sheltan"" in the 407 both of the 399 sets.  The rump district in the All 422 set is just ""Shigal"".  Sheltan is a temporary district in the 422 set.)"
15,13,11,NOOR GOOL,1111,Nurgal,1314,Norgal,1514,1314,1111,نورگل,نورگل,,"Noorgal, Nurgal."
15,13,11,CHAWKI,1112,Chawkay,1308,Chawkay,1509,1308,1112,څوکی,څوکی,,"Sawkai, Sowkay, Chawkai, Chowkay, Chawkey, Tsokey, Sewki."
15,13,11,KHAS KUNAR,1113,Khaskunar,1309,Khas Kunar,1510,1309,1113,خاص کنر,خاص کنړ,,"Khas Kunar, Khaskunar, Khas."
15,13,11,NARAI,1114,Nari,1315,Nari,1515,1315,1114,ناری,ناری,نرئی,"Nari, Naray."
15,13,11,GHAZI ABAD,1115,Ghaziabad,1312,Ghaziabad,1511,1312,1115,غازی اباد,غازی آبا,,"Ghazi Abad, Ghaziabad."
15,13,11,CHAPA DARA,1110,Chapadara,1313,Chapadara,1513,1313,1110,چپه دره,چپه درى,,"Chapa Dara, Chapah Darah, Chapadara."
15,13,11,NA,NA,NA,NA,Sheltan,1516,1306,1109,شلتن,شيگل,,"Sheltan, Soltan.  (The Shigal and the Sheltan areas are combined as Shigal wa Sheltan in the 399 and 407 sets.  Sheltan is temporary district in the 422 set.)"
19,17,17,PROVINCIAL CENTER (KUNDUZ),1701,Kunduz,1701,Kunduz,1901,1701,1701,کندز,کندز,,"Kunduz, Konduz.  (The Kunduz capital district includes Gul Tipa in the 399 and 407 sets.)"
19,17,17,IMAM SAHEB,1702,Emamsaheb,1702,Imam Sahib,1905,1702,1702,حضرت امام صاحب,حضرت امام صاحب,امام صاحب,"Imam Sahib, Hazrati Imam Sahib, Emamsaheb, Emam Sahib.  Imam Sahib includes Galbad in the 399 and 407 sets.  Galbad is a temporary district in the 422 set.)"
19,17,17,QALA-I-ZAL,1703,Qala-e-Zal,1703,Qala-e-Zal,1907,1703,1703,قلعه ذال,قلعۀ ذال,,"Qala-e-Zal, Qala-i-Zal, Qal'ah-ye Zal."
19,17,17,CHAR DARA,1704,Chardarah,1704,Chardarah,1902,1704,1704,چهاردره,چهاردرى,,"Chahar Darah, Chardarah, Chardara."
19,17,17,ALI ABAD,1705,Aliabad,1705,Aliabad,1903,1705,1705,علی آباد,علی آبا,,"Ali Abad, Aliabad."
19,17,17,KHAN ABAD,1706,Khanabad,1706,Khanabad,1904,1706,1706,خان آباد,خان آبا,,"Khan Abad, Khanabad.  (Khan Abad includes Aqtash in the 399 and 407 sets.  Aqtash is a temporary district in the 422 set.)"
19,17,17,DASHT-I-ARCHI,1707,Dasht-e-Archi,1707,Dasht-e-Archi,1906,1707,1707,دشت ارچی,دشت ارچی,,"Dasht-e-Archi, Dasht-i-Archi."
19,17,17,NA,NA,NA,NA,Aqtash,1910,1706,1706,اقتاش,اقتاش,,Aqtash.  (Aqtash is part of Khan Abad in the 399 and 407 sets.  It is a temporary district of the 422 set)
19,17,17,NA,NA,NA,NA,Kalbad,1908,1702,1702,کلباد,کلبا,,"Kalbad, Calbad, Galbad, Qulbad.  (Kalbad is part of Imam Sahib in the 399 and 407 sets.  It is a temporary district in the 422 set.)"
19,17,17,NA,NA,NA,NA,Gurtipa,1909,1701,1701,گل تیپه,گل تیپه,گور تپا,"Gultipa, Gurtepa, Goltipa.  (Originally Gur Tepa, or Tomb Hill, but rebranded as Gultipa, Flower Hill.  Gurtipa is part of the Kunduz capital district in the 399 and 407 sets.   It is a temporary district in the 422 set.)"
7,7,12,PROVINCIAL CENTER (MEHTERLAM),1201,Mehtarlam,701,Mihtarlam,701,701,1201,مهترلام,مهترلام,,"Mehterlam, Mehtarlam, Mehtar Lam, Meterlam (incorrect).  (Bak Pash is part of Mehterlam in the 399 set.)"
7,7,12,QARGHAI,1202,Qarghayi,703,Qarghayi,702,703,1202,قرغه ئی,قرغه ئی,غنی خيل,"Qarghayee, Ghani Khel, Qarghayi, Qarghah'i, Ghanikhel, Ghanikhil.  (There is also a Ghani Khel (aka Shinwar) district in Nangarhar.)"
7,7,12,ALINGAR,1203,Alingar,704,Alingar,704,704,1203,علینگار,علينگار,,"Alingar, Ali Negar, Alinegar."
7,7,12,ALISHING,1204,Alishang,702,Alishang,703,702,1204,علیشینگ,عليشينگ,,"Alishing, Alisheng."
7,7,12,DAWLAT SHAH,1205,Dawlatshah,705,Dawlatshah,705,705,1205,دولت شاه,دولت شاه,,"Dawlat Shah, Dawlatshah.  (There is also a Dawlatyar in Ghor, a Dawlatabad in Balkh, and another Dawlat Abad in Faryab.)"
7,7,12,NA,NA,NA,NA,Badpakh,706,701,1201,باد پښ,باپښ,,"Bad Pash, Badpash, Bad Pakh, Badpakh, Bad Pakh Shaitan.  (Bak Pash is part of Mehterlam in the 399 sets, but separate in the 407 set.  It is a temporary district of the 422 set.)"
5,5,5,PROVINCIAL CENTER (PULLE-ALAM),501,Pul-e-Alam,501,Pul-e-Alam,501,501,501,پل علم,پل علم,,"Puli Alam, Pul-e-Alam, Pul-i-Alam."
5,5,5,BARAKIBARAK,502,Barakibarak,504,Baraki Barak,502,504,502,برکی برک,بركي برك,,"Baraki Barak, Barakibarak, Barak-e-Barak."
5,5,5,CHARKH,503,Charkh,505,Charkh,503,505,503,چرخ,چرخ,,"Charkh, Tchark."
5,5,5,KHUSHI,504,Khoshi,502,Khoshi,504,502,504,خوشی,خوشی,,"Khushi, Khoshi."
5,5,5,MOHAMMAD AGHA,505,Mohammadagha,503,Muhammad Agha,505,503,505,محمد آغه,محمداغى,,"Mohammad Agha, Mohammadagha."
5,5,5,KHARWAR,506,Kharwar,506,Kharwar,506,506,506,خروار,خروار,,Kharwar.
5,5,5,AZRAW,507,Azra,507,Azra,507,507,507,ازره,ازرى,,Azra.
6,6,10,PROVINCIAL CENTER (JALALABAD ),1001,Jalalabad,601,Jalalabad,601,601,1001,جلال آباد,جلال آباد,,"Jalalabad, Djalalabad."
6,6,10,BEHSOOD,1002,Behsud,602,Bihsod,602,602,1002,بهسود,بهسوو,,"Behsud, Bihsud, Behsod.  (There is a Markaz-e-Behsud district, and a Hise-e-Awal-e-Behsud district, both in Wardak."
6,6,10,SURKHROD,1003,Surkhrod,603,Surkhrod,603,603,1003,سرخرود,سرخرو,,"Surkh Rud, Surkhrud, Surkh Rod, Surkhrod, Sorkh Roud."
6,6,10,CHIPERHAR,1004,Chaparhar,605,Chaparhar,604,605,1004,چپرهار,چپرهار,,Chaparhar.
6,6,10,RODAT,1005,Rodat,606,Rodat,607,606,1005,رودات,روداتو,,Rodat.
6,6,10,KAMA,1006,Kama,607,Kama,605,607,1006,کامه,کامى,,"Kama, Kamah."
6,6,10,KOOZ KONAR,1007,Kuzkunar,608,Kozkunar,606,608,1007,کوزکنر,کوزکنړ,,"Kuzkunar, Kuz Kunar, Khewa."
6,6,10,DARAH NOOR,1008,Dara-e-Nur,609,Dara-e-Nor,612,609,1008,دره نور,درۀ نور,,"Darah-e-Noor, Dara-e-Nur, Darah-ye-Nur, Dara Nur."
6,6,10,HESARAK,1010,Hesarak,610,Hisarak,621,610,1010,حصارک,حصارک,,"Hesarak, Hisarak, Hesarak Ghaljai."
6,6,10,KHOGYANI,1011,Khogyani,604,Khogyani,608,604,1011,خوگیانی,خوگياڼی,,"Khugyani, Khogyani, Khogiani."
6,6,10,PACHAR WAGAM,1012,Pachieragam,612,Pacher Agam,611,612,1012,پچیر واگام,پچير واگام,,"Pachir Wa Agam, Pachiragam."
6,6,10,DAHBALA,1013,Dehbala,613,Dehbala,610,613,1013,ده بالا,ده بالا,هسکه مېنه,"Deh Bala, Dehbala, Haska Mina, Haska Mena."
6,6,10,KOTT,1014,Kot,614,Kot,613,614,1014,کوت,کوټ,,Kot.
6,6,10,ACHIN,1015,Achin,617,Achen,615,617,1015,اچین,اچين,,"Achen, Achin, Acheen, Achine.  (Spingar is part of Achin in the 399 and 407 sets, but is a temporary district in the 422 set.)"
6,6,10,NAZYAN,1016,Nazyan,621,Nazyan,620,621,1016,نازیان,نازيانو,,"Nazyan, Nazian, Naziyan."
6,6,10,DUR BABA,1017,Durbaba,622,Durbaba,622,622,1017,دربابا,در بابا,,"Dur Baba, Durbaba."
6,6,10,SHENWAR,1018,Shinwar,618,Shenwar,616,618,1018,شینوار,شينوارو,غنی خيل,"Shinwar, Ghanikhel, Ghani Kahil.  (There is also a Ghani Khel (aka  Qarghayee) district in Laghman.)"
6,6,10,BATI KOT,1019,Batikot,615,Batikot,609,615,1019,بتی کوت,بټی کوټ,,"Bati Kot, Batikot."
6,6,10,MUHMAND DARA,1020,Muhmand Dara,619,Muhmand Dara,617,619,1020,مهمند دره,مهمندرى,,"Muhmand Dara, Mohmand Darah, Muhmand Dara, Mohmandara, Muhmanddara. (There is also Mohmand Dara valley in Achin.)"
6,6,10,GOSHTA,1021,Goshta,616,Goshta,614,616,1021,گوشته,گوشتى,,Goshta.
6,6,10,LALPOOR,1022,Lalpur,620,Lalpor,618,620,1022,لعل پور,لعل پوري,,"Lalpoor, Lalpur, La'lpur, Lalpor, Lal Pur."
6,6,10,SHIRZAD,1009,Sherzad,611,Sherzad,619,611,1009,شیرزاد,شيرزا,,"Sher Zad, Sherzad, Shir Zad, Shirzad."
6,6,10,NA,NA,NA,NA,Spinghar,623,617,1015,سپین غر,سپين غر,,"Spinghar, Spin Ghar, Spingar,   (Spinghar district is part of Achin in the 399 and 407 sets.  Spingar is a temporary district in the 422 set.)"
34,34,26,PROVINCIAL CENTER - ZARANJ,2601,Zaranj,3401,Zaranj,3401,3401,2601,زرنج,زرنج,,Zaranj.
34,34,26,KANG,2602,Kang,3402,Kang,3402,3402,2602,کنگ,کنگ,,"Kang, Qafak."
34,34,26,CHAR BORJAK,2603,Charburjak,3403,Char Burjak,3404,3403,2603,چاربرجک,چاربرجک,,"Char Burjak, Chahar Burjak, Charburjak."
34,34,26,ASEL CHAKHANSUR,2604,Chakhansur,3404,Chakhansor,3403,3404,2604,اصل چخانسور,اصل چخانسور,,Chakhansur
34,34,26,KHASHROAD,2605,Khashrod,3405,Khashrod,3405,3405,2605,خا شرود,خا شرو,,"Khashrod, Khash Rod, Khash Rud, Khashrud.  (Dilaram is part of Kashrod in the 399 set.)"
34,34,26,DELARAM,2606,NA,NA,Dilaram,3406,3405,2606,دلارام,دلارام,,"Dilaram, Delaram.  (Dilaram is part of Kashrod in the 399 district set.  Dilaram is separate in the 407 set.  It is a temporary district in the 422 set.)"
16,14,13,PROVINCIAL CENTER (NOORISTAN),1301,Poruns,1401,Paron,1601,1401,1301,پارون,پارون,,"Paroon, Paron, Poruns, Parun, Parune, Prasun."
16,14,13,NOOR GRAM,1302,Nurgeram,1404,Nor Giram,1604,1404,1302,نورگرام,نورگرام,,"Noor Gram, Noorgram, Nurgeram, Norgram, Nurgram, Nangarage."
16,14,13,DUABA,1303,Duab,1403,Doab,1605,1403,1303,دواب,دوآب,,"Duab, Do Ab, Du’ab."
16,14,13,WAIGAL,1304,Waygal,1406,Waygal,1602,1406,1304,وایگل,وايگل,,"Waygal, Want Wagal, Wegal, Want Wegal."
16,14,13,WAMA,1305,Wama,1405,Wama,1603,1405,1305,واما,واما,,Wama.
16,14,13,MONDAWEL,1306,Mandol,1402,Mandol,1607,1402,1306,مندول,منډول,,Mandol.
16,14,13,BARGUMTAL,1308,Barg-e-Matal,1408,Barg-e-Matal,1608,1408,1308,برگ متال,برگ مټال,,"Bargi Matal, Barg-i-Matal, Barg-e-Matal, Barg-e-Mataal, Bargromatal."
16,14,13,KAMDESH,1307,Kamdesh,1407,Kamdesh,1606,1407,1307,کامدیش,کامديش,,"Kamdesh, Kamdish."
13,12,8,PROVINCIAL CENTER (GARDEIZ),801,Gardez,1201,Gardez,1301,1201,801,گردیز,گردیز,,Gardez.
13,12,8,SAID KARAM,802,Sayedkaram,1202,Sayed Karam,1306,1202,802,سید کرم,سيکرم,,"There is also a Sayyad district in Sar-e-Pul, a Sayyid Khel in Parwan, and a Sayyid Abad district in Wardak.  (Mirzaka is part of Sayyid Karam in the 399 sets, but split off in the others.)"
13,12,8,ZURMAT,803,Zurmat,1204,Zurmat,1303,1204,803,زرمت,زرمت,,"Zurmat, Zormat.  (Zurmat includes Rohany Baba in the 399 and 407 sets, but not in the 422 set.)"
13,12,8,SHAWAK,804,Shawak,1205,Shawak,1304,1205,804,شواک,شواک,,"Shwak, Shawak, Showak."
13,12,8,WAZA ZADRAN,805,Zadran,1206,Zadran,1305,1206,805,وزه ځدران,وزى ځدران,حّدران,"Wuza Zadran, Zadran, Dzadran,.  (Garda Siray is part of Waze Zadran in the 399 and 407 sets, but separate in the 422 set.)"
13,12,8,LAJA AHMAD KHEIL,806,Lija Ahmad Khel,1207,Lija Ahmadkhel,1308,1207,806,لجه احمد خیل,لجه احمخيل,,"Laja Ahmad Khel, Ahmadkhel, Ahmad Khel.  (Laja Ahmad Khel includes Laja Mangal in both of the 399 sets, but not the 407 or 422 sets.)"
13,12,8,JANI KHEIL (PAKTIA),807,Janikhel,1209,Jani Khel,1309,1209,807,جانی خیل,جانی خيلو,,"Jani Khel, Janikhel.  (There is also a Jani Khel in Paktika.)"
13,12,8,DAND PATAN,808,Dand wa Patan,1211,Dand wa Patan,1311,1211,808,دند پتان,ډنډ پټان,,"Dand Patan, Dand wa Patan, Dand-e Patan.  (There is also a Dand district in Kandahar.)"
13,12,8,SAMKANAI,809,Chamkani,1210,Chamkani,1310,1210,809,څمكنى,څمکنیو,,"Samkani, Chamkani, Chamkani, Tchamkani, Tsamkani, Samkani, Samkanai."
13,12,8,JAJI,810,Alikhel,1208,Jaji,1307,1208,810,جاجی,ځاځی,علی خیل,"Jaji, Jaji Maidan, Zazi, Zazi Aryob, Alikhel, Ali Khel, Aryoub Zazai."
13,12,8,AHMAD ABAD,811,Ahmadaba,1203,Ahmadabad,1302,1203,811,احمد اباً,احماباُ,,"Ahmadabad, Ahmad Abad, Ahmadaba."
13,12,8,NA,NA,NA,NA,Garda Siray,1314,1206,805,گرده څیړی,گرده څیړی,,Garda Siray.  (Garda Siray is part of Waze Zadran in the 399 and 407 sets.  It is a temporary district in the 422 set.)
13,12,8,NA,NA,NA,NA,Lija Mangal,1312,1207,806,لجه منگل,لجه منگل,,"Laja Mangel, Laja Mangal, Lazha Mangal.  (The Laja Mangel area is included in Laja Ahmad Khel in both 399 sets.  Laja Mangal is separate in the 407 set.  It is temporary district in the 422 set.)"
13,12,8,NA,NA,NA,NA,Merzaka,1313,1202,802,میر زکه,میرزکه,,"Mirzaka, Mirzakah, Meer Zaka.  (Mirzaka is part of Sayyid Karam in the 399 set.  It is a separate district in the 407 set, and a temporary district in the 422 set.)"
13,12,8,NA,NA,NA,NA,Rohani Baba,1315,1204,803,روحانی بابا,روحانی بابا,,"Rohany Baba, Rohani Baba.  (Rohany Baba is part of Zurmat in the 399 and 407 sets. It is a temporary district in the 422 set.)"
12,25,7,PROVINCIAL CENTER (SHARAN),701,Sharan,2501,Sharan,1201,2501,701,شرن,شرن,,"Sharan, Sharana."
12,25,7,MATA KHAN,702,Matakhan,2502,Matakhan,1202,2502,702,متا خان,مټا خان,,"Mata Khan, Matakhan, Mota Khan."
12,25,7,YOSEF KHEIL,703,Yosufkhel,2503,Yosuf Khel,1203,2503,703,یوسف خیل,يوسف خيلو,,"Yosuf Khel, Yosufkhel."
12,25,7,YAHYA KHEIL,704,Yahyakhel,2506,Yahya khel,1204,2506,704,یحیی خیل,يحيی خيلو,,"Yahya Khel, Yahyakhel, Yahya Khail."
12,25,7,OMANAH,705,Omna,2507,Omna,1206,2507,705,اومنه,اومنى,,"Omna, Omnah."
12,25,7,SAR RAWZA,706,Sarrawzah,2504,Sar Rawzah,1205,2504,706,سرروضه,سرروضى,,"Sar Rawza, Sar Hawza, Sarrawzah, Sarhawzah, Sar Hawzeh."
12,25,7,ZARGHOON SHAHER,707,Zarghunshahr,2505,Zarghon Shahr,1207,2505,707,زرغون شهر,زرغون شهر,خير کوټ / کټواز‎,"Zarghun Shahr, Khair Kot, Katawaz, Zarghunshahr."
12,25,7,JANI KHEIL (PAKTIKA),708,Janikhel,2512,Janikhel,1209,2512,708,جانی خیل,جانی خيلو,,"Jani Khel, Janikhel.  (There is also a Jani Khel in Paktia.)"
12,25,7,GOMAL,709,Gomal,2508,Gomal,1208,2508,709,گومل,گومل,,"Gomal, Gumal.  (Chaharbaran is part of Gomal in these district sets, but is often refered to as a district.)"
12,25,7,SURUBI (PAKTIKA),710,Sarobi,2509,Sarobi,1210,2509,710,سروبی,سروبی,,"Surubi, Sarobi, Sorubi, Sarubi, Surobi.  (There is also a Sorubi district in Kabul province.)"
12,25,7,URGOON,711,Urgun,2510,Urgun,1211,2510,711,ارگون,ارگون,,"Urgoon, Urgun."
12,25,7,ZIROK,712,Ziruk,2517,‌‌Zerok‌‎‌‎‌‎,1212,2517,712,زیروک,زيړوک,,"Ziruk, Zeruk, Zerok, Zirok."
12,25,7,DELA,714,Dila,2518,Dela,1216,2518,714,دیله وخوشا مند,ديله وخوشا من,دیله,"Dila Wa Khushamand, Dila, Dilah, Khushamand."
12,25,7,WAZAKHWA,715,Wazakhah,2513,Wazakhah,1217,2513,715,وازه خواه,وازه خواه,,"Wazakhwah, Waza Khwa, Wazah Khwah, Wazi Khwa."
12,25,7,TURWU,716,Turwo,2519,Turwo,1219,2519,716,تروو,تروو,,"Turwo, Tarwe, Terwa, Turwa."
12,25,7,WARMAMAI,717,Wormamay,2514,Wormamay,1218,2514,717,ورممی,وړممی,,"Wormamay, Wur Mamay, Wormamai, Wormami, Wor Mamay."
12,25,7,BARMAL,718,Bermel,2515,Birmil,1214,2515,718,برمل,برمل,,"Barmal, Bermel, Barmel, Bermal."
12,25,7,GAYAN,719,Gyan,2516,Gyan,1215,2516,719,گیان,گيان,,"Giyan, Gayan, Gyan."
12,25,7,NIKA,713,Naka,2511,Neka‌‎‌‎‌‎‌‎,1213,2511,713,نیکه,نيکه,,"Nika, Neka, Naka."
8,8,33,BAZARAK,3301,Bazarak,801,Bazarak,801,801,3301,بازارک,بازارک,,Bazarak.
8,8,33,ROKHA,3302,Rukha,803,Rukha,802,803,3302,رخه,رخه,,"Rukha, Rokha."
8,8,33,ANABA,3303,Onaba,806,Onaba,805,806,3303,عنابه,عنابه,,"Unaba, Anawa, Anaba, Hisa-e-Char Panjshir."
8,8,33,DARAH,3304,Dara,804,Dara,803,804,3304,دره,دره,,"Darah, Dara.  (Abshar is part of Darah in the 399 sets, but not the others.)"
8,8,33,HESSA-E-AWAL,3305,Khenj,805,Khinj,804,805,3305,حصه اول,د حصه اول,خینج,"Khinj, Khanj, Hissa-e-Awal Panjsher."
8,8,33,SHATAL,3306,Shutul,802,Shutul,806,802,3306,شتل,شتل,,Shutul.
8,8,33,PAREYIAN,3307,Paryan,807,Paryan,807,807,3307,پریان,پريان,,"Paryan, Parian."
8,8,33,NA,NA,NA,NA,Abshar,808,804,3304,آبشار,ابشار,,"Abshar, Ab Shar.  (Abshar is part of Darah in the 399 sets, but is separate in 407 set, and is a temporary district of the 422 set.)"
3,3,3,PROVINCIAL CENTER (CHARIKAR),301,Charikar,301,Charekar,301,301,301,چاریکار,چاریکار,,Charikar.
3,3,3,SAYID KHAIL,302,Saydkhel,305,Sayd Khel,304,305,302,سید خیل,سيخيل,,"Sayyid Khel, Saydkhel. There is also a Sayyad district in Sar-e-Pul, a Sayyid Karam in Paktia, and a Sayyid Abad district in Wardak."
3,3,3,JABUL SARAJ,303,Jabalussaraj,302,Jabalussaraj,305,302,303,جبل السراج,جبل السراج,,"Jabulussaraj, Jabal Saraj, Jabal us Saraj."
3,3,3,SALANK,304,Salang,306,Salang,306,306,304,سالنگ,سالنگ,,Salang.
3,3,3,SHENWARI,305,Shinwari,303,Shenwari,303,303,305,شینواری,شينوارى,,Shinwari.  (There is also a Shinwar district in Nangarhar.)
3,3,3,SEYAGERD GHORBAND,306,Ghorband,307,Ghorband,307,307,306,سیاه گرد,سيا گرد,غوربند,"Sia Gird, Siagird, Ghorband."
3,3,3,BAGRAM,307,Bagram,304,Bagram,302,304,307,بگرام,بگرام,,Bagram.
3,3,3,KOHE SAFI,308,Koh-e-Safi,308,Koh-e-Safi,308,308,308,کوه صافی,كوه صافي,,"Koh-e-Safi, Koh Safi."
3,3,3,SHAIKH ALI,309,Shekhali,309,Shekh Ali,310,309,309,شیخ علی,شيخ علي,,"Shaykh Ali, Sheikh Ali, Shekhali, Shaykh 'Ali."
3,3,3,SORKH PARSA,310,Surkh-e-Parsa,310,Surkh-e-Parsa,309,310,310,سرخ پارسا,سرخ پارسا,,"Surkh Parsa, Surkhi Parsa, Surkh-e-Parsa, Surkhe Parsa, Surkh-o Parsa, Lolinge, Lowlenge."
20,19,18,PROVINCIAL CENTER (AIBAK),1801,Aybak,1901,Aybak,2001,1901,1801,ایبک,ایبک,,"Aybak, Aibak."
20,19,18,HAZRAT-E-SULTAN,1802,Hazrat-e-Sultan,1902,Hazrat-e-Sultan,2002,1902,1802,حضرت سلطان,حضرت سلطان,,"Hazrat-e-Sultan, Hazrat Sultan."
20,19,18,FEROZ NAKHCHEER,1803,Feroznakhchir,1903,Feroz Nakhcher,2004,1903,1803,فیروز نخچیر,فيروز نخچير,,"Feroz Nakhcheer, Feroznakhchir, Feroz Nakhchir."
20,19,18,DARAH-E-SUF HULYA,1804,Dara-e Suf-e-Bala,1905,Dara-e Sof-e-Bala,2007,1905,1804,دره صوف بالا,درۀ صوف بالا,,"Dara-e-Soof-e-Bala, Darah-ye-Suf-e Bala, Darah-e-Souf-e Bala, Dara-i-Sauf Bala."
20,19,18,DARAH-I-SUF PAYEN,1805,Dara-e-Suf-e-Payin,1904,Dara-e-Sof-e-Payin,2006,1904,1805,دره صوف پائین,درۀ صوف پائين,,"Dara-e-Soof-i-Payin, Darah-ye-Suf-e Pa'in, Dara-e-Sof-e-Payin, Dara-e-Souf-e-Payan, Dara-i-Sauf Paeen."
20,19,18,RAI-DO-AB,1806,Ruy-e-Duab,1907,Roy-e-Doab,2005,1907,1806,روی دواب,روي دوآب,,"Rui-Do-Ab, Ruy-e-Duab, Ruy Do Ab, Rui Doab, Doab."
20,19,18,KHOURAM SAR BAGH,1807,Khuram Wa Sarbagh,1906,Khuram Wa Sarbagh,2003,1906,1807,خرم و سارباغ,خرم و سارباغ,,"Khuram Wa Sarbagh,Khuram wa Sar Bagh, Khuram Sarbagh."
22,20,21,PROVINCIAL CENTER (SAR-I-PUL),2101,Sar-e-Pul,2001,Sar-e-Pul,2201,2001,2101,سرپل,سرپل,,"Sar-e-Pul, Saripul, Saripol, Sar-i-Pol."
22,20,21,SUZMA QULA,2102,Sozmaqala,2004,Sozma Qala,2204,2004,2102,سوزمه قلعه,سوزمه قلعه,,"Sozma Qala, Sozmaqala, Sozmah Qal'ah."
22,20,21,SAYAD,2103,Sayad,2002,Sayad,2202,2002,2103,صیاد,صيا,,"Sayyad, Sayad.  (There is also a Sayyid Khel district in Parwan, a Sayyid Karam in Paktika, and a Sayyid Abad district in Wardak.)"
22,20,21,KOHISTANAT,2104,Kohestanat,2003,Kohistanat,2203,2003,2104,کوهستانات,کوهستانات,,"Kohistanat.  (There are Kohistan districts in both Badakhshan and Faryab. There is a Hissa-e-Awali Kohistan, and a Hissa-e Duome Kohistan, both in Kapisa.)"
22,20,21,BALKHAB,2105,Balkhab,2006,Balkhab,2207,2006,2105,بلخا ب,بلخا ب,,Balkhab.
22,20,21,SANGCHARAK,2106,Sancharak,2007,Sancharak,2205,2007,2106,سانچارک,سانچارک,,"Sancharak, Sangcharak."
22,20,21,GOSFANDI,2107,Gosfandi,2005,Gosfandi,2206,2005,2107,گوسفندی,گوسفندی,,Gosfandi.
18,10,15,TALOQAN - CENTER OF TALOQAN,1501,Taloqan,1601,Taluqan,1801,1601,1501,تالقان,تالقان,,"Taluqan, Taloqan."
18,10,15,HAZAR SOMOCH,1502,Hazarsumuch,1602,Hazarsumoch,1802,1602,1502,هزار سموچ,هزار سموچ,,"Hazar Sumuch, Hazarsumuch, Hazar Sumoch."
18,10,15,BAHARAK,1503,Baharak,1603,Baharak,1803,1603,1503,بهارک,بهارک,,Baharak.  (There is also a Baharak in Badakhshan.)
18,10,15,KHWAJA GHAR,1504,Khwajaghar,1614,Khwaja Ghar,1809,1614,1504,خواجه غار,خواجه غار,,"Khwaja Ghar, Khwajaghar, Khoja Ghor."
18,10,15,BANGI,1505,Bangi,1604,Bangi,1804,1604,1505,بنگی,بنگی,,"Bangi, Bangi Qala."
18,10,15,ESHKAMESH,1506,Eshkamesh,1615,Ishkmish,1811,1615,1506,اشکمش,اشکمش,,"Eshkamesh, Ishkamish.  (There is also an Eshkashim district in Badakhshan.)"
18,10,15,CHAAL,1507,Chal,1605,Chal,1805,1605,1507,چال,چال,,Chal.
18,10,15,NAMAK  AAB,1508,Namakab,1606,Namak Ab,1806,1606,1508,نمک آب,نمک آب,,"Namak Ab, Namakab."
18,10,15,FARKHAR,1509,Farkhar,1607,Farkhar,1808,1607,1509,فرخار,فرخار,,Farkhar.
18,10,15,KALAFGAN,1510,Kalafgan,1608,Kalafgan,1807,1608,1510,کلفگان,کلفگان,,Kalafgan.
18,10,15,RUSTAQ,1511,Rostaq,1609,Rustaq,1810,1609,1511,رستاق,رستاق,,"Rustaq, Rostak."
18,10,15,CHAH AAB,1512,Chahab,1610,Chahab,1816,1610,1512,چاه آب,چاه آب,,"Chahab, Chah Ab, Cha-e-Ab, Chahi Ab."
18,10,15,YANGI QALA,1513,Yangi Qala,1611,Yangi Qala,1817,1611,1513,ینگی قلعه,ينگی قلعه,,"Yangi Qala, Yangi Qal'ah."
18,10,15,KHWAJA BAHAWODDIN,1514,Khwajabahawuddin,1612,Khwaja Bahawuddin,1814,1612,1514,خواجه بهاوالدین,خواجه بهاوالدين,,"Khwaja Bahawuddin, Khwajabahauddin, Khwaja Bahauddin."
18,10,15,DARQAD,1515,Darqad,1617,Darqad,1815,1617,1515,درقد,درق,,Darqad.
18,10,15,DASHTE QALA,1516,Dasht-e-Qala,1613,Dasht-e-Qala,1812,1613,1516,دشت قلعه,دشت قلعه,,"Dashti Qala, Dasht-i-Qala, Dasht-e-Qala,, Dasht-e Qal'ah."
18,10,15,WARSAJ,1517,Warsaj,1616,Warsaj,1813,1616,1517,ورسج,ورسج,,Warsaj.
25,23,30,PROVINCIAL CENTER (TERINKOTT),3001,Tirinkot,2301,Tirenkot,2501,2301,3001,انتخاب کردن,انتخاب کردن,,"Tirinkot, Tirin Kot, Tarinkot."
25,23,30,CHOARAH,3002,Chora,2302,Chora,2503,2302,3002,چوره,چوره,,"Chora, Chorah.  (Chora includes Chinarto in both 399 district sets.  The 407 and 422 sets show Chinarto split from Chora.)"
25,23,30,KHAS UROZGAN,3003,Khasuruzgan,2305,Khas Uruzgan,2505,2305,3003,خاص ارزگان,خاص ارزگان,,"Khas Urozgan, Khasuruzgan, Khas Oruzgan."
25,23,30,SHAHID-E-HASSAS,3004,Shahid-e-Hassas,2303,Shahed-e-Hassas,2504,2303,3004,شهید حساس,شهيحساس,,"Shahidi Hassas, Shaidi Assas, Charchino, Char China.  (Sia Sang is included in Shahidi Hassas in all district sets, but some consider it to be a district.)"
25,23,30,DEHRAOUD,3005,Dehrawud,2304,Dehrawud,2502,2304,3005,دهراود,دهراو,,"Dehraoud, Dehrawud, Deh Rud."
25,23,30,NA,NA,NA,NA,Chinarto,2506,2302,3002,چینارتو,چنارتو,,"Chinarto, Chenarto, Chinar Tu.  (Chinarto is part of Chora in both 399 sets.  Chinarto is separate in the 407 set, and is a temporary district of the 422 set.)"
4,4,4,PROVINCIAL CENTER (MAIDAN-SHAHR),401,Maydanshahr,401,Maydanshahr,401,401,401,میدان شهر,میدان شهر,,"Maidan Shahr, Maydan Shahr, Maydanshahr."
4,4,4,JALRAIZ,402,Jalrez,402,Jalrez,403,402,402,جلریز,جلريز,,"Jalrez, Jalrayz."
4,4,4,HESA-AWAL-BEHSUD,403,Hesa-e-Awal-e-Behsud,404,Hisa-e-Awal-e-Bihsod,407,404,403,حصه اول بهسود,حصۀ اول بهسو,,"Hissa-e-Awal-e-Behsud, Hesa-e Awal-e Behsud, Hisa-i-Awal-i Bihsud.  (There is also a Markazi Behsud in Wardak, and a Behsud in Nangarhar.)"
4,4,4,MARKAZ-I-BEHSOD,404,Markaz-e-Behsud,408,Markaz-e-Bihsod,409,408,404,مرکز بهسود,مرکز بهسو,,"Markaz-e-Behsud, Markaz-i-Bihsud.  (There is also a Hisa-e-Awal-e-Behsud district in Wardak, and a Behsud district in Nangarhar.) "
4,4,4,DAIMIRDAD,405,Daymirdad,405,Daymerdad,406,405,405,دایمیرداد,دايميردا,,"Daimirdad, Daymirdad, Day Mirdad."
4,4,4,JAGHATO,406,Jaghatu,409,Jaghato,408,409,406,جغتو,جغتو,,"Jaghatu, Jaghato.  (There is also a Jaghatu district in Ghazni.)"
4,4,4,CHAK,407,Chak,406,Chak,404,406,407,چک وردک,چک وردک,,"Chak-e-Wardak, Chak-i-Wardad, Chak."
4,4,4,SAYED ABAD,408,Saydabad,407,Saydabad,405,407,408,سید آباد,سيآبا,,"Sayyid Abad, Saydabad, Sayyidabad, Sayedabad.  (There is also a Sayyad district in Sar-e-Pul, a Sayyid Karam in Paktia, and a Sayyid Khel in Parwan.)"
4,4,4,NERKH,409,Nerkh,403,Nirkh,402,403,409,نرخ,نرخ,,Nerkh
26,24,29,PROVINCIAL CENTER (QALAT),2901,Qalat,2401,Qalat,2601,2401,2901,قلا ت,قلا ت,,Qalat.
26,24,29,SHAH JOI,2902,Shahjoy,2406,Shahjoy,2606,2406,2902,شاه جوی,شاه جوی,,"Shah Joi, Shahjoy, Shajoy, Shahjoi."
26,24,29,ARGHANDAB (ZABUL),2903,Arghandab,2402,Arghandab,2605,2402,2903,ارغنداب,ارغنداب,,Arghandab.  (There is also an Arghandab in Kandahar.)
26,24,29,DAICHOPAN,2905,Daychopan,2408,Daychopan,2607,2408,2905,دایچوپان,دايچوپان,,"Daichopan, Daychopan, Day Chopan."
26,24,29,MIZAN,2906,Mizan,2403,Mezan,2604,2403,2906,میزان,ميزان,,Mizan.
26,24,29,TARNK-O-JALDAK,2907,Tarnak Wa Jaldak,2404,Tarnak Wa Jaldak,2602,2404,2907,ترنک و جلدک,تر نگ و جلدک,,"Tarnak wa Jaldak, Jeldak, Jaldak, Shahr-e-Safa, Shar-e-Safa."
26,24,29,SHINKAI,2908,Shinkay,2405,Shenkay,2603,2405,2908,شینکی,شينکی,,"Shinkai, Shinkay.  (There is also a Shinkai area in Kapisa.  The Surri (or Seuri, Sewray) area is included in Shinkai in all of these district sets, but many think of it as a district.)"
26,24,29,ATGHAR,2909,Atghar,2409,Atghar,2608,2409,2909,اتغر,اتغر,,Atghar.
26,24,29,SHEMEL ZAYI,2910,Shomulzay,2410,Shumulzay,2610,2410,2910,شمل زائی,شمل زائی,,"Shemel Zayi, Shamalzai, Shomulzay, Shamulzai."
26,24,29,NAW BAHAR,2911,Nawbahar,2411,Naw Bahar,2609,2411,2911,نو بهار,نو بهار,,"Naw Bahar, Nawbahar."
26,24,29,KAKAR,2904,Kakar,2407,Kakar,2611,2407,2904,کاکر,کاکړ,خاک افغان,"Kakar, Khak-e-Afghan."