"province_code","province_name","province_votes","candidate_code","serial_number","ballot_position","candidate_name","candidate_votes","vote_share","candidate_rank","results_date","results_status"
"02","Kapisa",38641,"2-1249-103",34,34,"Mirdaad Khan Nejrabi",5849,0.151367718226754,1,2019-01-24,"Results Status : Certified"
"02","Kapisa",38641,"2-1685-42",21,21,"Eng. Mir Haidar Afzali",5370,0.138971558707073,2,2019-01-24,"Results Status : Certified"
"02","Kapisa",38641,"2-201-1142-13",15,15,"Gen. Mohammad Iqbal Safi",5355,0.138583369995601,3,2019-01-24,"Results Status : Certified"
"02","Kapisa",38641,"2-1397-22",2,2,"Abdul Zaher Hakimzadah",2325,0.0601692502782019,4,2019-01-24,"Results Status : Certified"
"02","Kapisa",38641,"2-1545-48",4,4,"Shukrullah Mohammadi",1591,0.0411738826634921,5,2019-01-24,"Results Status : Certified"
"02","Kapisa",38641,"2-1250-33",26,26,"Shejauddin Murad",1434,0.037110840816749,6,2019-01-24,"Results Status : Certified"
"02","Kapisa",38641,"2-1274-34",33,33,"Khadija Elham Khalili",1378,0.0356616029605859,7,2019-01-24,"Results Status : Certified"
"02","Kapisa",38641,"2-1269-86",23,23,"Mawlana Abdul Maroof Waaseq",1279,0.0330995574648689,8,2019-01-24,"Results Status : Certified"
"02","Kapisa",38641,"2-1437-37",31,31,"Abdul Hakim = Khwaja Padshah",1124,0.0290882741129888,9,2019-01-24,"Results Status : Certified"
"02","Kapisa",38641,"2-1541-25",5,5,"Saara Sirat",1085,0.0280789834631609,10,2019-01-24,"Results Status : Certified"
"02","Kapisa",38641,"2-1637-62",28,28,"Mohammad Shafiq Alawi",970,0.0251028700085402,11,2019-01-24,"Results Status : Certified"
"02","Kapisa",38641,"2-1161-81",17,17,"Mohammad Nader Khalid",900,0.0232913226883362,12,2019-01-24,"Results Status : Certified"
"02","Kapisa",38641,"2-1162-113",32,32,"Khalida Hakimi",879,0.022747858492275,13,2019-01-24,"Results Status : Certified"
"02","Kapisa",38641,"2-1318-109",14,14,"Qazi Ahmadi Ahmadi",769,0.0199011412748117,14,2019-01-24,"Results Status : Certified"
"02","Kapisa",38641,"2-1305-123",9,9,"Alhaj Mohammad Masoom Khan Hashemi",711,0.0184001449237856,15,2019-01-24,"Results Status : Certified"
"02","Kapisa",38641,"2-1186-115",1,1,"Mohammad Faazel Safi",702,0.0181672316969023,16,2019-01-24,"Results Status : Certified"
"02","Kapisa",38641,"2-1009-68",18,18,"Abdul Wakil Jalili",679,0.0175720090059781,17,2019-01-24,"Results Status : Certified"
"02","Kapisa",38641,"2-1141-10",19,19,"Nazar Mohammad Mohammadi",663,0.0171579410470744,18,2019-01-24,"Results Status : Certified"
"02","Kapisa",38641,"2-1390-73",10,10,"Qazi Abdul Razaaq Nejrabi",651,0.0168473900778965,19,2019-01-24,"Results Status : Certified"
"02","Kapisa",38641,"2-1225-4",3,3,"Mohammad Rafi Safi",613,0.0158639786755001,20,2019-01-24,"Results Status : Certified"
"02","Kapisa",38641,"2-1461-40",16,16,"Rahima Shams Kohistani",558,0.0144406200667685,21,2019-01-24,"Results Status : Certified"
"02","Kapisa",38641,"2-1297-4",8,8,"Qari Omid Safi",483,0.0124996765094071,22,2019-01-24,"Results Status : Certified"
"02","Kapisa",38641,"2-1593-87",35,35,"Fazel Hadi Ahmadi",418,0.0108175254263606,23,2019-01-24,"Results Status : Certified"
"02","Kapisa",38641,"2-1273-83",24,24,"Dr. Mohammad Nayem Safi",416,0.0107657669314976,24,2019-01-24,"Results Status : Certified"
"02","Kapisa",38641,"2-1210-85",22,22,"Talib Jaan Safi",401,0.0103775782200254,25,2019-01-24,"Results Status : Certified"
"02","Kapisa",38641,"2-1174-110",6,6,"Tahera Mirzadah",326,0.00843663466266401,26,2019-01-24,"Results Status : Certified"
"02","Kapisa",38641,"2-1149-59",13,13,"Gull Ahmad Safi",283,0.00732382702311017,27,2019-01-24,"Results Status : Certified"
"02","Kapisa",38641,"2-1553-92",12,12,"Rohullah Safi",269,0.00696151755906938,28,2019-01-24,"Results Status : Certified"
"02","Kapisa",38641,"2-1389-35",29,29,"Dr. Humma Shamim",267,0.00690975906420641,29,2019-01-24,"Results Status : Certified"
"02","Kapisa",38641,"2-1290-26",25,25,"Akhondzadah Abdul Salam Jawad",250,0.00646981185787117,30,2019-01-24,"Results Status : Certified"
"02","Kapisa",38641,"2-1505-119",7,7,"Razia Saadat Habibi",191,0.00494293625941358,31,2019-01-24,"Results Status : Certified"
"02","Kapisa",38641,"2-1081-112",20,20,"Nooria Kohistani",186,0.00481354002225615,32,2019-01-24,"Results Status : Certified"
"02","Kapisa",38641,"2-1133-3",27,27,"Najibullah Rahimi Safi",151,0.00390776636215419,33,2019-01-24,"Results Status : Certified"
"02","Kapisa",38641,"2-1265-90",30,30,"Aaqel Khan Tagabi",101,0.00261380399057995,34,2019-01-24,"Results Status : Certified"
"02","Kapisa",38641,"2-1266-54",11,11,"Haji Aqa Jaan Sayedi",14,0.000362309464040786,35,2019-01-24,"Results Status : Certified"
"03","Parwan",86028,"3-1593-34",16,16,"Abdul Aziz - Humayoun Harirod",14690,0.17075835774399,1,2019-01-20,"Results Status : Certified"
"03","Parwan",86028,"3-1093-1",12,12,"Alhaj Mir Rahman Rahmani",10693,0.124296740596085,2,2019-01-20,"Results Status : Certified"
"03","Parwan",86028,"3-1541-2",1,1,"Sediq Ahmad Osmani",9961,0.115787883014832,3,2019-01-20,"Results Status : Certified"
"03","Parwan",86028,"3-1441-18",17,17,"Alhaj Abdul Zaher Salangi",9329,0.108441437671456,4,2019-01-20,"Results Status : Certified"
"03","Parwan",86028,"3-1309-32",11,11,"Abdul Satar Khawasi",8025,0.0932835820895522,5,2019-01-20,"Results Status : Certified"
"03","Parwan",86028,"3-1306-4",7,7,"Zakia Sangin",5415,0.0629446226809876,6,2019-01-20,"Results Status : Certified"
"03","Parwan",86028,"3-1249-42",25,25,"Alhaj Mohammadagull Mujahid",4648,0.0540289208164784,7,2019-01-20,"Results Status : Certified"
"03","Parwan",86028,"3-1585-16",2,2,"Mohammad Munib Hadad",3094,0.0359650346398847,8,2019-01-20,"Results Status : Certified"
"03","Parwan",86028,"3-1461-21",6,6,"Alhaj Nesaruddin Baryalai",2943,0.0342097921606919,9,2019-01-20,"Results Status : Certified"
"03","Parwan",86028,"3-1177-15",24,24,"Master Samea Azizi Sadat",2900,0.0337099548984052,10,2019-01-20,"Results Status : Certified"
"03","Parwan",86028,"3-1273-3",3,3,"Palwasha Ismailzadah",2536,0.0294787743525364,11,2019-01-20,"Results Status : Certified"
"03","Parwan",86028,"3-1174-37",5,5,"Qari Abdul Jalil Ayar",2130,0.0247593806667597,12,2019-01-20,"Results Status : Certified"
"03","Parwan",86028,"3-1437-25",27,27,"Mujahid Mowahid Ibrahimi",1689,0.0196331426977263,13,2019-01-20,"Results Status : Certified"
"03","Parwan",86028,"3-1305-23",8,8,"Dr. Abdul Satar Amiri",1596,0.0185520993165016,14,2019-01-20,"Results Status : Certified"
"03","Parwan",86028,"3-1157-24",9,9,"Dr. Mohammad Shafi Mushfeq",1502,0.0174594318128981,15,2019-01-20,"Results Status : Certified"
"03","Parwan",86028,"3-1198-27",14,14,"Malem Abdullah Khalozai",1017,0.0118217324591993,16,2019-01-20,"Results Status : Certified"
"03","Parwan",86028,"3-1173-14",19,19,"Hasiba Efat",873,0.0101478588366578,17,2019-01-20,"Results Status : Certified"
"03","Parwan",86028,"3-1250-29",21,21,"Bibi haji Shafiqa Noori",847,0.00984563165481006,18,2019-01-20,"Results Status : Certified"
"03","Parwan",86028,"3-1325-35",20,20,"Farzana Farhat",503,0.00584693355651648,19,2019-01-20,"Results Status : Certified"
"03","Parwan",86028,"3-1313-22",28,28,"Abdul Motaal Mubasher",288,0.003347747245083,20,2019-01-20,"Results Status : Certified"
"03","Parwan",86028,"3-1297-26",15,15,"Nargis Sayed",264,0.00306876830799275,21,2019-01-20,"Results Status : Certified"
"03","Parwan",86028,"3-1205-28",26,26,"Hamta Mubarez",258,0.00299902357372018,22,2019-01-20,"Results Status : Certified"
"03","Parwan",86028,"3-1505-38",4,4,"Khatol Faqirzadah",230,0.00267354814711489,23,2019-01-20,"Results Status : Certified"
"03","Parwan",86028,"3-1397-36",10,10,"Wahida Payendah",162,0.00188310782535919,24,2019-01-20,"Results Status : Certified"
"03","Parwan",86028,"3-1009-30",22,22,"Shekeba Sayedkheli",138,0.00160412888826894,25,2019-01-20,"Results Status : Certified"
"03","Parwan",86028,"3-1265-33",13,13,"Mohammad Anwar Neyazai",114,0.00132514995117869,26,2019-01-20,"Results Status : Certified"
"03","Parwan",86028,"3-1329-19",18,18,"Aziza Ishani Walizadah",111,0.0012902775840424,27,2019-01-20,"Results Status : Certified"
"03","Parwan",86028,"3-1465-31",23,23,"Mohammadzadah Parsa",72,0.000836936811270749,28,2019-01-20,"Results Status : Certified"
"07","Laghman",44348,"7-1297-6",23,23,"Gen. Abdul Munir Tarakhel",4048,0.0912780734193199,1,2019-01-20,"Results Status : Certified"
"07","Laghman",44348,"7-1174-64",10,10,"Mohammad Rafi Mamozai",3021,0.06812032109678,2,2019-01-20,"Results Status : Certified"
"07","Laghman",44348,"7-1441-13",19,19,"Eng. Mohammad Aalem Qarar",2884,0.0650311175250293,3,2019-01-20,"Results Status : Certified"
"07","Laghman",44348,"7-1505-10",4,4,"Shamsullah Abdulrahimzai",2656,0.0598899612158384,4,2019-01-20,"Results Status : Certified"
"07","Laghman",44348,"7-1545-6",17,17,"Hamidullah Khair",2515,0.056710561919365,5,2019-01-20,"Results Status : Certified"
"07","Laghman",44348,"7-1186-17",8,8,"Gen. Naqibullah Mohabat",2426,0.0547037070442861,6,2019-01-20,"Results Status : Certified"
"07","Laghman",44348,"7-1541-9",26,26,"Wafiullah Sharifi",2347,0.0529223414810138,7,2019-01-20,"Results Status : Certified"
"07","Laghman",44348,"7-1142-11",11,11,"Haji Shir Shah Stor",2017,0.0454811941913953,8,2019-01-20,"Results Status : Certified"
"07","Laghman",44348,"7-1141-26",6,6,"Haji Ghullam Nabi Hotak",2001,0.0451204112925047,9,2019-01-20,"Results Status : Certified"
"07","Laghman",44348,"7-1437-16",5,5,"Mawlawi Abdul Qahar Haqani",1824,0.0411292504735276,10,2019-01-20,"Results Status : Certified"
"07","Laghman",44348,"7-1305-2",1,1,"Alhaj Zifnon safi",1787,0.0402949400198431,11,2019-01-20,"Results Status : Certified"
"07","Laghman",44348,"7-1533-3",18,18,"Haji Mukaram khan Naseri",1652,0.0372508343104537,12,2019-01-20,"Results Status : Certified"
"07","Laghman",44348,"7-1265-8",22,22,"Shirzad Safi",1586,0.03576260485253,13,2019-01-20,"Results Status : Certified"
"07","Laghman",44348,"7-1250-24",2,2,"Merajuddin Majidzoi",1458,0.0328763416614052,14,2019-01-20,"Results Status : Certified"
"07","Laghman",44348,"7-1001-5",30,30,"Alhaj Mohammad Ayoub",1380,0.0311175250293136,15,2019-01-20,"Results Status : Certified"
"07","Laghman",44348,"7-1273-27",28,28,"Ghawarjaan",1324,0.0298547848831965,16,2019-01-20,"Results Status : Certified"
"07","Laghman",44348,"7-1637-36",32,32,"Alhaj Eng. Assadullah Assad",1276,0.0287724361865248,17,2019-01-20,"Results Status : Certified"
"07","Laghman",44348,"7-1254-18",15,15,"Dr. Hafizullah Malang",1123,0.0253224497158835,18,2019-01-20,"Results Status : Certified"
"07","Laghman",44348,"7-1149-4",12,12,"Shir Ali Dard Sahak",987,0.0222557950753134,19,2019-01-20,"Results Status : Certified"
"07","Laghman",44348,"7-1313-57",31,31,"Abdul Hadi Wahedi",687,0.0154911157211148,20,2019-01-20,"Results Status : Certified"
"07","Laghman",44348,"7-1337-25",3,3,"Breshna Safi",653,0.0147244520609723,21,2019-01-20,"Results Status : Certified"
"07","Laghman",44348,"7-1150-65",21,21,"Gull Marai Laghmani",642,0.014476413817985,22,2019-01-20,"Results Status : Certified"
"07","Laghman",44348,"7-1229-19",7,7,"Ghullam Yahya Ibrahimi",624,0.0140705330567331,23,2019-01-20,"Results Status : Certified"
"07","Laghman",44348,"7-1266-60",20,20,"Ghairat Rustamkhel",586,0.013213673671868,24,2019-01-20,"Results Status : Certified"
"07","Laghman",44348,"7-1553-55",13,13,"Eng. Mohammad Agha Mubarez",539,0.0121538739063768,25,2019-01-20,"Results Status : Certified"
"07","Laghman",44348,"7-1198-30",27,27,"Abdul Hakim Naseri",501,0.0112970145215117,26,2019-01-20,"Results Status : Certified"
"07","Laghman",44348,"7-1233-7",16,16,"Mohammad Anwar Sadaqat",479,0.0108009380355371,27,2019-01-20,"Results Status : Certified"
"07","Laghman",44348,"7-1298-16",14,14,"Dr. Abdul Rasool Wafa",461,0.0103950572742852,28,2019-01-20,"Results Status : Certified"
"07","Laghman",44348,"7-1282-52",29,29,"Assadullah Noori",305,0.00687742401010192,29,2019-01-20,"Results Status : Certified"
"07","Laghman",44348,"7-1226-40",33,33,"Saleh Mohammad Mohammadi",300,0.00676467935419861,30,2019-01-20,"Results Status : Certified"
"07","Laghman",44348,"7-1009-57",25,25,"Waheda Safi",178,0.00401370975015784,31,2019-01-20,"Results Status : Certified"
"07","Laghman",44348,"7-1225-51",9,9,"Mohammad Walid Khpelwak",45,0.00101470190312979,32,2019-01-20,"Results Status : Certified"
"07","Laghman",44348,"7-1194-63",24,24,"Haji Sana Gull",36,0.000811761522503833,33,2019-01-20,"Results Status : Certified"
"08","Panjsher",31128,"8-1265-2068",12,12,"Haji Zal Mohammad Zalamai Noori",8456,0.271652531482909,1,2019-01-24,"Results Status : Certified"
"08","Panjsher",31128,"8-1541-19",1,1,"Ahmad Shekeb Ahmadyar",8058,0.258866615265998,2,2019-01-24,"Results Status : Certified"
"08","Panjsher",31128,"8-1553-36",7,7,"Dr. Zahir Saadat",6631,0.213023644307376,3,2019-01-24,"Results Status : Certified"
"08","Panjsher",31128,"8-1593-2061",8,8,"Gull Padshah Bina",2283,0.0733423284502698,4,2019-01-24,"Results Status : Certified"
"08","Panjsher",31128,"8-1445-38",11,11,"Saleh Mohammad Registani",2087,0.0670457465947057,5,2019-01-24,"Results Status : Certified"
"08","Panjsher",31128,"8-1250-7",4,4,"Qazi Rahela Salim",1577,0.0506617836031868,6,2019-01-24,"Results Status : Certified"
"08","Panjsher",31128,"8-1142-1045",2,2,"Abdul Raqib Paasdaar",950,0.0305191467489077,7,2019-01-24,"Results Status : Certified"
"08","Panjsher",31128,"8-1173-31",6,6,"Noorullah Begi",484,0.0155487021331277,8,2019-01-24,"Results Status : Certified"
"08","Panjsher",31128,"8-801-1505-2109",10,10,"Dr. Sadruddin Fakhri",275,0.00883448984836803,9,2019-01-24,"Results Status : Certified"
"08","Panjsher",31128,"8-1601-43",9,9,"Farzana Shahimi",134,0.00430480596247751,10,2019-01-24,"Results Status : Certified"
"08","Panjsher",31128,"8-1274-2086",3,3,"Mohammad Hatef Daye",105,0.00337316885119507,11,2019-01-24,"Results Status : Certified"
"08","Panjsher",31128,"8-1637-2067",5,5,"Mawlawi Mohammad Mukhtar Mufleh",88,0.00282703675147777,12,2019-01-24,"Results Status : Certified"
"10","Bamyan",125801,"10-1297-134",38,38,"Mohammad Rahim Aliyar",10529,0.0836956780947687,1,2019-01-20,"Results Status : Certified"
"10","Bamyan",125801,"10-1461-3",1,1,"Alhaj Zaheeruddin Jaan Agha",9945,0.0790534256484448,2,2019-01-20,"Results Status : Certified"
"10","Bamyan",125801,"10-1094-8",35,35,"Sayed Mohammad Jamal Fakor Beheshti",9021,0.0717084919833706,3,2019-01-20,"Results Status : Certified"
"10","Bamyan",125801,"10-1250-44",19,19,"Mohammad Sarwar Jawadi",8213,0.0652856495576347,4,2019-01-20,"Results Status : Certified"
"10","Bamyan",125801,"10-1266-23",31,31,"Alhaj Lft-Gen Muslim Aamed",7912,0.0628929817727999,5,2019-01-20,"Results Status : Certified"
"10","Bamyan",125801,"10-1273-14",15,15,"Mohammad Akbari",7500,0.0596179680606672,6,2019-01-20,"Results Status : Certified"
"10","Bamyan",125801,"10-1009-62",29,29,"Nekbakht Fahimi",6167,0.0490218678706847,7,2019-01-20,"Results Status : Certified"
"10","Bamyan",125801,"10-1313-66",3,3,"Fawad Kohmardi",5909,0.0469710097693977,8,2019-01-20,"Results Status : Certified"
"10","Bamyan",125801,"10-1537-60",4,4,"Dr. Mahdi Nateqi",5633,0.0447770685447651,9,2019-01-20,"Results Status : Certified"
"10","Bamyan",125801,"10-1381-69",27,27,"Sefatullah Muradi",5184,0.0412079395235332,10,2019-01-20,"Results Status : Certified"
"10","Bamyan",125801,"10-1521-13",5,5,"Safora Elkhani",4866,0.0386801376777609,11,2019-01-20,"Results Status : Certified"
"10","Bamyan",125801,"10-1174-49",26,26,"Ahmad Hussain Ibrahimi",4685,0.0372413573818968,12,2019-01-20,"Results Status : Certified"
"10","Bamyan",125801,"10-1133-96",20,20,"Shahr Bano Wakili",4155,0.0330283543056097,13,2019-01-20,"Results Status : Certified"
"10","Bamyan",125801,"10-1661-43",13,13,"Aqela Hussaini",3248,0.025818554701473,14,2019-01-20,"Results Status : Certified"
"10","Bamyan",125801,"10-1417-47",21,21,"Sayed Mohammad Nader Shafaq",3046,0.024212844095039,15,2019-01-20,"Results Status : Certified"
"10","Bamyan",125801,"10-1134-70",24,24,"Shogofa Zamani",2966,0.0235769191023919,16,2019-01-20,"Results Status : Certified"
"10","Bamyan",125801,"10-1142-95",30,30,"Abdul Karim Barati",2941,0.0233781925421896,17,2019-01-20,"Results Status : Certified"
"10","Bamyan",125801,"10-1317-119",23,23,"Gen Mohammad Nabi Tofan",2816,0.0223845597411785,18,2019-01-20,"Results Status : Certified"
"10","Bamyan",125801,"10-1334-20",2,2,"Sayed Mohammad Jawad Hussaini",2569,0.0204211413263806,19,2019-01-20,"Results Status : Certified"
"10","Bamyan",125801,"10-1233-64",10,10,"Sharifa Arman Waseq",2394,0.019030055404965,20,2019-01-20,"Results Status : Certified"
"10","Bamyan",125801,"10-1577-125",28,28,"Abdul Daneshyar",2314,0.0183941304123179,21,2019-01-20,"Results Status : Certified"
"10","Bamyan",125801,"10-1141-51",37,37,"Dr. Mohammad Jawad Asghari",2035,0.016176342000461,22,2019-01-20,"Results Status : Certified"
"10","Bamyan",125801,"10-1253-34",25,25,"Alhaj Sayed Assadullah Jafari",1513,0.0120269314234386,23,2019-01-20,"Results Status : Certified"
"10","Bamyan",125801,"10-1265-87",9,9,"Sima Naderi",1165,0.00926065770542365,24,2019-01-20,"Results Status : Certified"
"10","Bamyan",125801,"10-1010-98",39,39,"Masooma Bakhshi",1154,0.00917321801893467,25,2019-01-20,"Results Status : Certified"
"10","Bamyan",125801,"10-1241-22",18,18,"Abdul Satar Ashna",1069,0.00849754771424711,26,2019-01-20,"Results Status : Certified"
"10","Bamyan",125801,"10-1106-118",17,17,"Haidar Ali Ahmadi",1040,0.00826702490441253,27,2019-01-20,"Results Status : Certified"
"10","Bamyan",125801,"10-1005-55",16,16,"Mohaiuddin Farahmand",1019,0.00810009459384266,28,2019-01-20,"Results Status : Certified"
"10","Bamyan",125801,"10-1149-41",40,40,"Mazaruddin Saighani",761,0.0060492364925557,29,2019-01-20,"Results Status : Certified"
"10","Bamyan",125801,"10-1162-86",22,22,"Mohammad Zaher Mirzaye",753,0.00598564399329099,30,2019-01-20,"Results Status : Certified"
"10","Bamyan",125801,"10-1653-102",6,6,"Angeza Alizadah",739,0.00587435711957775,31,2019-01-20,"Results Status : Certified"
"10","Bamyan",125801,"10-1230-11",32,32,"Mohammad Hassan Hussainpor",657,0.00522253400211445,32,2019-01-20,"Results Status : Certified"
"10","Bamyan",125801,"10-1178-94",8,8,"Sayed Khan Agha Nohzat",505,0.00401427651608493,33,2019-01-20,"Results Status : Certified"
"10","Bamyan",125801,"10-1270-28",33,33,"Sayedah Attaye",367,0.00291730590376865,34,2019-01-20,"Results Status : Certified"
"10","Bamyan",125801,"10-1001-92",34,34,"Uzra Karimi",266,0.00211445060055166,35,2019-01-20,"Results Status : Certified"
"10","Bamyan",125801,"10-1002-120",14,14,"Isshaq Zahak",248,0.00197136747720606,36,2019-01-20,"Results Status : Certified"
"10","Bamyan",125801,"10-1489-141",11,11,"Haidar Jafari",169,0.00134339154696704,37,2019-01-20,"Results Status : Certified"
"10","Bamyan",125801,"10-1249-91",7,7,"Mir Hussain Ibrahimi",167,0.00132749342215086,38,2019-01-20,"Results Status : Certified"
"10","Bamyan",125801,"10-1706-67",12,12,"Mohammad Hassan Ranjbar",105,0.000834651552849341,39,2019-01-20,"Results Status : Certified"
"10","Bamyan",125801,"10-1130-166",36,36,"Jaanbaz Sultani",56,0.000445147494852982,40,2019-01-20,"Results Status : Certified"
"14","Khost",79948,"14-1541-88",7,7,"Kamal Naser Usoli",7758,0.0970380747485866,1,2019-01-31,"Results Status : Certified"
"14","Khost",79948,"14-1593-47",11,11,"Eng Helmand Helmand",4438,0.0555110822034322,2,2019-01-31,"Results Status : Certified"
"14","Khost",79948,"14-1001-92",12,12,"Dr Mohammad Musa Khaawarin",4202,0.0525591634562466,3,2019-01-31,"Results Status : Certified"
"14","Khost",79948,"14-1637-2",17,17,"Ghafar Khan",4127,0.0516210536848952,4,2019-01-31,"Results Status : Certified"
"14","Khost",79948,"14-1142-70",27,27,"Alhaj Ajab Noor Mangal",3416,0.0427277730524841,5,2019-01-31,"Results Status : Certified"
"14","Khost",79948,"14-1250-57",54,54,"Abdul Nasir Haqmal",3376,0.0422274478410967,6,2019-01-31,"Results Status : Certified"
"14","Khost",79948,"14-1093-37",8,8,"Dr Mirbat Khan Mangal",3154,0.0394506429178966,7,2019-01-31,"Results Status : Certified"
"14","Khost",79948,"14-1273-19",20,20,"Haji Muzafar Khan Babakarkhel",3151,0.0394131185270426,8,2019-01-31,"Results Status : Certified"
"14","Khost",79948,"14-1185-16",21,21,"Humyoun Humayoun",2729,0.0341346875469055,9,2019-01-31,"Results Status : Certified"
"14","Khost",79948,"14-1505-17",22,22,"Saahera Sharif",2561,0.0320333216590784,10,2019-01-31,"Results Status : Certified"
"14","Khost",79948,"14-1133-71",28,28,"Akbar Jaan Akbari",2523,0.0315580127082604,11,2019-01-31,"Results Status : Certified"
"14","Khost",79948,"14-1186-82",55,55,"Abdul Wali Wahedzai",2442,0.0305448541552009,12,2019-01-31,"Results Status : Certified"
"14","Khost",79948,"14-1009-24",5,5,"Kheyal Baaz Shirzai",2228,0.0278681142742783,13,2019-01-31,"Results Status : Certified"
"14","Khost",79948,"14-1010-22",39,39,"Ahmad Shah Khostwal",1965,0.0245784760094061,14,2019-01-31,"Results Status : Certified"
"14","Khost",79948,"14-1094-36",25,25,"Mohammad Aref Gurboz",1896,0.0237154150197628,15,2019-01-31,"Results Status : Certified"
"14","Khost",79948,"14-1605-73",1,1,"Najiba Rahmani",1653,0.0206759393605844,16,2019-01-31,"Results Status : Certified"
"14","Khost",79948,"14-1141-42",15,15,"Ihsanullah Zadran",1617,0.0202256466703357,17,2019-01-31,"Results Status : Certified"
"14","Khost",79948,"14-1581-90",6,6,"Eng Nasratullah Nasrat",1574,0.0196877970680943,18,2019-01-31,"Results Status : Certified"
"14","Khost",79948,"14-1249-100",33,33,"Farhad Akbari",1550,0.0193876019412618,19,2019-01-31,"Results Status : Certified"
"14","Khost",79948,"14-1313-76",53,53,"Sayed Karim Khan Khaksar",1408,0.0176114474408365,20,2019-01-31,"Results Status : Certified"
"14","Khost",79948,"14-1286-80",36,36,"Amirullah Amirzoi Gardizi",1400,0.0175113823985591,21,2019-01-31,"Results Status : Certified"
"14","Khost",79948,"14-1489-89",52,52,"Mawlawi Abdul Qudos Amiri",1398,0.0174863661379897,22,2019-01-31,"Results Status : Certified"
"14","Khost",79948,"14-1397-72",32,32,"Ahmad shah Pacha Khosti",1373,0.0171736628808726,23,2019-01-31,"Results Status : Certified"
"14","Khost",79948,"14-1477-84",42,42,"Nawidulhaq Arman",1367,0.0170986140991645,24,2019-01-31,"Results Status : Certified"
"14","Khost",79948,"14-1553-102",3,3,"Hayat Waziri Urfan",1322,0.0165357482363536,25,2019-01-31,"Results Status : Certified"
"14","Khost",79948,"14-1609-107",51,51,"Alhaj Abdul Maroof Trizaye",1298,0.0162355531095212,26,2019-01-31,"Results Status : Certified"
"14","Khost",79948,"14-1289-93",38,38,"Hafizullah Sabarai",1215,0.0151973782958923,27,2019-01-31,"Results Status : Certified"
"14","Khost",79948,"14-1041-7",19,19,"Tawab Jaan Ghafoori",1128,0.0141091709611247,28,2019-01-31,"Results Status : Certified"
"14","Khost",79948,"14-1274-8",18,18,"Arefullah Pashton",1125,0.0140716465702707,29,2019-01-31,"Results Status : Certified"
"14","Khost",79948,"14-1329-63",29,29,"Jawid Khan Naseh",1101,0.0137714514434382,30,2019-01-31,"Results Status : Certified"
"14","Khost",79948,"14-1545-68",23,23,"Mohammad Ghafoor Mahidi",925,0.0115700205133337,31,2019-01-31,"Results Status : Certified"
"14","Khost",79948,"14-1334-77",14,14,"Qeyamuddin Sadi",912,0.0114074148196328,32,2019-01-31,"Results Status : Certified"
"14","Khost",79948,"14-1561-91",26,26,"Abdul Rahman Rahimi",713,0.00891829689298044,33,2019-01-31,"Results Status : Certified"
"14","Khost",79948,"14-1537-67",2,2,"Majaan Naderzoi",701,0.00876819932956422,34,2019-01-31,"Results Status : Certified"
"14","Khost",79948,"14-1305-18",24,24,"Mohammad Qadim Afghan",680,0.00850552859358583,35,2019-01-31,"Results Status : Certified"
"14","Khost",79948,"14-1565-39",31,31,"Kamal Khan Sabarai",634,0.00793015460049032,36,2019-01-31,"Results Status : Certified"
"14","Khost",79948,"14-1081-94",47,47,"Abdul Wali Ekhlas Sabarai",558,0.00697953669885426,37,2019-01-31,"Results Status : Certified"
"14","Khost",79948,"14-1082-105",40,40,"Mohammad Jalil Shah Habibzai",480,0.00600390253664882,38,2019-01-31,"Results Status : Certified"
"14","Khost",79948,"14-1441-51",13,13,"Mohammad Amir Bahir",435,0.00544103667383799,39,2019-01-31,"Results Status : Certified"
"14","Khost",79948,"14-1314-74",16,16,"Ustad Abdullah Matonwal",391,0.00489067894131185,40,2019-01-31,"Results Status : Certified"
"14","Khost",79948,"14-1265-20",45,45,"Mirwali Jaan Lakanwal",370,0.00462800820533347,41,2019-01-31,"Results Status : Certified"
"14","Khost",79948,"14-1225-98",43,43,"Dr Dawood Khan Neyazai",362,0.00452794316305599,42,2019-01-31,"Results Status : Certified"
"14","Khost",79948,"14-1437-104",50,50,"Akhtar Zaman Rayesi",317,0.00396507730024516,43,2019-01-31,"Results Status : Certified"
"14","Khost",79948,"14-1266-81",9,9,"Dr Asil Mirpantang",304,0.00380247160654425,44,2019-01-31,"Results Status : Certified"
"14","Khost",79948,"14-1005-85",44,44,"Abdul Wadod Hamza",289,0.00361484965227398,45,2019-01-31,"Results Status : Certified"
"14","Khost",79948,"14-1197-101",35,35,"Mir Ahmad Gardizi",287,0.00358983339170461,46,2019-01-31,"Results Status : Certified"
"14","Khost",79948,"14-1585-97",46,46,"Mohammad Rasool",197,0.00246410166608295,47,2019-01-31,"Results Status : Certified"
"14","Khost",79948,"14-1161-99",30,30,"Dr Janat Khan",188,0.00235152849352079,48,2019-01-31,"Results Status : Certified"
"14","Khost",79948,"14-1461-95",41,41,"Shira Ajam Jawhar",183,0.00228898784209736,49,2019-01-31,"Results Status : Certified"
"14","Khost",79948,"14-1346-106",10,10,"Eng Badshah Subhan Pacha",149,0.00186371141241807,50,2019-01-31,"Results Status : Certified"
"14","Khost",79948,"14-1173-78",34,34,"Dr Akbar Jaan Polad",144,0.00180117076099465,51,2019-01-31,"Results Status : Certified"
"14","Khost",79948,"14-1174-86",4,4,"Mirwais Khan Jalali",119,0.00148846750387752,52,2019-01-31,"Results Status : Certified"
"14","Khost",79948,"14-1150-79",37,37,"Mansoor Hamdarad",94,0.00117576424676039,53,2019-01-31,"Results Status : Certified"
"14","Khost",79948,"14-1178-75",48,48,"Keramat Khan Khpelwak",17,0.000212638214839646,54,2019-01-31,"Results Status : Certified"
"14","Khost",79948,"14-1193-96",49,49,"Zinoorin Noori Afghan",4,0.0000500325211387402,55,2019-01-31,"Results Status : Certified"
"15","Kunar",82638,"15-1437-1006",5,5,"Jawid Sapai",6909,0.0836056051695346,1,2019-01-31,"Results Status : Certified"
"15","Kunar",82638,"15-1273-6",19,19,"Ustad Nematullah Karyab",6326,0.0765507393692974,2,2019-01-31,"Results Status : Certified"
"15","Kunar",82638,"15-1665-1024",24,24,"Ziaurahman Kashmir Khan",6036,0.0730414579249256,3,2019-01-31,"Results Status : Certified"
"15","Kunar",82638,"15-1021-1025",15,15,"Haji Saleh Mohammad Saleh",5806,0.0702582347104238,4,2019-01-31,"Results Status : Certified"
"15","Kunar",82638,"15-1274-1021",23,23,"Mawlawi Shahzada Shahed",5624,0.068055858079818,5,2019-01-31,"Results Status : Certified"
"15","Kunar",82638,"15-1306-1008",30,30,"Haji Abdul Wali Khan Mamond",4500,0.0544543672402527,6,2019-01-31,"Results Status : Certified"
"15","Kunar",82638,"15-1233-5",8,8,"Wazhma Sapai",4306,0.0521067789636729,7,2019-01-31,"Results Status : Certified"
"15","Kunar",82638,"15-1142-4",21,21,"Rafiullah Haidari",3609,0.0436724025266826,8,2019-01-31,"Results Status : Certified"
"15","Kunar",82638,"15-1197-1",14,14,"Haji Abdul Satar Ayoubi",3397,0.0411069967811418,9,2019-01-31,"Results Status : Certified"
"15","Kunar",82638,"15-1561-1014",4,4,"Belal Sarwari",3138,0.0379728454222029,10,2019-01-31,"Results Status : Certified"
"15","Kunar",82638,"15-1325-1012",9,9,"Qari Attaullah Safi",2628,0.0318013504683076,11,2019-01-31,"Results Status : Certified"
"15","Kunar",82638,"15-1001-1011",11,11,"Mujahid Khan Khalil",2489,0.0301193155691086,12,2019-01-31,"Results Status : Certified"
"15","Kunar",82638,"15-1305-1020",6,6,"Nooruddin Safi",2464,0.0298167913066628,13,2019-01-31,"Results Status : Certified"
"15","Kunar",82638,"15-1501-1553-1017",16,16,"Mohammad Khalid Khan Zamani",2406,0.0291149350177884,14,2019-01-31,"Results Status : Certified"
"15","Kunar",82638,"15-1329-1027",17,17,"Noor Rahman Gharanai",2345,0.0283767758174206,15,2019-01-31,"Results Status : Certified"
"15","Kunar",82638,"15-1173-1009",28,28,"Alhaj Khanzad Gull Gharwal",2260,0.0273481933251047,16,2019-01-31,"Results Status : Certified"
"15","Kunar",82638,"15-1249-1007",13,13,"Minaa jalal",2247,0.0271908807086328,17,2019-01-31,"Results Status : Certified"
"15","Kunar",82638,"15-1141-3",27,27,"Haji Sakhi Mashwani",2097,0.0253757351339577,18,2019-01-31,"Results Status : Certified"
"15","Kunar",82638,"15-1503-1185-1018",7,7,"Alhaj Sardar Nabi Nabi",1980,0.0239599215857112,19,2019-01-31,"Results Status : Certified"
"15","Kunar",82638,"15-1297-1010",10,10,"haji Mohammad Amin",1978,0.0239357196447155,20,2019-01-31,"Results Status : Certified"
"15","Kunar",82638,"15-1541-2",29,29,"Sheja-ul-Mulk Jalala",1956,0.0236694982937632,21,2019-01-31,"Results Status : Certified"
"15","Kunar",82638,"15-1506-1229-1016",20,20,"Dr Enayat Rahman Shinwari",1954,0.0236452963527675,22,2019-01-31,"Results Status : Certified"
"15","Kunar",82638,"15-1505-1019",12,12,"Mohammad Ayan Ayan",1915,0.023173358503352,23,2019-01-31,"Results Status : Certified"
"15","Kunar",82638,"15-1489-1022",31,31,"Nasrullah Safi",1274,0.0154166364142404,24,2019-01-31,"Results Status : Certified"
"15","Kunar",82638,"15-1186-1028",26,26,"Hunaryar Mangalyar",927,0.011217599651492,25,2019-01-31,"Results Status : Certified"
"15","Kunar",82638,"15-1441-1013",2,2,"Gull Agha Hairan",758,0.00917253563735812,26,2019-01-31,"Results Status : Certified"
"15","Kunar",82638,"15-1193-1026",1,1,"Sayed Ibrar Hashemi",434,0.00525182119605992,27,2019-01-31,"Results Status : Certified"
"15","Kunar",82638,"15-1081-1031",3,3,"Mariam Safi",330,0.0039933202642852,28,2019-01-31,"Results Status : Certified"
"15","Kunar",82638,"15-1022-1030",22,22,"Eng Gull Zaher Khan Anwari",243,0.00294053583097364,29,2019-01-31,"Results Status : Certified"
"15","Kunar",82638,"15-1593-1023",18,18,"Wahidullah Talwar",190,0.00229918439458845,30,2019-01-31,"Results Status : Certified"
"15","Kunar",82638,"15-1265-1029",25,25,"Mushtaq Ahmad Shaaghele",112,0.0013553086957574,31,2019-01-31,"Results Status : Certified"
"16","Nuristan",13854,"16-1297-19",1,1,"Ismail Atikan",2271,0.163923776526635,1,2019-01-31,"Results Status : Certified"
"16","Nuristan",13854,"16-1593-31",10,10,"Noorullah Memar",1965,0.141836292767432,2,2019-01-31,"Results Status : Certified"
"16","Nuristan",13854,"16-1637-58",5,5,"Shir Agha Ghairat",1699,0.122636061787209,3,2019-01-31,"Results Status : Certified"
"16","Nuristan",13854,"16-1274-38",8,8,"Col. Mohammad Osman Nooristani",1577,0.113829940811318,4,2019-01-31,"Results Status : Certified"
"16","Nuristan",13854,"16-1273-8",4,4,"Gen Shams Rahman Zahed",1150,0.083008517395698,5,2019-01-31,"Results Status : Certified"
"16","Nuristan",13854,"16-1545-9",12,12,"Assadullah Nooristani",1067,0.0770174678793128,6,2019-01-31,"Results Status : Certified"
"16","Nuristan",13854,"16-1142-18",11,11,"Obaidullah Nooristani",1014,0.0731918579471633,7,2019-01-31,"Results Status : Certified"
"16","Nuristan",13854,"16-1173-49",9,9,"Mohammad Rustam Khawar",666,0.0480727587700303,8,2019-01-31,"Results Status : Certified"
"16","Nuristan",13854,"16-1249-20",6,6,"Mawlawi Ahmadullah Mowahed",657,0.0474231268947596,9,2019-01-31,"Results Status : Certified"
"16","Nuristan",13854,"16-1606-1337-36",7,7,"Dr Qamar Bano Akbari Nooristani",490,0.0353688465425148,10,2019-01-31,"Results Status : Certified"
"16","Nuristan",13854,"16-1250-21",13,13,"Drs. Zaheda Faizan",466,0.0336364948751263,11,2019-01-31,"Results Status : Certified"
"16","Nuristan",13854,"16-1093-57",2,2,"Fazel Hadi Moral",346,0.0249747365381839,12,2019-01-31,"Results Status : Certified"
"16","Nuristan",13854,"16-1009-24",17,17,"Jamila Nooristani",297,0.0214378518839324,13,2019-01-31,"Results Status : Certified"
"16","Nuristan",13854,"16-1157-46",15,15,"Dr Rita Ali",95,0.0068572253500794,14,2019-01-31,"Results Status : Certified"
"16","Nuristan",13854,"16-1081-34",14,14,"Sayed Bibi Mowahed",64,0.00461960444636928,15,2019-01-31,"Results Status : Certified"
"16","Nuristan",13854,"16-1265-1066",18,18,"Sonik Sana Shormaach Nooristani",16,0.00115490111159232,16,2019-01-31,"Results Status : Certified"
"16","Nuristan",13854,"16-1314-1068",3,3,"Karima Nooristani",8,0.00057745055579616,17,2019-01-31,"Results Status : Certified"
"16","Nuristan",13854,"16-1141-1070",16,16,"Mohammad Osman Nooristani",6,0.00043308791684712,18,2019-01-31,"Results Status : Certified"
"17","Badakhshan",158976,"17-1553-23",51,51,"Abdul Rauf Enaami",7392,0.0464975845410628,1,2019-01-31,"Results Status : Certified"
"17","Badakhshan",158976,"17-1585-6",52,52,"Abdul Shokor Waqef Hakimi",7060,0.0444092190016103,2,2019-01-31,"Results Status : Certified"
"17","Badakhshan",158976,"17-1537-10",68,68,"Nilofar Ibrahimi",6717,0.0422516606280193,3,2019-01-31,"Results Status : Certified"
"17","Badakhshan",158976,"17-1461-78",41,41,"Hujatullah Kheradmand",6598,0.0415031199677939,4,2019-01-31,"Results Status : Certified"
"17","Badakhshan",158976,"17-1233-47",72,72,"Abdul Wali Neyazi",6524,0.0410376409017713,5,2019-01-31,"Results Status : Certified"
"17","Badakhshan",158976,"17-1445-46",23,23,"Mawlawi Zabiullah Attiq",5707,0.0358985004025765,6,2019-01-31,"Results Status : Certified"
"17","Badakhshan",158976,"17-1169-15",69,69,"Fazel Azim Zalmai Mujadedi",5589,0.03515625,7,2019-01-31,"Results Status : Certified"
"17","Badakhshan",158976,"17-1313-12",18,18,"Dr Ahmad Zia Yaftali",5508,0.0346467391304348,8,2019-01-31,"Results Status : Certified"
"17","Badakhshan",158976,"17-1161-3",36,36,"Mohammad Islam Yaftali",5377,0.0338227153784219,9,2019-01-31,"Results Status : Certified"
"17","Badakhshan",158976,"17-1093-32",63,63,"Mufti Hafiz Rahman Naqi",4629,0.0291176026570048,10,2019-01-31,"Results Status : Certified"
"17","Badakhshan",158976,"17-1581-26",3,3,"Alhaj Baaz Mohammad Ahmadi",4088,0.0257145732689211,11,2019-01-31,"Results Status : Certified"
"17","Badakhshan",158976,"17-1321-5",6,6,"Mustafa Qul Mirzad",3965,0.0249408715780998,12,2019-01-31,"Results Status : Certified"
"17","Badakhshan",158976,"17-1541-2",1,1,"Abdul Latif Pedram",3846,0.0241923309178744,13,2019-01-31,"Results Status : Certified"
"17","Badakhshan",158976,"17-1429-53",25,25,"Alhaj Safar Mohammad Mubarez",3829,0.0240853965378422,14,2019-01-31,"Results Status : Certified"
"17","Badakhshan",158976,"17-1273-24",38,38,"Mohammad Zekrya Sawda",3770,0.0237142713365539,15,2019-01-31,"Results Status : Certified"
"17","Badakhshan",158976,"17-1221-40",42,42,"Amanullah Paiman",3440,0.0216384863123994,16,2019-01-31,"Results Status : Certified"
"17","Badakhshan",158976,"17-1521-7",61,61,"Haji Mohammad Yaqoob Esmati",3389,0.0213176831723027,17,2019-01-31,"Results Status : Certified"
"17","Badakhshan",158976,"17-1477-79",13,13,"Sadiqa Adib",3355,0.0211038144122383,18,2019-01-31,"Results Status : Certified"
"17","Badakhshan",158976,"17-1681-73",27,27,"Musa Sultani",3068,0.0192985104669887,19,2019-01-31,"Results Status : Certified"
"17","Badakhshan",158976,"17-1433-28",45,45,"Sayed Khairuddin Sayad",2780,0.0174869162640902,20,2019-01-31,"Results Status : Certified"
"17","Badakhshan",158976,"17-1326-65",39,39,"Ziaulhaq Burhani",2695,0.0169522443639291,21,2019-01-31,"Results Status : Certified"
"17","Badakhshan",158976,"17-1505-60",20,20,"Amir Shah Daakhanda",2597,0.0163357991143317,22,2019-01-31,"Results Status : Certified"
"17","Badakhshan",158976,"17-1226-55",11,11,"Abdul Basir Sarwari",2590,0.016291767310789,23,2019-01-31,"Results Status : Certified"
"17","Badakhshan",158976,"17-1441-16",4,4,"Safiullah Muslim",2546,0.0160149959742351,24,2019-01-31,"Results Status : Certified"
"17","Badakhshan",158976,"17-1285-22",43,43,"Junaidullah Aini",2445,0.0153796799516908,25,2019-01-31,"Results Status : Certified"
"17","Badakhshan",158976,"17-1225-70",76,76,"Qazi Emaduddin Emad",2351,0.0147883957326892,26,2019-01-31,"Results Status : Certified"
"17","Badakhshan",158976,"17-1001-72",31,31,"Mohammad Amin Khuramji",2252,0.0141656602254428,27,2019-01-31,"Results Status : Certified"
"17","Badakhshan",158976,"17-1141-35",53,53,"Mohammad Sediq Karim",2008,0.0126308373590982,28,2019-01-31,"Results Status : Certified"
"17","Badakhshan",158976,"17-1297-17",7,7,"Shah Abdul Ahad Afzali",2006,0.0126182568438003,29,2019-01-31,"Results Status : Certified"
"17","Badakhshan",158976,"17-1005-58",73,73,"Mohammad Sardar Sarwari",2005,0.0126119665861514,30,2019-01-31,"Results Status : Certified"
"17","Badakhshan",158976,"17-1082-21",5,5,"Abdul Saboor Sahib",2000,0.0125805152979066,31,2019-01-31,"Results Status : Certified"
"17","Badakhshan",158976,"17-1009-4",58,58,"Haji Abdul Qadir",1995,0.0125490640096618,32,2019-01-31,"Results Status : Certified"
"17","Badakhshan",158976,"17-1697-54",15,15,"Sayed Umran",1905,0.011982940821256,33,2019-01-31,"Results Status : Certified"
"17","Badakhshan",158976,"17-1555-74",49,49,"Dawlat Mohammad Farzad",1856,0.0116747181964573,34,2019-01-31,"Results Status : Certified"
"17","Badakhshan",158976,"17-1305-13",24,24,"Amruddin Yamin",1836,0.0115489130434783,35,2019-01-31,"Results Status : Certified"
"17","Badakhshan",158976,"17-1117-49",60,60,"Farid Ahmad Rahimi",1757,0.011051982689211,36,2019-01-31,"Results Status : Certified"
"17","Badakhshan",158976,"17-1405-44",10,10,"Qurban Ali Hamzi",1724,0.0108444041867955,37,2019-01-31,"Results Status : Certified"
"17","Badakhshan",158976,"17-1158-19",37,37,"Marzia Ahmadi",1713,0.010775211352657,38,2019-01-31,"Results Status : Certified"
"17","Badakhshan",158976,"17-1002-45",54,54,"Iran Gull Saihon",1542,0.00969957729468599,39,2019-01-31,"Results Status : Certified"
"17","Badakhshan",158976,"17-1173-34",28,28,"Sayed Qamaruddin",1502,0.00944796698872786,40,2019-01-31,"Results Status : Certified"
"17","Badakhshan",158976,"17-1325-1",70,70,"Ustori Yazdan Parast",1483,0.00932845209339775,41,2019-01-31,"Results Status : Certified"
"17","Badakhshan",158976,"17-1218-38",34,34,"Mawla Nazar Haqdost",1430,0.00899506843800322,42,2019-01-31,"Results Status : Certified"
"17","Badakhshan",158976,"17-1329-75",9,9,"Ziauddin Waseq",1295,0.00814588365539452,43,2019-01-31,"Results Status : Certified"
"17","Badakhshan",158976,"17-1230-36",46,46,"Samiullah Zahori",1213,0.00763008252818035,44,2019-01-31,"Results Status : Certified"
"17","Badakhshan",158976,"17-1234-61",67,67,"Noorulhaq Aref",1022,0.00642864331723027,45,2019-01-31,"Results Status : Certified"
"17","Badakhshan",158976,"17-1033-20",57,57,"Sakhidad Haidari",1013,0.00637203099838969,46,2019-01-31,"Results Status : Certified"
"17","Badakhshan",158976,"17-1249-41",55,55,"Tamkin Sharifi",1013,0.00637203099838969,46,2019-01-31,"Results Status : Certified"
"17","Badakhshan",158976,"17-1545-56",2,2,"Sultan Mohammad Awrang",938,0.0059002616747182,47,2019-01-31,"Results Status : Certified"
"17","Badakhshan",158976,"17-1593-42",21,21,"Abdul Naser Ansar",926,0.00582477858293076,48,2019-01-31,"Results Status : Certified"
"17","Badakhshan",158976,"17-1601-80",35,35,"Amanuddin Atef",914,0.00574929549114332,49,2019-01-31,"Results Status : Certified"
"17","Badakhshan",158976,"17-1142-30",16,16,"Abdul Samad Yaftali",891,0.00560461956521739,50,2019-01-31,"Results Status : Certified"
"17","Badakhshan",158976,"17-1382-11",12,12,"Nazri Mohammad Niromand",839,0.00527752616747182,51,2019-01-31,"Results Status : Certified"
"17","Badakhshan",158976,"17-1202-69",59,59,"Mohammad Zaker",652,0.00410124798711755,52,2019-01-31,"Results Status : Certified"
"17","Badakhshan",158976,"17-1250-9",50,50,"Mohammad Reza Salimi",619,0.00389366948470209,53,2019-01-31,"Results Status : Certified"
"17","Badakhshan",158976,"17-1177-33",47,47,"Basira Moheb",611,0.00384334742351047,54,2019-01-31,"Results Status : Certified"
"17","Badakhshan",158976,"17-1261-62",74,74,"Kubra Dehqan",588,0.00369867149758454,55,2019-01-31,"Results Status : Certified"
"17","Badakhshan",158976,"17-1073-71",26,26,"Sayed Haidar Haidari",560,0.00352254428341385,56,2019-01-31,"Results Status : Certified"
"17","Badakhshan",158976,"17-1029-25",19,19,"Haji Mohammad Zaher Yaftali",552,0.00347222222222222,57,2019-01-31,"Results Status : Certified"
"17","Badakhshan",158976,"17-1665-77",66,66,"Alhaj Sayed Basir Ahmadi",538,0.00338415861513688,58,2019-01-31,"Results Status : Certified"
"17","Badakhshan",158976,"17-1134-67",65,65,"Khalid Walizada",417,0.00262303743961353,59,2019-01-31,"Results Status : Certified"
"17","Badakhshan",158976,"17-1434-63",32,32,"Abdul Jabar Forqani",371,0.00233368558776167,60,2019-01-31,"Results Status : Certified"
"17","Badakhshan",158976,"17-1577-31",17,17,"Baba Jaan Hussaini",366,0.00230223429951691,61,2019-01-31,"Results Status : Certified"
"17","Badakhshan",158976,"17-1266-43",33,33,"Dr Attiqullah Basiri",348,0.00218900966183575,62,2019-01-31,"Results Status : Certified"
"17","Badakhshan",158976,"17-1077-14",8,8,"Hafizullah Hamgam",269,0.00169207930756844,63,2019-01-31,"Results Status : Certified"
"17","Badakhshan",158976,"17-1401-81",75,75,"Mawlawi Abdul Tawab Qazaizadah",267,0.00167949879227053,64,2019-01-31,"Results Status : Certified"
"17","Badakhshan",158976,"17-1150-66",14,14,"Mohammad Ismail",238,0.00149708132045089,65,2019-01-31,"Results Status : Certified"
"17","Badakhshan",158976,"17-1561-51",56,56,"Azimullah Azimi",221,0.00139014694041868,66,2019-01-31,"Results Status : Certified"
"17","Badakhshan",158976,"17-1174-50",22,22,"Salahuddin Nazari",210,0.00132095410628019,67,2019-01-31,"Results Status : Certified"
"17","Badakhshan",158976,"17-1265-29",30,30,"Saifullah Sharifi",197,0.0012391807568438,68,2019-01-31,"Results Status : Certified"
"17","Badakhshan",158976,"17-1181-48",40,40,"Alhaj Abdul Rahman Ebrat",192,0.00120772946859903,69,2019-01-31,"Results Status : Certified"
"17","Badakhshan",158976,"17-1197-57",48,48,"Dr Sebghatullah Khaksar",185,0.00116369766505636,70,2019-01-31,"Results Status : Certified"
"17","Badakhshan",158976,"17-1338-59",62,62,"Mohammad Nabi Qate",174,0.00109450483091787,71,2019-01-31,"Results Status : Certified"
"17","Badakhshan",158976,"17-1170-18",71,71,"Lal Mohammad Badakhsh",166,0.00104418276972625,72,2019-01-31,"Results Status : Certified"
"17","Badakhshan",158976,"17-1094-39",64,64,"Dr Nahid Dawar",150,0.000943538647342995,73,2019-01-31,"Results Status : Certified"
"17","Badakhshan",158976,"17-1337-64",44,44,"Sayed Abdul Qader Mudadedi",113,0.000710799114331723,74,2019-01-31,"Results Status : Certified"
"17","Badakhshan",158976,"17-1126-52",29,29,"Abdul Mosawer Obaid",39,0.000245320048309179,75,2019-01-31,"Results Status : Certified"
"20","Samangan",76048,"20-1685-1020",28,28,"Hayatullah Samangani",9256,0.1217126025668,1,2019-01-20,"Results Status : Certified"
"20","Samangan",76048,"20-1418-1",23,23,"Makhdom Abdalullah Mohammadi",9000,0.118346307595203,2,2019-01-20,"Results Status : Certified"
"20","Samangan",76048,"20-1241-2033",25,25,"Ziauddin Zia",6261,0.0823295813170629,3,2019-01-20,"Results Status : Certified"
"20","Samangan",76048,"20-1541-4",16,16,"Sayed Aqa Hussain Hashemi",5407,0.0710998316852514,4,2019-01-20,"Results Status : Certified"
"20","Samangan",76048,"20-1265-2048",9,9,"Attaullah Mohebi",3911,0.0514280454449821,5,2019-01-20,"Results Status : Certified"
"20","Samangan",76048,"20-1329-1009",1,1,"Mohammad Sheja",3869,0.0508757626762045,6,2019-01-20,"Results Status : Certified"
"20","Samangan",76048,"20-1537-2026",27,27,"Mulla Mohebullah Forqani",3670,0.0482589943193772,7,2019-01-20,"Results Status : Certified"
"20","Samangan",76048,"20-1185-1006",3,3,"Ustad Mahbooba Rahmat",3164,0.0416053019145803,8,2019-01-20,"Results Status : Certified"
"20","Samangan",76048,"20-1305-2047",8,8,"Hussain ali Khalil Dara-e-Sofi",2994,0.0393698716600042,9,2019-01-20,"Results Status : Certified"
"20","Samangan",76048,"20-1545-2039",2,2,"Masooma Hassani",2917,0.0383573532505786,10,2019-01-20,"Results Status : Certified"
"20","Samangan",76048,"20-1066-2056",24,24,"Alhaj Lft-Gen Ustad Obaidullah Ghazi",2872,0.0377656217126026,11,2019-01-20,"Results Status : Certified"
"20","Samangan",76048,"20-1094-2041",12,12,"Farzana Samad Rahimi",2867,0.0376998737639386,12,2019-01-20,"Results Status : Certified"
"20","Samangan",76048,"20-1082-2028",15,15,"Khatol Shirzai",2690,0.0353723963812329,13,2019-01-20,"Results Status : Certified"
"20","Samangan",76048,"20-1193-2",13,13,"Mohammad Reza Shahi",2146,0.0282190195665895,14,2019-01-20,"Results Status : Certified"
"20","Samangan",76048,"20-1325-2037",5,5,"Ghullam Haidar Murad",2062,0.0271144540290343,15,2019-01-20,"Results Status : Certified"
"20","Samangan",76048,"20-1069-2067",31,31,"Mohammad Ewaz Beg Beg Oghli",2013,0.0264701241321271,16,2019-01-20,"Results Status : Certified"
"20","Samangan",76048,"20-1141-3016",29,29,"Hamida Sadat",1331,0.0175021039343572,17,2019-01-20,"Results Status : Certified"
"20","Samangan",76048,"20-1525-2040",18,18,"Allah Murad Baba Lar",1316,0.0173048600883652,18,2019-01-20,"Results Status : Certified"
"20","Samangan",76048,"20-1341-3017",6,6,"Mohammad Essa Mohammadi",1240,0.0163054912686724,19,2019-01-20,"Results Status : Certified"
"20","Samangan",76048,"20-1142-1021",11,11,"Mohammad Ibrahim Aimaq",1147,0.015082579423522,20,2019-01-20,"Results Status : Certified"
"20","Samangan",76048,"20-1601-2030",22,22,"Mawlawi Mohammaduddin Halimi",1064,0.0139911634756996,21,2019-01-20,"Results Status : Certified"
"20","Samangan",76048,"20-1198-2059",21,21,"Mirza Hussain Bahr",963,0.0126630549126867,22,2019-01-20,"Results Status : Certified"
"20","Samangan",76048,"20-1585-1016",19,19,"Shahba Shahrukhi",792,0.0104144750683779,23,2019-01-20,"Results Status : Certified"
"20","Samangan",76048,"20-1330-1008",26,26,"Obaidullah Hazratzadah",757,0.00995423942772986,24,2019-01-20,"Results Status : Certified"
"20","Samangan",76048,"20-1033-3015",7,7,"Hafizullah Muradi ",681,0.00895487060803703,25,2019-01-20,"Results Status : Certified"
"20","Samangan",76048,"20-1006-3020",17,17,"Sayed Abdul Khaleq Alawi",659,0.00866557963391542,26,2019-01-20,"Results Status : Certified"
"20","Samangan",76048,"20-1021-2051",4,4,"Maroof Faqiri",636,0.00836313907006101,27,2019-01-20,"Results Status : Certified"
"20","Samangan",76048,"20-1337-3019",14,14,"Faisal Jamal",197,0.00259046917736167,28,2019-01-20,"Results Status : Certified"
"20","Samangan",76048,"20-1266-2049",10,10,"Baaz Mohammad Wakilzada",67,0.000881022512097623,29,2019-01-20,"Results Status : Certified"
"20","Samangan",76048,"20-1289-2032",30,30,"Shamsulhaq Arianfar",62,0.000815274563433621,30,2019-01-20,"Results Status : Certified"
"20","Samangan",76048,"20-1417-2053",20,20,"Bashaaratullah Zaher",37,0.000486534820113612,31,2019-01-20,"Results Status : Certified"
"22","Sar-e-Pul",76152,"22-1185-1",13,13,"Mohammad Akbari Sultanzadah",9242,0.121362538081731,1,2019-01-24,"Results Status : Certified"
"22","Sar-e-Pul",76152,"22-1094-16",20,20,"Sayed Mohammad Hassan Sharifi Balkhabi",7358,0.0966225443849144,2,2019-01-24,"Results Status : Certified"
"22","Sar-e-Pul",76152,"22-1297-72",31,31,"Alhaj Hamidullah Bek",6260,0.0822040130265784,3,2019-01-24,"Results Status : Certified"
"22","Sar-e-Pul",76152,"22-1305-22",32,32,"Aziza Jalis",6015,0.0789867633154743,4,2019-01-24,"Results Status : Certified"
"22","Sar-e-Pul",76152,"22-1417-91",3,3,"Haj Sayed Hayatullah Aalimi",5746,0.0754543544489967,5,2019-01-24,"Results Status : Certified"
"22","Sar-e-Pul",76152,"22-1266-50",10,10,"Sayed Hassan Safaye",5397,0.0708714150646076,6,2019-01-24,"Results Status : Certified"
"22","Sar-e-Pul",76152,"22-1326-51",12,12,"Dr Assadullah Ayoubi",4685,0.0615216934551949,7,2019-01-24,"Results Status : Certified"
"22","Sar-e-Pul",76152,"22-1577-64",5,5,"Qari Mohammad Ayoub Ansari",3984,0.052316419791995,8,2019-01-24,"Results Status : Certified"
"22","Sar-e-Pul",76152,"22-1385-62",25,25,"Sayed Abdul Wakil Sadat",3617,0.0474971110410757,9,2019-01-24,"Results Status : Certified"
"22","Sar-e-Pul",76152,"22-1141-40",7,7,"Mohammad Hussain Fahimi",3441,0.0451859439016703,10,2019-01-24,"Results Status : Certified"
"22","Sar-e-Pul",76152,"22-1609-89",1,1,"Sayed Hussain Adeli",2806,0.0368473579157475,11,2019-01-24,"Results Status : Certified"
"22","Sar-e-Pul",76152,"22-1398-6",28,28,"Feroz Hamidi",2722,0.0357443008719403,12,2019-01-24,"Results Status : Certified"
"22","Sar-e-Pul",76152,"22-1009-71",22,22,"Mohammad Aref Sharifi",2194,0.0288107994537241,13,2019-01-24,"Results Status : Certified"
"22","Sar-e-Pul",76152,"22-1173-29",21,21,"Ali Mohammad Payenda",2131,0.0279835066708688,14,2019-01-24,"Results Status : Certified"
"22","Sar-e-Pul",76152,"22-1541-21",6,6,"Razia Sadat",1748,0.0229540918163673,15,2019-01-24,"Results Status : Certified"
"22","Sar-e-Pul",76152,"22-1274-38",4,4,"Haji Abdul Karim Malekzai",1496,0.0196449206849459,16,2019-01-24,"Results Status : Certified"
"22","Sar-e-Pul",76152,"22-1525-33",27,27,"Abdul Matin Matin",1213,0.0159286689778338,17,2019-01-24,"Results Status : Certified"
"22","Sar-e-Pul",76152,"22-1193-101",19,19,"Makhdom Hasibullah Karizi",1066,0.0139983191511713,18,2019-01-24,"Results Status : Certified"
"22","Sar-e-Pul",76152,"22-1545-57",9,9,"Alhaj Qazi Mohammad Omar Isshaqzai",958,0.0125801029519908,19,2019-01-24,"Results Status : Certified"
"22","Sar-e-Pul",76152,"22-1142-84",14,14,"Abdul Bashir Azad",914,0.0120023111671394,20,2019-01-24,"Results Status : Certified"
"22","Sar-e-Pul",76152,"22-1133-52",26,26,"Marzia Ramazani",856,0.0112406765416535,21,2019-01-24,"Results Status : Certified"
"22","Sar-e-Pul",76152,"22-1061-27",29,29,"Mawlawi Abdul Rahim Urfani",750,0.00984872360542074,22,2019-01-24,"Results Status : Certified"
"22","Sar-e-Pul",76152,"22-1117-12",2,2,"Eng Sulaiman Isshaqzai",663,0.00870627166719193,23,2019-01-24,"Results Status : Certified"
"22","Sar-e-Pul",76152,"22-1226-90",8,8,"Mohammad Ewaz Jahani",140,0.0018384284063452,24,2019-01-24,"Results Status : Certified"
"22","Sar-e-Pul",76152,"22-1257-88",23,23,"Mohammad Taher Rustami",127,0.00166771719718458,25,2019-01-24,"Results Status : Certified"
"22","Sar-e-Pul",76152,"22-1265-102",24,24,"Ghullam ali Mohammadi",125,0.00164145393423679,26,2019-01-24,"Results Status : Certified"
"22","Sar-e-Pul",76152,"22-1034-86",17,17,"Sayed Iqbal Ziaye",107,0.00140508456770669,27,2019-01-24,"Results Status : Certified"
"22","Sar-e-Pul",76152,"22-1082-65",30,30,"Haji Gull Nabi Kakar",86,0.00112932030675491,28,2019-01-24,"Results Status : Certified"
"22","Sar-e-Pul",76152,"22-1290-23",15,15,"Nasima Shafaq",82,0.00107679378085933,29,2019-01-24,"Results Status : Certified"
"22","Sar-e-Pul",76152,"22-1309-53",16,16,"Dr Jaan Mohammad",72,0.000945477466120391,30,2019-01-24,"Results Status : Certified"
"22","Sar-e-Pul",76152,"22-1325-92",18,18,"Noorullah Alizadah",62,0.000814161151381448,31,2019-01-24,"Results Status : Certified"
"22","Sar-e-Pul",76152,"22-1253-82",33,33,"Mohammad Yahya Chamran",56,0.000735371362538082,32,2019-01-24,"Results Status : Certified"
"22","Sar-e-Pul",76152,"22-1329-127",11,11,"Abdul Samad Azizi",33,0.000433343838638512,33,2019-01-24,"Results Status : Certified"
"24","Daykundi",134695,"24-1441-6",15,15,"Sayed Mohammad Dawood Naseri",13055,0.0969226771595085,1,2019-01-20,"Results Status : Certified"
"24","Daykundi",134695,"24-1297-16",35,35,"Raihana Azad",12680,0.0941386094509818,2,2019-01-20,"Results Status : Certified"
"24","Daykundi",134695,"24-1581-41",3,3,"Ali Akbar Jamshidi",10490,0.0778796540331861,3,2019-01-20,"Results Status : Certified"
"24","Daykundi",134695,"24-1325-65",4,4,"Shirin Mohseni",10480,0.0778054122276254,4,2019-01-20,"Results Status : Certified"
"24","Daykundi",134695,"24-1397-7",21,21,"Mohammad Noor Akbari",8785,0.0652214261850848,5,2019-01-20,"Results Status : Certified"
"24","Daykundi",134695,"24-1321-2",13,13,"Nasrullah Sadeqizadah Nili",8234,0.0611307026986896,6,2019-01-20,"Results Status : Certified"
"24","Daykundi",134695,"24-1273-93",14,14,"Mohammad Ali Sadaqat",8043,0.05971268421248,7,2019-01-20,"Results Status : Certified"
"24","Daykundi",134695,"24-1233-115",36,36,"Amena Aalemizadah",7240,0.0537510672259549,8,2019-01-20,"Results Status : Certified"
"24","Daykundi",134695,"24-1541-19",2,2,"Abdul Karim Surosh",7075,0.0525260774342032,9,2019-01-20,"Results Status : Certified"
"24","Daykundi",134695,"24-1009-26",16,16,"Mohammad Hedayat",6737,0.0500167044062512,10,2019-01-20,"Results Status : Certified"
"24","Daykundi",134695,"24-1193-100",23,23,"Alhaj Mohammad Zaher Qulagzada",4460,0.0331118452800772,11,2019-01-20,"Results Status : Certified"
"24","Daykundi",134695,"24-1285-13",1,1,"Mukhtar Ansari",4378,0.0325030624744794,12,2019-01-20,"Results Status : Certified"
"24","Daykundi",134695,"24-1033-28",26,26,"Gull Mohammad Tawhidi",4190,0.031107316529938,13,2019-01-20,"Results Status : Certified"
"24","Daykundi",134695,"24-2404-1329-5",10,10,"Dr Mohammad Anwar Waezi",3939,0.0292438472103642,14,2019-01-20,"Results Status : Certified"
"24","Daykundi",134695,"24-1133-126",24,24,"Saranwal Fatema Akbari",3702,0.0274843164185753,15,2019-01-20,"Results Status : Certified"
"24","Daykundi",134695,"24-1005-86",33,33,"haji Sayed Isshaq Akhlaaqi",3018,0.0224061769182227,16,2019-01-20,"Results Status : Certified"
"24","Daykundi",134695,"24-2405-1381-52",20,20,"Ghullam Hassan Joya",2862,0.0212480047514756,17,2019-01-20,"Results Status : Certified"
"24","Daykundi",134695,"24-1306-18",27,27,"Ghullam Hazrat Mohammadi",2743,0.0203645272653031,18,2019-01-20,"Results Status : Certified"
"24","Daykundi",134695,"24-1577-137",39,39,"Mohammad Hussain Nasrat",1529,0.0113515720702327,19,2019-01-20,"Results Status : Certified"
"24","Daykundi",134695,"24-1477-92",12,12,"Abdul Basir Mawahedi",1296,0.00962173800066818,20,2019-01-20,"Results Status : Certified"
"24","Daykundi",134695,"24-1289-34",6,6,"Masooma Suraya Barbari Amiri",1278,0.0094881027506589,21,2019-01-20,"Results Status : Certified"
"24","Daykundi",134695,"24-1125-50",8,8,"Ghullam Reza Foladi",1168,0.00867144288949107,22,2019-01-20,"Results Status : Certified"
"24","Daykundi",134695,"24-1141-79",34,34,"Mohammad Amin Ghairat",1070,0.0079438731949961,23,2019-01-20,"Results Status : Certified"
"24","Daykundi",134695,"24-1461-83",38,38,"Sayed Yaqoot shah Jawadi",863,0.00640706781988938,24,2019-01-20,"Results Status : Certified"
"24","Daykundi",134695,"24-1561-143",7,7,"Aminullah Maali",843,0.00625858420876796,25,2019-01-20,"Results Status : Certified"
"24","Daykundi",134695,"24-1309-35",17,17,"Sarwar Sadeqi",798,0.00592449608374476,26,2019-01-20,"Results Status : Certified"
"24","Daykundi",134695,"24-1265-89",11,11,"Rana Kamel",622,0.00461784030587624,27,2019-01-20,"Results Status : Certified"
"24","Daykundi",134695,"24-1437-54",9,9,"Leyaqat Ali Nayemi",533,0.00395708823638591,28,2019-01-20,"Results Status : Certified"
"24","Daykundi",134695,"24-1665-130",29,29,"Zaman Ibrahimi",523,0.0038828464308252,29,2019-01-20,"Results Status : Certified"
"24","Daykundi",134695,"24-1001-20",31,31,"Dr Nawroz Saberi",408,0.00302906566687702,30,2019-01-20,"Results Status : Certified"
"24","Daykundi",134695,"24-1197-16",41,41,"Mohammad Yousuf Yaqoobi",343,0.0025464939307324,31,2019-01-20,"Results Status : Certified"
"24","Daykundi",134695,"24-1157-134",30,30,"Subhan Danesh",226,0.00167786480567207,32,2019-01-20,"Results Status : Certified"
"24","Daykundi",134695,"24-1249-26",28,28,"Mohammad Zaman Atrafi",200,0.00148483611121422,33,2019-01-20,"Results Status : Certified"
"24","Daykundi",134695,"24-1509-162",25,25,"Akbar Mutahari",181,0.00134377668064887,34,2019-01-20,"Results Status : Certified"
"24","Daykundi",134695,"24-1593-15",22,22,"Ahmad Etemadi",164,0.00121756561119566,35,2019-01-20,"Results Status : Certified"
"24","Daykundi",134695,"24-1245-138",19,19,"Ghullam Haidar Salehi",145,0.00107650618063031,36,2019-01-20,"Results Status : Certified"
"24","Daykundi",134695,"24-1149-131",32,32,"Zahra Sorosh",124,0.000920598388952819,37,2019-01-20,"Results Status : Certified"
"24","Daykundi",134695,"24-1117-53",5,5,"Habibullah Radmanesh",95,0.000705297152826757,38,2019-01-20,"Results Status : Certified"
"24","Daykundi",134695,"24-1697-30",37,37,"Mohammad Hussain Amiri",68,0.000504844277812836,39,2019-01-20,"Results Status : Certified"
"24","Daykundi",134695,"24-1225-211",18,18,"Mohammad Mahmoodi",59,0.000438026652808196,40,2019-01-20,"Results Status : Certified"
"24","Daykundi",134695,"24-1329-77",40,40,"Benazir Sadaqat",48,0.000356360666691414,41,2019-01-20,"Results Status : Certified"
"25","Uruzgan",12443,"25-1593-33",6,6,"Besmellah jaan Mohammad ",1420,0.11412038897372,1,2019-01-20,"Results Status : Certified"
"25","Uruzgan",12443,"25-1313-24",7,7,"Qudratullah Rahimi",1394,0.112030860724906,2,2019-01-20,"Results Status : Certified"
"25","Uruzgan",12443,"25-1009-12",9,9,"Rahmatullah Faiz",1226,0.098529293578719,3,2019-01-20,"Results Status : Certified"
"25","Uruzgan",12443,"25-1553-6",19,19,"Hayatullah Khoshhal",1110,0.0892067829301615,4,2019-01-20,"Results Status : Certified"
"25","Uruzgan",12443,"25-1169-2",17,17,"Nematullah Akbari",989,0.0794824399260629,5,2019-01-20,"Results Status : Certified"
"25","Uruzgan",12443,"25-1173-11",5,5,"Hazrat Shah Barikzai",727,0.0584264244957004,6,2019-01-20,"Results Status : Certified"
"25","Uruzgan",12443,"25-1433-25",8,8,"Aminullah Khaleqi",579,0.0465321867716789,7,2019-01-20,"Results Status : Certified"
"25","Uruzgan",12443,"25-1601-1",12,12,"Bibi Gullalai Mohammadi",553,0.0444426585228643,8,2019-01-20,"Results Status : Certified"
"25","Uruzgan",12443,"25-1389-17",20,20,"Nazar Mohammad Nazari",448,0.0360041790564976,9,2019-01-20,"Results Status : Certified"
"25","Uruzgan",12443,"25-1093-23",4,4,"Noorulhaq Akhondzadah",371,0.0298159607811621,10,2019-01-20,"Results Status : Certified"
"25","Uruzgan",12443,"25-1273-19",24,24,"Anosha Barikzai",365,0.0293337619545126,11,2019-01-20,"Results Status : Certified"
"25","Uruzgan",12443,"25-1021-18",2,2,"Ahmad Shah Sahebzada",351,0.028208631358997,12,2019-01-20,"Results Status : Certified"
"25","Uruzgan",12443,"25-1141-8",18,18,"Nasibullah Watanwal",333,0.0267620348790485,13,2019-01-20,"Results Status : Certified"
"25","Uruzgan",12443,"25-1505-13",1,1,"Hajera Aryoubi",322,0.0258780036968577,14,2019-01-20,"Results Status : Certified"
"25","Uruzgan",12443,"25-1133-20",15,15,"Sultani Komaki",319,0.0256369042835329,15,2019-01-20,"Results Status : Certified"
"25","Uruzgan",12443,"25-1397-27",25,25,"Shir Mohammad Afghanzai",310,0.0249136060435586,16,2019-01-20,"Results Status : Certified"
"25","Uruzgan",12443,"25-1581-30",3,3,"Alhaj Abdul Maalek Mutaqi",284,0.022824077794744,17,2019-01-20,"Results Status : Certified"
"25","Uruzgan",12443,"25-1577-14",16,16,"Mirajaan Barikzai",240,0.0192879530659809,18,2019-01-20,"Results Status : Certified"
"25","Uruzgan",12443,"25-1637-41",10,10,"Nargis Naderi",195,0.0156714618661095,19,2019-01-20,"Results Status : Certified"
"25","Uruzgan",12443,"25-1297-3",23,23,"Dranil Noorzai",188,0.0151088965683517,20,2019-01-20,"Results Status : Certified"
"25","Uruzgan",12443,"25-1161-29",21,21,"Feroza Uruzgani",184,0.0147874306839187,21,2019-01-20,"Results Status : Certified"
"25","Uruzgan",12443,"25-1605-15",11,11,"Sharif Uruzgani",169,0.0135819336172949,22,2019-01-20,"Results Status : Certified"
"25","Uruzgan",12443,"25-1585-31",13,13,"Sona Nilofar",157,0.0126175359639958,23,2019-01-20,"Results Status : Certified"
"25","Uruzgan",12443,"25-1061-22",14,14,"Mohammad Zaher Salary",107,0.00859921240858314,24,2019-01-20,"Results Status : Certified"
"25","Uruzgan",12443,"25-1461-28",22,22,"Shamshad Qezelbash",102,0.00819738005304187,25,2019-01-20,"Results Status : Certified"
"26","Zabul",12980,"26-1461-2",5,5,"Abdul Qader Qalatwal",1825,0.14060092449923,1,2019-01-20,"Results Status : Certified"
"26","Zabul",12980,"26-1593-5",15,15,"Hamidullah Tokhi",1458,0.112326656394453,2,2019-01-20,"Results Status : Certified"
"26","Zabul",12980,"26-1541-12",14,14,"Noor Agha Shahidzoi",1390,0.10708782742681,3,2019-01-20,"Results Status : Certified"
"26","Zabul",12980,"26-1001-22",18,18,"Mohammad Ismail Zabuli",1135,0.087442218798151,4,2019-01-20,"Results Status : Certified"
"26","Zabul",12980,"26-1142-10",3,3,"Haji Mohammad Hashem Grani",1112,0.0856702619414484,5,2019-01-20,"Results Status : Certified"
"26","Zabul",12980,"26-1009-19",11,11,"Haji Enayatullah Hotak",883,0.0680277349768875,6,2019-01-20,"Results Status : Certified"
"26","Zabul",12980,"26-1093-3",17,17,"Haji Abdul Wali Wali",617,0.0475346687211094,7,2019-01-20,"Results Status : Certified"
"26","Zabul",12980,"26-1157-1",9,9,"Abdul Habib Andiwal",598,0.0460708782742681,8,2019-01-20,"Results Status : Certified"
"26","Zabul",12980,"26-1265-21",16,16,"Sadullah Kakar",549,0.0422958397534669,9,2019-01-20,"Results Status : Certified"
"26","Zabul",12980,"26-1273-7",6,6,"Zahra Tokhi",484,0.0372881355932203,10,2019-01-20,"Results Status : Certified"
"26","Zabul",12980,"26-1437-11",22,22,"Haji Abdul Salam Raketi",398,0.0306625577812018,11,2019-01-20,"Results Status : Certified"
"26","Zabul",12980,"26-1249-14",24,24,"Mohammad Iqbal Hotak",350,0.0269645608628659,12,2019-01-20,"Results Status : Certified"
"26","Zabul",12980,"26-1021-46",8,8,"Mohammad Rasool Aziz",324,0.0249614791987673,13,2019-01-20,"Results Status : Certified"
"26","Zabul",12980,"26-1305-34",1,1,"Torpekai Sulaimankhelah",275,0.0211864406779661,14,2019-01-20,"Results Status : Certified"
"26","Zabul",12980,"26-1637-50",21,21,"Neda-ul-Haq Shamlzai",237,0.0182588597842835,15,2019-01-20,"Results Status : Certified"
"26","Zabul",12980,"26-1545-45",7,7,"Abdulhaq Patan",219,0.0168721109399076,16,2019-01-20,"Results Status : Certified"
"26","Zabul",12980,"26-1161-43",13,13,"Sayed Ahmad Hairan",217,0.0167180277349769,17,2019-01-20,"Results Status : Certified"
"26","Zabul",12980,"26-1565-48",12,12,"Wazhma Tokhi",209,0.0161016949152542,18,2019-01-20,"Results Status : Certified"
"26","Zabul",12980,"26-1250-16",10,10,"Dr Mohammad Younus Hairan",182,0.0140215716486903,19,2019-01-20,"Results Status : Certified"
"26","Zabul",12980,"26-1173-29",23,23,"Sediqa Jalali",128,0.0098613251155624,20,2019-01-20,"Results Status : Certified"
"26","Zabul",12980,"26-1505-23",19,19,"Dr Zaher Shah Rashidi",128,0.0098613251155624,20,2019-01-20,"Results Status : Certified"
"26","Zabul",12980,"26-1329-33",4,4,"Fawzia Younus Kakar",108,0.00832049306625578,21,2019-01-20,"Results Status : Certified"
"26","Zabul",12980,"26-1266-37",20,20,"Shabana Khoshhal",84,0.00647149460708783,22,2019-01-20,"Results Status : Certified"
"26","Zabul",12980,"26-1581-40",2,2,"Haji Mohammad Dawood Gullzar",70,0.00539291217257319,23,2019-01-20,"Results Status : Certified"
"28","Jawzjan",55744,"28-1141-1030",6,6,"Haji Bator Dostum",20045,0.359590269804822,1,2019-01-20,"Results Status : Certified"
"28","Jawzjan",55744,"28-1441-3",15,15,"Baktash Eshchi",6818,0.122309127439724,2,2019-01-20,"Results Status : Certified"
"28","Jawzjan",55744,"28-1397-11",12,12,"Mohammad Karim Jawzjani",4159,0.07460892652124,3,2019-01-20,"Results Status : Certified"
"28","Jawzjan",55744,"28-1437-1025",23,23,"Azizullah Ulfati",3515,0.0630561136624569,4,2019-01-20,"Results Status : Certified"
"28","Jawzjan",55744,"28-1185-12",24,24,"Noor Ahmad Makhdomzadah",1822,0.032685132032147,5,2019-01-20,"Results Status : Certified"
"28","Jawzjan",55744,"28-1093-1032",20,20,"Shah Mahmood Paiwaston",1785,0.032021383467279,6,2019-01-20,"Results Status : Certified"
"28","Jawzjan",55744,"28-1126-1035",8,8,"Mohammad Omar Makhdom",1772,0.0317881745120551,7,2019-01-20,"Results Status : Certified"
"28","Jawzjan",55744,"28-1330-2",25,25,"Khan Murad Hamidi",1771,0.0317702353616533,8,2019-01-20,"Results Status : Certified"
"28","Jawzjan",55744,"28-1274-1028",19,19,"Amanullah Sharifi",1629,0.0292228760045924,9,2019-01-20,"Results Status : Certified"
"28","Jawzjan",55744,"28-1361-7",30,30,"Eng Abdul Ghafar Dehqan",1232,0.0221010332950631,10,2019-01-20,"Results Status : Certified"
"28","Jawzjan",55744,"28-1234-3",9,9,"Mohammad Ibrahim Sharwal",1178,0.0211323191733639,11,2019-01-20,"Results Status : Certified"
"28","Jawzjan",55744,"28-1505-17",28,28,"Halima Sadaf Karimi",1154,0.0207017795637199,12,2019-01-20,"Results Status : Certified"
"28","Jawzjan",55744,"28-1297-4",22,22,"Saayra Shekeb Sadat",1126,0.0201994833524684,13,2019-01-20,"Results Status : Certified"
"28","Jawzjan",55744,"28-1593-11",1,1,"Mohammad Yousuf Khadang",1090,0.0195536739380023,14,2019-01-20,"Results Status : Certified"
"28","Jawzjan",55744,"28-1249-9",2,2,"Samir Safi",1077,0.0193204649827784,15,2019-01-20,"Results Status : Certified"
"28","Jawzjan",55744,"28-1233-1034",21,21,"Anna Murad Shahi",902,0.0161811136624569,16,2019-01-20,"Results Status : Certified"
"28","Jawzjan",55744,"28-1181-10",14,14,"Haji Mohammad Amin Khaksar",662,0.0118757175660161,17,2019-01-20,"Results Status : Certified"
"28","Jawzjan",55744,"28-1449-1027",4,4,"Wahid Ahmad Mahdi",642,0.0115169345579793,18,2019-01-20,"Results Status : Certified"
"28","Jawzjan",55744,"28-1298-15",26,26,"Ustad Najibullah Arghandiwal",570,0.0102253157290471,19,2019-01-20,"Results Status : Certified"
"28","Jawzjan",55744,"28-1665-1033",16,16,"Jamila Mujahid",506,0.00907721010332951,20,2019-01-20,"Results Status : Certified"
"28","Jawzjan",55744,"28-1266-1022",13,13,"haji Abdul Qader Folad",381,0.00683481630309989,21,2019-01-20,"Results Status : Certified"
"28","Jawzjan",55744,"28-1461-6",7,7,"Junaidullah Mubarez",361,0.00647603329506315,22,2019-01-20,"Results Status : Certified"
"28","Jawzjan",55744,"28-1689-5",18,18,"Abdul Qader Hayat",334,0.00599167623421355,23,2019-01-20,"Results Status : Certified"
"28","Jawzjan",55744,"28-1306-12",29,29,"Abdul Hakim Ahmadi",271,0.00486150975889782,24,2019-01-20,"Results Status : Certified"
"28","Jawzjan",55744,"28-1329-8",5,5,"Fawzia Sadat",248,0.00444890929965557,25,2019-01-20,"Results Status : Certified"
"28","Jawzjan",55744,"28-1545-1023",10,10,"Khudaiqul Faiz",238,0.0042695177956372,26,2019-01-20,"Results Status : Certified"
"28","Jawzjan",55744,"28-1577-10",27,27,"Ahmad Farid Sheberghani",205,0.00367752583237658,27,2019-01-20,"Results Status : Certified"
"28","Jawzjan",55744,"28-1225-1026",11,11,"Dr Sayed Nawid Saraj",200,0.00358783008036739,28,2019-01-20,"Results Status : Certified"
"28","Jawzjan",55744,"28-1553-1036",17,17,"Mohammad Ershad Baai",27,0.000484357060849598,29,2019-01-20,"Results Status : Certified"
"28","Jawzjan",55744,"28-1305-1029",3,3,"Nasir Ahmad Haidarzai",24,0.000430539609644087,30,2019-01-20,"Results Status : Certified"
"29","Faryab",68984,"29-1541-1007",5,5,"Hashmatullah Arman",8772,0.127159921141134,1,2019-01-31,"Results Status : Certified"
"29","Faryab",68984,"29-1226-2033",52,53,"Mohammad Rasool Faryabi",4166,0.0603908152615099,2,2019-01-31,"Results Status : Certified"
"29","Faryab",68984,"29-1142-2015",14,14,"Sanjar Kargar",3563,0.051649657891685,3,2019-01-31,"Results Status : Certified"
"29","Faryab",68984,"29-1545-3",11,11,"Mohammad Hashem Khan",3466,0.0502435347326916,4,2019-01-31,"Results Status : Certified"
"29","Faryab",68984,"29-1505-2034",49,50,"Sayed Babar Jamal",3174,0.0460106691406703,5,2019-01-31,"Results Status : Certified"
"29","Faryab",68984,"29-1334-2038",58,59,"Mohammad Shaker Karimi",3064,0.0444160964861417,6,2019-01-31,"Results Status : Certified"
"29","Faryab",68984,"29-1633-2022",27,27,"Mohammad Anwar Bashliq",2979,0.0431839267076424,7,2019-01-31,"Results Status : Certified"
"29","Faryab",68984,"29-1234-2036",10,10,"Khairullah Anosh",1967,0.0285138582859794,8,2019-01-31,"Results Status : Certified"
"29","Faryab",68984,"29-1585-2012",31,31,"Bashir Ahmad Taianj",1960,0.0284123854806912,9,2019-01-31,"Results Status : Certified"
"29","Faryab",68984,"29-1297-2049",36,36,"Jamal Naser Farahmand",1847,0.0267743244810391,10,2019-01-31,"Results Status : Certified"
"29","Faryab",68984,"29-1305-2025",2,2,"Ustad Ihsanullah Quanch",1707,0.0247448683752754,11,2019-01-31,"Results Status : Certified"
"29","Faryab",68984,"29-1537-2039",8,8,"Fathullah Qaisari",1632,0.0236576597471878,12,2019-01-31,"Results Status : Certified"
"29","Faryab",68984,"29-1441-2009",23,23,"Master Ezatullah Kaigham",1582,0.0229328539951293,13,2019-01-31,"Results Status : Certified"
"29","Faryab",68984,"29-1009-2020",43,43,"Khairuddin Muradi",1568,0.0227299083845529,14,2019-01-31,"Results Status : Certified"
"29","Faryab",68984,"29-1329-2014",61,62,"Rangina Kargar",1519,0.0220195987475357,15,2019-01-31,"Results Status : Certified"
"29","Faryab",68984,"29-1605-2008",20,20,"Master Eng Amanullah Amin",1490,0.0215992114113418,16,2019-01-31,"Results Status : Certified"
"29","Faryab",68984,"29-1346-2026",54,55,"Shafiqa Sakha Youlchi",1355,0.019642235880784,17,2019-01-31,"Results Status : Certified"
"29","Faryab",68984,"29-1005-2",45,46,"Alhaj Fawzia Raufi",1281,0.0185695233677374,18,2019-01-31,"Results Status : Certified"
"29","Faryab",68984,"29-1169-2035",18,18,"Jawid Khan Qaisari",1111,0.0161051838107387,19,2019-01-31,"Results Status : Certified"
"29","Faryab",68984,"29-1417-2024",32,32,"Aziza Sadat",1106,0.0160327032355329,20,2019-01-31,"Results Status : Certified"
"29","Faryab",68984,"29-1274-4",35,35,"Eng Mohammad Ayoub Ghafari",1101,0.015960222660327,21,2019-01-31,"Results Status : Certified"
"29","Faryab",68984,"29-1290-2029",12,12,"Dr Manizha Bostani",1072,0.0155398353241331,22,2019-01-31,"Results Status : Certified"
"29","Faryab",68984,"29-1225-1",7,7,"Alhaj Dr Fawzia Salimi",1005,0.0145685956163748,23,2019-01-31,"Results Status : Certified"
"29","Faryab",68984,"29-1066-6",1,1,"Dr Ihsanullah Wahedi",965,0.0139887510147281,24,2019-01-31,"Results Status : Certified"
"29","Faryab",68984,"29-1249-2048",48,49,"Eng Farhad Esar",947,0.013727820943987,25,2019-01-31,"Results Status : Certified"
"29","Faryab",68984,"29-1157-2056",22,22,"Faqir Mohammad Khan Sayeedi",836,0.0121187521744173,26,2019-01-31,"Results Status : Certified"
"29","Faryab",68984,"29-1070-2063",42,42,"Bano Farzana Bahman",829,0.0120172793691291,27,2019-01-31,"Results Status : Certified"
"29","Faryab",68984,"29-1193-2028",47,48,"Eng Mohammad Nasim Rahmani",827,0.0119882871390467,28,2019-01-31,"Results Status : Certified"
"29","Faryab",68984,"29-1685-2011",46,47,"Ustad Sayed Mamon Guhrik",767,0.0111185202365766,29,2019-01-31,"Results Status : Certified"
"29","Faryab",68984,"29-1281-2059",9,9,"Haji Zaheeruddin Safari",755,0.0109445668560826,30,2019-01-31,"Results Status : Certified"
"29","Faryab",68984,"29-1229-2016",13,13,"Abdul Rahim Uzbik Oghly",741,0.0107416212455062,31,2019-01-31,"Results Status : Certified"
"29","Faryab",68984,"29-1141-1006",21,21,"Mohammad Hashem Urtaaq",724,0.0104951872898063,32,2019-01-31,"Results Status : Certified"
"29","Faryab",68984,"29-1173-2023",28,28,"haji Sayed Dawood Sadat",635,0.00920503305114229,33,2019-01-31,"Results Status : Certified"
"29","Faryab",68984,"29-1074-2043",4,4,"Sayed Farukh Shah Jenab",633,0.00917604082105996,34,2019-01-31,"Results Status : Certified"
"29","Faryab",68984,"29-1266-2031",16,16,"Mohammad Ismail Ayoubi",583,0.00845123506900151,35,2019-01-31,"Results Status : Certified"
"29","Faryab",68984,"29-1242-2040",56,57,"Mohammad Saleh Todapor",556,0.00805983996288995,36,2019-01-31,"Results Status : Certified"
"29","Faryab",68984,"29-1233-5",33,33,"Sayed Farid Hashemi",528,0.00765394874173721,37,2019-01-31,"Results Status : Certified"
"29","Faryab",68984,"29-1337-2062",24,24,"Eng Sayed Esmatullah",503,0.00729154586570799,38,2019-01-31,"Results Status : Certified"
"29","Faryab",68984,"29-1273-2060",59,60,"Ustad Edris Barna",481,0.00697263133480227,39,2019-01-31,"Results Status : Certified"
"29","Faryab",68984,"29-1094-2018",25,25,"Gita Sayeed",472,0.00684216629943175,40,2019-01-31,"Results Status : Certified"
"29","Faryab",68984,"29-1222-2030",50,51,"Eng Hashmatullah Rahmani",464,0.0067261973791024,41,2019-01-31,"Results Status : Certified"
"29","Faryab",68984,"29-1201-2066",55,56,"Mermen Hajera Enayat Kamran",342,0.00495767134407979,42,2019-01-31,"Results Status : Certified"
"29","Faryab",68984,"29-1241-2042",41,41,"Bano Mukarama Sadat",330,0.00478371796358576,43,2019-01-31,"Results Status : Certified"
"29","Faryab",68984,"29-1330-2047",26,26,"Sebghatullah Naderi",327,0.00474022961846225,44,2019-01-31,"Results Status : Certified"
"29","Faryab",68984,"29-1126-2027",37,37,"Shah Mohammad Najwa",324,0.00469674127333874,45,2019-01-31,"Results Status : Certified"
"29","Faryab",68984,"29-1186-2021",3,3,"Ustad Sayed Shah Wali Parsa",317,0.00459526846805056,46,2019-01-31,"Results Status : Certified"
"29","Faryab",68984,"29-1133-2045",19,19,"Mohammad Hassan Sardaash",297,0.00430534616722718,47,2019-01-31,"Results Status : Certified"
"29","Faryab",68984,"29-1569-2061",60,61,"Ustad Abdul Wakil Faryabi",234,0.00339209091963354,48,2019-01-31,"Results Status : Certified"
"29","Faryab",68984,"29-1553-2052",38,38,"Ustad Marya Noori",233,0.00337759480459237,49,2019-01-31,"Results Status : Certified"
"29","Faryab",68984,"29-1021-2046",34,34,"Eng Ahmad Zia Ahmadzai",216,0.0031311608488925,50,2019-01-31,"Results Status : Certified"
"29","Faryab",68984,"29-1381-2065",44,45,"Sayeda Asefa Shadab",213,0.00308767250376899,51,2019-01-31,"Results Status : Certified"
"29","Faryab",68984,"29-1174-2057",39,39,"Saranwal Amena Mukhleszada",208,0.00301519192856315,52,2019-01-31,"Results Status : Certified"
"29","Faryab",68984,"29-1289-2050",17,17,"Karima Zaki",207,0.00300069581352198,53,2019-01-31,"Results Status : Certified"
"29","Faryab",68984,"29-1649-2041",6,6,"Shahr Bano Sadat Karezi",189,0.00273976574278093,54,2019-01-31,"Results Status : Certified"
"29","Faryab",68984,"29-1477-2051",53,54,"Dr Ahmad Jawid Qazizadah",161,0.0023338745216282,55,2019-01-31,"Results Status : Certified"
"29","Faryab",68984,"29-1221-2058",15,15,"Bibi Nooria Toran",138,0.00200046387568132,56,2019-01-31,"Results Status : Certified"
"29","Faryab",68984,"29-1081-2037",40,40,"Suhaila Aassa Kohi",123,0.00178302215006378,57,2019-01-31,"Results Status : Certified"
"29","Faryab",68984,"29-1161-2032",51,52,"Nasima Youzbashi",111,0.00160906876956976,58,2019-01-31,"Results Status : Certified"
"29","Faryab",68984,"29-1065-2044",29,29,"Tahmina Sheja",105,0.00152209207932274,59,2019-01-31,"Results Status : Certified"
"29","Faryab",68984,"29-1170-2053",30,30,"Dr Mohammad Ashraf Shirzad",101,0.00146410761915807,60,2019-01-31,"Results Status : Certified"
"29","Faryab",68984,"29-1509-2054",57,58,"Sayed Jawid Sadat",75,0.00108720862808767,61,2019-01-31,"Results Status : Certified"
"33","Farah",25201,"33-1397-26",17,17,"Humayoun Shahidzadah",2457,0.0974961311059085,1,2019-01-31,"Results Status : Certified"
"33","Farah",25201,"33-1305-4",36,37,"Abdul Satar Hussaini",1859,0.0737669140113488,2,2019-01-31,"Results Status : Certified"
"33","Farah",25201,"33-1541-1",11,11,"Abdul Nasir Farahi",1642,0.0651561445974366,3,2019-01-31,"Results Status : Certified"
"33","Farah",25201,"33-1505-16",39,40,"Abdul Ghafar Arman",1468,0.0582516566802905,4,2019-01-31,"Results Status : Certified"
"33","Farah",25201,"33-1593-6",26,26,"Abdul Jalil Bakhtwar",1467,0.0582119757152494,5,2019-01-31,"Results Status : Certified"
"33","Farah",25201,"33-1441-2",30,30,"Hekmatullah Nazari",1447,0.057418356414428,6,2019-01-31,"Results Status : Certified"
"33","Farah",25201,"33-1001-42",9,9,"Abdul Rezaq Farahwal",1297,0.0514662116582675,7,2019-01-31,"Results Status : Certified"
"33","Farah",25201,"33-1326-10",41,42,"Alhaj Nasrullah Noori",1238,0.0491250347208444,8,2019-01-31,"Results Status : Certified"
"33","Farah",25201,"33-1142-15",38,39,"Belqis Roshan",1098,0.0435696996150946,9,2019-01-31,"Results Status : Certified"
"33","Farah",25201,"33-1093-9",1,1,"Abdul Same Samim",1056,0.0419030990833697,10,2019-01-31,"Results Status : Certified"
"33","Farah",25201,"33-1010-5",33,33,"Ustad Humaira Ayoubi",900,0.0357128685369628,11,2019-01-31,"Results Status : Certified"
"33","Farah",25201,"33-1125-3",5,5,"Mohammad Nazir Khedmat",692,0.0274592278084203,12,2019-01-31,"Results Status : Certified"
"33","Farah",25201,"33-1298-7",32,32,"Alhaj Mohammad Sarwar Subaat",690,0.0273798658783382,13,2019-01-31,"Results Status : Certified"
"33","Farah",25201,"33-1081-13",24,24,"Mohammad Sarwar Osmani Farahi",658,0.0261100749970239,14,2019-01-31,"Results Status : Certified"
"33","Farah",25201,"33-1033-29",23,23,"Musa Khan Nasrat",622,0.0246815602555454,15,2019-01-31,"Results Status : Certified"
"33","Farah",25201,"33-1389-33",25,25,"Abdul Naser Farahi",604,0.0239673028848062,16,2019-01-31,"Results Status : Certified"
"33","Farah",25201,"33-1330-11",7,7,"Najibullah Omar",499,0.0198008015554938,17,2019-01-31,"Results Status : Certified"
"33","Farah",25201,"33-1221-21",20,20,"Haji Abdul Ghani Noorzai",418,0.0165866433871672,18,2019-01-31,"Results Status : Certified"
"33","Farah",25201,"33-1509-35",19,19,"Ustad Abdul Rauf Tawhidi",410,0.0162691956668386,19,2019-01-31,"Results Status : Certified"
"33","Farah",25201,"33-1309-22",12,12,"Eng Mohammad Sarwar Farahi",409,0.0162295147017975,20,2019-01-31,"Results Status : Certified"
"33","Farah",25201,"33-1161-14",28,28,"Abdul Khalil Afghan Farahi",408,0.0161898337367565,21,2019-01-31,"Results Status : Certified"
"33","Farah",25201,"33-1029-19",35,35,"Nasir Ahmad Qaderi",404,0.0160311098765922,22,2019-01-31,"Results Status : Certified"
"33","Farah",25201,"33-1266-23",3,3,"Mohammad Dawood Haqyar",400,0.0158723860164279,23,2019-01-31,"Results Status : Certified"
"33","Farah",25201,"33-1206-8",34,34,"Haji Mohammad Ibrahim Khairkhwah",377,0.0149597238204833,24,2019-01-31,"Results Status : Certified"
"33","Farah",25201,"33-1533-34",22,22,"Abdul Qayoum Qeyam",328,0.0130153565334709,25,2019-01-31,"Results Status : Certified"
"33","Farah",25201,"33-1461-24",37,38,"Abdul Hamid Sayar",281,0.0111503511765406,26,2019-01-31,"Results Status : Certified"
"33","Farah",25201,"33-1021-12",13,13,"Gen Abdul Karim Farahi",255,0.0101186460854728,27,2019-01-31,"Results Status : Certified"
"33","Farah",25201,"33-1185-20",40,41,"Sayed Ahmad Hamdard",233,0.00924566485456926,28,2019-01-31,"Results Status : Certified"
"33","Farah",25201,"33-1193-38",14,14,"Bahauddin Shinwari",209,0.00829332169358359,29,2019-01-31,"Results Status : Certified"
"33","Farah",25201,"33-1297-17",31,31,"Eng Fazel Ahmad Musleh",197,0.00781715011309075,30,2019-01-31,"Results Status : Certified"
"33","Farah",25201,"33-1141-36",10,10,"Ustad Hamed Elham",192,0.0076187452878854,31,2019-01-31,"Results Status : Certified"
"33","Farah",25201,"33-1157-18",16,16,"Ustad Sharifa Sadat",180,0.00714257370739256,32,2019-01-31,"Results Status : Certified"
"33","Farah",25201,"33-1082-37",27,27,"Abdul Khaleq Amini",161,0.00638863537161224,33,2019-01-31,"Results Status : Certified"
"33","Farah",25201,"33-1233-47",8,8,"Lal Mohammad Bahari",149,0.0059124637911194,34,2019-01-31,"Results Status : Certified"
"33","Farah",25201,"33-1149-28",18,18,"Eng Shah Wali Hamidi",135,0.00535693028054442,35,2019-01-31,"Results Status : Certified"
"33","Farah",25201,"33-1321-31",6,6,"Ainuddin Hamdard",121,0.00480139676996945,36,2019-01-31,"Results Status : Certified"
"33","Farah",25201,"33-1070-27",29,29,"Ahmadullah Noorzai",97,0.00384905360898377,37,2019-01-31,"Results Status : Certified"
"33","Farah",25201,"33-1250-44",21,21,"Mohammad Aref Abdullah",67,0.00265862465775168,38,2019-01-31,"Results Status : Certified"
"33","Farah",25201,"33-1398-45",4,4,"Shir Ahmad Sanator",54,0.00214277211221777,39,2019-01-31,"Results Status : Certified"
"33","Farah",25201,"33-1249-32",2,2,"Masood Bakhtwar",14,0.000555533510574977,40,2019-01-31,"Results Status : Certified"
"33","Farah",25201,"33-1174-43",15,15,"Abdul Satar Rahimi",8,0.000317447720328558,41,2019-01-31,"Results Status : Certified"
"34","Nimroz",30871,"34-1390-6",9,9,"Farida Hamidi",6336,0.205241164847268,1,2019-01-20,"Results Status : Certified"
"34","Nimroz",30871,"34-1033-16",11,11,"Gull Ahmad Noorzad",5812,0.188267305885783,2,2019-01-20,"Results Status : Certified"
"34","Nimroz",30871,"34-1250-39",10,10,"Alhaj Azizullah Noorzai",3403,0.110232904667811,3,2019-01-20,"Results Status : Certified"
"34","Nimroz",30871,"34-1330-38",7,7,"Alhaj Ustad Jumma Khan Naser",3021,0.0978588319134463,4,2019-01-20,"Results Status : Certified"
"34","Nimroz",30871,"34-1186-18",5,5,"Alhaj Mohammad Aslam Baloch",2558,0.0828609374493861,5,2019-01-20,"Results Status : Certified"
"34","Nimroz",30871,"34-1141-5",8,8,"Hajia Ruhgull Khairzad",2123,0.0687700430825046,6,2019-01-20,"Results Status : Certified"
"34","Nimroz",30871,"34-1505-27",4,4,"Alhaj Mohammad Nabi Noorzai",1870,0.0605746493472839,7,2019-01-20,"Results Status : Certified"
"34","Nimroz",30871,"34-1273-19",2,2,"Alhaj Mohammad Sediqi Chakhnsori",1815,0.0587930420135402,8,2019-01-20,"Results Status : Certified"
"34","Nimroz",30871,"34-1161-1",1,1,"Mina Barik",1694,0.0548735058793042,9,2019-01-20,"Results Status : Certified"
"34","Nimroz",30871,"34-1685-37",3,3,"Alhaj Abdul Qudos Zori",1580,0.0511807197693628,10,2019-01-20,"Results Status : Certified"
"34","Nimroz",30871,"34-1565-11",12,12,"Mir Ahmad Baloch",582,0.0188526448770691,11,2019-01-20,"Results Status : Certified"
"34","Nimroz",30871,"34-1198-31",6,6,"Abdul Latif Ghafoori",77,0.0024942502672411,12,2019-01-20,"Results Status : Certified"
