"province_code","province_name_CSO_421","district_code","district_name_CSO_421","district_name_CSO_OCHA_414","district_name_USFOR_407","district_name_farsi_CSO_421","district_name_pashto_CSO","pop_18_19_421_CSO","pop_18_19_419_CSO","pop_18_19_407_CSO","pop_18_19_399_CSO","pop_16_17_414_CSO-OCHA","pop_16_17_407_CSO-OCHA","pop_16_17_399_CSO-OCHA","pop_Jan_18_407_USFOR","pop_Jan_18_399_USFOR-AGCHO","pop_17_399_iMMAP-AGCHO"
"01","KABUL","0101","Kabul","Kabul Center (Kabul )                                                    ","Kabul","كابل","كابل","4117414","4117414","4117414","4117414","3817241","3817241","3817241","4486000","4486000","2930000"
"01","KABUL","0102","Paghman","Paghman","Paghman","پغمان","د پغمان ","133460","133460","133460","133460","126625","126625","126625","153000","153000","224000"
"01","KABUL","0103","Chahar Asyab","Chahar Asyab","Chahar Asyab","چهارآسیاب","د چهار اسياب ","40034","40034","40034","40034","38055","38055","38055","46000","46000","85700"
"01","KABUL","0104","Bagrami","Bagrami","Bagrami","بگرامی","د بگراميو ","60564","60564","60564","60564","57571","57571","57571","76000","76000","513000"
"01","KABUL","0105","DehSabz"," DehSabz                           ","Deh-e Sabz","ده سبز","د ده سبز ولسوالى","59024","59024","59024","59024","56107","56107","56107","62000","62000","164000"
"01","KABUL","0106","Shakar Dara","Shakar Dara","Shakar Darah","شکردره","د شكردرى ","89821","89821","89821","89821","85380","85380","85380","103000","103000","318000"
"01","KABUL","0107","Musahi","Musahi","Musahi","موسهی","د موسهي ","25534","25534","25534","25534","24272","24272","24272","28000","28000","38900"
"01","KABUL","0108","Mir Bacha Kot","Mir Bacha kot","Mir Bacha Kot","میربچه کوت","د مير بچه كوټ ","57100","57100","57100","57100","54278","54278","54278","61000","61000","72200"
"01","KABUL","0109","Khak-e-Jabar","Khak-e-Jabar","Khak-e Jabar","خاک جبار","د خاك جبار ","15655","15655","15655","15655","14880","14880","14880","18000","18000","27900"
"01","KABUL","0110","Kalakan","Kalakan                   ","Kalakan","کلکان","د كلكان ","33106","33106","33106","33106","31468","31468","31468","42000","42000","51100"
"01","KABUL","0111","Guldara","Guldara","Gul Darah","گلدره","د گلدرى ","25021","25021","25021","25021","23784","23784","23784","26000","26000","22300"
"01","KABUL","0112","Farza","Farza","Farzah","فرزه","د فرزى ","23481","23481","23481","23481","22321","22321","22321","29000","29000","39500"
"01","KABUL","0113","Estalef","Estalef","Istalif","استالف","د استالف ","36698","36698","36698","36698","34884","34884","34884","38000","38000","33300"
"01","KABUL","0114","Qara Bagh","Qara Bagh                  ","Qarah Bagh","قره باغ","د قره باغ ","83404","83404","83404","83404","79282","79282","79282","89000","89000","131000"
"01","KABUL","0115","Surubi","Surubi","Sarobi","سروبی","د سروبي ","60564","60564","60564","60564","57570","57570","57570","69000","69000","114000"
"02","KAPISA","0201","Mahmood Raqi","Kapisa Center (Mahmood Raqi)","Mahmud-e Raqi","محمودراقی","محمودراقی","70206","70206","70206","70206","66719","66719","66719","90000","90000","75300"
"02","KAPISA","0202","Hissa-e-Duwumi Kohistan","Hissa-e-Duwumi Kohistan","Hisah-e Dowum-e Kohistan","حصه دومکوهستان","د حصۀ دوم كوهستان ","49144","49144","49144","49144","46715","46715","46715","56000","56000","78400"
"02","KAPISA","0203","Koh Band","Koh Band","Koh Band","کوه بند","د كوه بند ","25662","25662","25662","25662","24394","24394","24394","28000","28000","19000"
"02","KAPISA","0204","Hissa-e-Awali Kohistan","Hissa-e-Awali Kohistan","Hisah-e Awal-e Kohistan","حصه اولکوهستان","د حصۀ اول كوهستان ","74294","74294","74294","74294","70622","70622","70622","82000","82000","67200"
"02","KAPISA","0205","Nijrab","Nijrab","Nejrab","نجراب","د نجراب ","122669","122669","122669","122669","116604","116604","116604","128000","128000","116000"
"02","KAPISA","0206","Tagab","Tagab","Tagab","تگاب","د تگاب ","88282","88282","88282","88282","83916","83916","83916","97000","97000","100000"
"02","KAPISA","0207","Alasai","Alasai","Alah Say","اله سای","د اله ساي ","41317","41317","41317","41317","39275","39275","39275","47000","47000","50300"
"03","PARWAN","0301","Charikar","Parwan Center (Charikar )","Charikar","چاریکار","چاریکار","194471","194471","194471","194471","184229","184229","184229","222000","222000","162000"
"03","PARWAN","0302","Bagram","Bagram","Bagram","بگرام","د بگرام ","113173","113173","113173","113173","107579","107579","107579","128000","128000","136000"
"03","PARWAN","0303","Shinwari","Shinwari","Shinwari","شینواری","د شينوارى ","44910","44910","44910","44910","42690","42690","42690","51000","51000","58200"
"03","PARWAN","0304","Sayyid Khel","Sayyid  Khel","Sayyid Khayl","سید خیل","د سيد خيل ","49787","49787","49787","49787","47325","47325","47325","55000","55000","50700"
"03","PARWAN","0305","Jabulussaraj","Jabulussaraj","Jabul us Saraj","جبل السراج","د جبل السراج ","69845","69845","69845","69845","66374","66374","66374","77000","77000","54700"
"03","PARWAN","0306","Salang","Salang","Salang","سالنگ","د سالنگ ","28357","28357","28357","28357","26955","26955","26955","31000","31000","21700"
"03","PARWAN","0307","Sia Gird","syahgird  ('Ghurband)","Siahgird Ghorband","سیاه گرد","د سيا گرد (غوربند) ","105603","105603","105603","105603","100383","100383","100383","118000","118000","157000"
"03","PARWAN","0308","Koh-e-Safi","Koh-e- Safi","Koh-e Safi","کوه صافی","د كوه صافي ","33875","33875","33875","33875","32200","32200","32200","38000","38000","32400"
"03","PARWAN","0309","Surkhi Parsa","Surkhi  parsa","Surkhi Parsa","سرخ پارسا","د سرخ پارسا ","44654","44654","44654","44654","42446","42446","42446","49000","49000","60000"
"03","PARWAN","0310","Shaykh Ali","Shaykh  Ali","Shaykh 'Ali","شیخ علی","د شيخ علي ","26946","26946","26946","26946","25614","25614","25614","31000","31000","42200"
"04","WARDAK","0401","Maidan Shahr","Wardak  Center (Maidan Shahr)      ","Maidan Shahr","میدان شهر","میدان شهر","44180","44180","44180","44180","41959","41959","41959","49000","49000","47500"
"04","WARDAK","0402","Nerkh","Nerkh","Nerkh","نرخ","د نرخ ","62232","62232","62232","62232","59156","59156","59156","72000","72000","60000"
"04","WARDAK","0403","Jalrez","Jalrez","Jalrayz","جلریز","د جلريز ","57870","57870","57870","57870","55009","55009","55009","65000","65000","46000"
"04","WARDAK","0404","Chak-e-Wardak","Chak-e- Wardak","Chak-e Wardak","چک وردک","د چک وردک ","92130","92130","92130","92130","87576","87576","87576","103000","103000","135000"
"04","WARDAK","0405","Sayyid Abad","Sayyid Abad","Sayyidabad","سید آباد","د سيد آباد ","126774","126774","126774","126774","120508","120508","120508","140000","140000","118000"
"04","WARDAK","0406","Daimirdad","Daimir Dad","Daimirdad","دایمیرداد","د دايميرداد ","33876","33876","33876","33876","32200","32200","32200","38000","38000","47700"
"04","WARDAK","0407","Hissa-e-Awal-e-Behsud","Hissa-e- awali Behsud","Hisah-e Awal-e Behsud","حصه اول بهسود","د حصۀ اول بهسود ","40419","40419","40419","40419","38421","38421","38421","46000","46000","44800"
"04","WARDAK","0408","Jaghatu","Jaghatu","Jaghatu","جغتو","د جغتو ","49914","49914","49914","49914","47447","47447","47447","56000","56000","41500"
"04","WARDAK","0409","Markaz-e-Behsud","Markaz-e- Behsud","Markaz-e-Behsud","مرکز بهسود","د مرکز بهسود ","130239","130239","130239","130239","123801","123801","123801","145000","145000","122000"
"05","LOGAR","0501","Puli Alam","Logar Center(Puli Alam)","Puli Alam","پل علم","پل علم","115626","115626","115626","115626","109848","109848","109848","129000","129000","146000"
"05","LOGAR","0502","Baraki Barak","Baraki Barak","Baraki Barak","برکی برک","د بركي برك ","95755","95755","95755","95755","90972","90972","90972","107000","107000","111000"
"05","LOGAR","0503","Charkh","Charkh","Charkh","چرخ","د چرخ ","48502","48502","48502","48502","46105","46105","46105","54000","54000","50500"
"05","LOGAR","0504","Khushi","khushi","Khoshi","خوشی","د خوشی ","26304","26304","26304","26304","25004","25004","25004","30000","30000","21400"
"05","LOGAR","0505","Mohammad Agha","Mohammad Agha","Muhammad Aghah","محمد آغه","د محمداغى ","82378","82378","82378","82378","78306","78306","78306","93000","93000","83500"
"05","LOGAR","0506","Kharwar","Khar war","Kharwar","خروار","د خروار ","28614","28614","28614","28614","27199","27199","27199","32000","32000","27500"
"05","LOGAR","0507","Azra","Azra","Azrah","ازره","د ازرى ","22198","22198","22198","22198","21101","21101","21101","25000","25000","19900"
"06","NANGARHAR","0601","Jalalabad","Nangarhar Center (Jalalabad)","Jalalabad","جلال آباد","جلال آباد","255012","255012","255012","255012","232901","232901","232901","269000","269000","175000"
"06","NANGARHAR","0602","Behsud","Behsud","Behsud","بهسود","د بهسود و","124081","124081","124081","124081","117946","117946","117946","121000","121000","211000"
"06","NANGARHAR","0603","Surkh Rud","Surkh Rud","Surkh Rod","سرخرود","د سرخرود ","131522","131522","131522","131522","125021","125021","125021","170000","170000","217000"
"06","NANGARHAR","0604","Chaparar","Chapar har","Chaparhar","چپرهار","د چپرهار ","65826","65826","65826","65826","62572","62572","62572","75000","75000","96000"
"06","NANGARHAR","0605","Kama","Kama","Kamah","کامه","د کامى ","83918","83918","83918","83918","79769","79769","79769","94000","94000","64200"
"06","NANGARHAR","0606","Kuzkunar","Kuzkunar","Kuz Kunar","کوزکنر","د کوزکنړ ","60051","60051","60051","60051","57082","57082","57082","69000","69000","60800"
"06","NANGARHAR","0607","Rodat","Rodat","Rodat","رودات","د روداتو ","75448","75448","75448","75448","71719","71719","71719","83000","83000","103000"
"06","NANGARHAR","0608","Khugyani","Khugyani","Khugyani","خوگیانی","د خوگياڼی ","142625","142625","142625","142625","135522","135522","135522","160000","160000","145000"
"06","NANGARHAR","0609","Bati Kot","Bati Kot","Bati Kot","بتی کوت","د بټی کوټ ","82634","82634","82634","82634","78550","78550","78550","95000","95000","96200"
"06","NANGARHAR","0610","Deh Bala","Deh Bala","Deh Bala","ده بالا","د ده بالا ","44012","44012","44012","44012","41836","41836","41836","49000","49000","40900"
"06","NANGARHAR","0611","Pachir Wa Agam","Pachir Waagam","Pachir wa Agam","پچیر واگام","د پچير واگام ","46449","46449","46449","46449","44154","44154","44154","52000","52000","48800"
"06","NANGARHAR","0612","Darah-e-Noor","Darah -e- Noor","Darah-ye-Nur","دره نور","د درۀ نور ","44012","44012","44012","44012","41836","41836","41836","49000","49000","37800"
"06","NANGARHAR","0613","Kot","Kot","Kot","کوت","د کوټ ","56843","56843","56843","56843","54034","54034","54034","60000","60000","44900"
"06","NANGARHAR","0614","Goshta","Goshta","Goshtah","گوشته","د گوشتى ","29769","29769","29769","29769","28298","28298","28298","33000","33000","41400"
"06","NANGARHAR","0615","Achin","Achin","Achin","اچین","د اچين ","52152","109452","109452","109452","104042","104042","104042","126000","126000","89400"
"06","NANGARHAR","0616","Shinwar","Shinwar","Shinwar","شینوار","د شينوارو ","65441","65441","65441","65441","62206","62206","62206","66000","66000","74900"
"06","NANGARHAR","0617","Muhmand Dara","Muhmand ِِDara","Mohmand Darah","مهمند دره","د مهمند درى ","49016","49016","49016","49016","46593","46593","46593","60000","60000","74000"
"06","NANGARHAR","0618","Lalpoor","Lalpoor","La'lpur","لعل پور","د لعل پوري ","22327","22327","22327","22327","21223","21223","21223","23000","23000","33500"
"06","NANGARHAR","0619","Sher Zad","Sher Zad","Sherzad","شیرزاد","د شيرزاد ","72369","72369","72369","72369","68792","68792","68792","80000","80000","59600"
"06","NANGARHAR","0620","Nazyan","Nazyan","Naziyan","نازیان","د نازيانو ","16040","16040","16040","16040","15246","15246","15246","21000","21000","26400"
"06","NANGARHAR","0621","Hesarak","Hesarak","Hisarak","حصارک","د حصارک ","33619","33619","33619","33619","31956","31956","31956","38000","38000","47700"
"06","NANGARHAR","0622","Dur Baba","Dur  Baba","Dur Baba","دربابا","د در بابا ","25406","25406","25406","25406","24150","24150","24150","29000","29000","30200"
"06","NANGARHAR","0623","Spingar",NA,NA,"سپین غر",NA,"57300",NA,NA,NA,NA,NA,NA,NA,NA,NA
"07","LAGHMAN","0701","Mehterlam","Laghman Center (Mehterlam)","Mehtar Lam","مهترلام","مهترلام","141635","141635","141635","149720","134576","134576","142260","160000","169000","141000"
"07","LAGHMAN","0702","Qarghayee","Qarghayee","Qarghah'i","قرغه ئی","د قرغه ئی ","107015","107015","107015","107015","101724","101724","101724","117000","117000","102000"
"07","LAGHMAN","0703","Alishing","Alishing","Alisheng","علیشینگ","د عليشينگ ","77887","77887","77887","77887","74037","74037","74037","87000","87000","92500"
"07","LAGHMAN","0704","Alingar","Alingar","Alingar","علینگار","د علينگار ","105603","105603","105603","105603","100383","100383","100383","127000","127000","126000"
"07","LAGHMAN","0705","Dawlat Shah","Dawlat Shah","Dowlat Shah","دولت شاه","د دولت شاه ","36312","36312","36312","36312","34518","34518","34518","41000","41000","58700"
"07","LAGHMAN","0706","Bad Pash","Bad pash","Bad Pash","باد پښ","د باد پښ ","8085","8085","8085",NA,"7684","7684",NA,"9000",NA,NA
"08","PANJSHIR","0801","Bazarak","Panjsher  Center (Bazarak)","Bazarak","بازارک","بازارک","20531","20531","20531","20531","19515","19515","19515","22000","22000","22200"
"08","PANJSHIR","0802","Rukha","Rukha","Rukhah","رخه","د رخه ","25021","25021","25021","25021","23784","23784","23784","28000","28000","21400"
"08","PANJSHIR","0803","Darah","Darah","Darah","دره","د دره ","15141","15141","15141","27202","14392","14392","25858","15000","31000","35300"
"08","PANJSHIR","0804","Khinj","Hissa-e- Awal   (Khinj)","Khinj","حصه اول","د حصه اول(خينج) ","43627","43627","43627","43627","41470","41470","41470","48000","48000","45400"
"08","PANJSHIR","0805","Unaba","Unaba","Unabah","عنابه","د عنابه ","19633","19633","19633","19633","18662","18662","18662","23000","23000","20200"
"08","PANJSHIR","0806","Shutul","Shutul","Shutul","شتل","د شتل ","11933","11933","11933","11933","11344","11344","11344","13000","13000","6430"
"08","PANJSHIR","0807","Paryan","Paryan","Parian","پریان","د پريان ","16168","16168","16168","16168","15368","15368","15368","18000","18000","18400"
"08","PANJSHIR","0808","Abshar","Ab shar","Abshar","آبشار","د ابشار ","12061","12061","12061",NA,"11466","11466",NA,"16000",NA,NA
"09","BAGHLAN","0901","Pul-i-Khumri","Baghlan Center (Pul-i-Khumri)","Pul-e Khumri","پلخمری","پلخمری","233009","233009","233009","233009","220311","220311","220311","261000","261000","241000"
"09","BAGHLAN","0902","Dahana-e-Ghuri","Dahana-e-Ghuri","Dahanah-ye Ghori","دهنه غوری","د دهنه غوری ","64317","64317","64317","64317","61118","61118","61118","72000","72000","102000"
"09","BAGHLAN","0903","Dushi","Dushi","Doshi","دوشی","د دوشی ","73011","73011","73011","73011","69402","69402","69402","86000","86000","91700"
"09","BAGHLAN","0904","Nahreen","Nahreen","Nahrin","نهرین","د نهرين ","75682","75682","75682","75682","71883","71883","71883","85000","85000","74400"
"09","BAGHLAN","0905","Baghlan-e-Jadeed","Baghlan-e- Jadeed","Baghlan-e Jadid","بغلان جدید","د بغلان جديد ","190604","190604","190604","190604","180421","180421","180421","212000","212000","181000"
"09","BAGHLAN","0906","Khinjan","Khinjan","Khinjan","خنجان","د خنجان ","33234","33234","33234","33234","31590","31590","31590","33000","33000","32200"
"09","BAGHLAN","0907","Andarab","Andarab","Andarab","اندراب","د اندراب ","27843","27843","27843","27843","26468","26468","26468","32000","32000","36700"
"09","BAGHLAN","0908","Deh Salah","Deh  Salah","Deh-e Salah","ده صلاح","د ده صلاح ","34901","34901","34901","34901","33176","33176","33176","38000","38000","26600"
"09","BAGHLAN","0909","Khwaja Hejran","Khwaja hejran (Jalga )","Khwajah Hijran","خواجه هجران","د خواجه هجران(جلگه ) ","26047","26047","26047","26047","24760","24760","24760","29000","29000","33500"
"09","BAGHLAN","0910","Burka","Burka","Burkah","برکه","د برکه ","57485","57485","57485","57485","54643","54643","54643","64000","64000","69800"
"09","BAGHLAN","0911","Tala Wa Barfak","Tala Wa Barfak","Talah Wa Barfak","تاله وبر فک","د تاله وبر فک ","32977","32977","32977","32977","31347","31347","31347","38000","38000","58800"
"09","BAGHLAN","0912","Pul-e-Hisar","Pul –e-Hisar","Pul-e Hisar","پل حصار","د پل حصار ","30154","30154","30154","30154","28663","28663","28663","34000","34000","19200"
"09","BAGHLAN","0913","Khost Wa Firing","Khost Wa Firing","Khost wa Firing","خوست و فرنگ","د خوست و فرنگ ","68905","68905","68905","68905","65499","65499","65499","77000","77000","92000"
"09","BAGHLAN","0914","Gozargah-e-Noor","Gozargah-e- Noor","Gozargah-e Nur","گذرگاه نور","د گذرگاه نور ","11035","11035","11035","11035","10490","10490","10490","12000","12000","18400"
"09","BAGHLAN","0915","Firing Wa Gharu","Firing Wa Gharu","Firing wa Gharu","فرنگ و غارو","د فرنگ وغارو ","18093","18093","18093","18093","17198","17198","17198","20000","20000","22700"
"10","BAMIYAN","1001","Bamyan","Bamyan Center (Bamyan )","Bamyan","بامیان","بامیان","91428","91428","91428","91428","86766","86766","86766","99000","99000","124000"
"10","BAMIYAN","1002","Shebar","Shebar","Shaybar","شیبر","د شيبر ","32207","32207","32207","32207","30615","30615","30615","36000","36000","48500"
"10","BAMIYAN","1003","Saighan","Saighan","Sayghan","سیغان","د سيغان ","26176","26176","26176","26176","24882","24882","24882","30000","30000","40700"
"10","BAMIYAN","1004","Kahmard","Kahmard","Kahmard","کهمرد","د کهمرد ","39648","39648","39648","39648","37689","37689","37689","44000","44000","57700"
"10","BAMIYAN","1005","Yakawlang","Yakawlang","Yakawlang","یکاولنگ","د يکاولنگ ","66468","66468","95467","95467","63181","90747","90747","110000","110000","103000"
"10","BAMIYAN","1006","Panjab","Panjab","Panjab","پنجاب","د پنجاب ","74423","74423","74423","74423","70744","70744","70744","84000","84000","60300"
"10","BAMIYAN","1007","Waras","Waras","Waras","ورس","د ورس ","119075","119075","119075","119075","113190","113190","113190","134000","134000","110000"
"10","BAMIYAN","1008","Yakawlang No. 2","Yakawlang No 2",NA,"یکاولنگ ۲","د يکاولنگ  ۲","28999","28999",NA,NA,"27566",NA,NA,NA,NA,NA
"11","GHAZNI","1101","Ghazni","Ghazni Center(Ghazni)","Ghazni","غزنی","غزنی","179459","179459","179459","179459","169929","169929","169929","199000","199000","238000"
"11","GHAZNI","1102","Wali Muhammad Shahid","Wali M. Shahid (khugyani)","Wali Muhammad Shahid Khugyani","ولی محمدشهید","د ولی محمد شهيد (خوگيانی) ","21942","21942","21942","21942","20857","20857","20857","22000","22000","17800"
"11","GHAZNI","1103","Khwaja Omari","Khwaja Omari","Khwajah Omari","خواجه عمری","د خواجه عمری ","20659","20659","20659","20659","19637","19637","19637","23000","23000","22400"
"11","GHAZNI","1104","Waghaz","Waghaz","Waghaz","واغظ","د واغظ ","42087","42087","42087","42087","40006","40006","40006","46000","46000","40400"
"11","GHAZNI","1105","Deh Yak","Deh Yak","Deh Yak","ده یک","د ده يک ","53380","53380","53380","53380","50740","50740","50740","60000","60000","69300"
"11","GHAZNI","1106","Jaghatu","Jaghatu","Bahram-e Shahid (Jaghatu)","جغتو","د جغتو ","34645","34645","34645","34645","32932","32932","32932","44000","44000","32600"
"11","GHAZNI","1107","Andar","Andar","Andar","اندر","د اندړ ","136141","136141","136141","136141","129412","129412","129412","153000","153000","126000"
"11","GHAZNI","1108","Zanakhan","Zanakhan","Zanakhan","زنخان","د زنخان ","13729","13729","13729","13729","13051","13051","13051","15000","15000","18300"
"11","GHAZNI","1109","Rashidan","Rashidan","Rashidan","رشیدان","د رشيدان ","19632","19632","19632","19632","18662","18662","18662","22000","22000","32700"
"11","GHAZNI","1110","Nawur","Nawur","Nawur","ناور","د ناور ","103293","103293","103293","103293","98187","98187","98187","166000","166000","108000"
"11","GHAZNI","1111","Qara Bagh","Qara Bagh","Qarah Bagh","قره باغ","د قره باغ ","155902","155902","155902","155902","148195","148195","148195","181000","181000","134000"
"11","GHAZNI","1112","Giro","Giro","Giro","گیرو","د گيرو ","39905","39905","39905","39905","37933","37933","37933","45000","45000","46600"
"11","GHAZNI","1113","Ab Band","Ab Band","Ab Band","آب بند","د اب بند ","30026","30026","30026","30026","28542","28542","28542","34000","34000","49000"
"11","GHAZNI","1114","Jaghuri","Jaghuri","Jaghuri","جاغوری","د جاغوری ","192728","192728","192728","192728","183201","183201","183201","209000","209000","233000"
"11","GHAZNI","1115","Muqur","Muqur","Muqur","مقر","د مقر","54919","54919","54919","54919","52204","52204","52204","61000","61000","57000"
"11","GHAZNI","1116","Malistan","Malistan","Malistan","مالستان","د مالستان ","89564","89564","89564","89564","85136","85136","85136","100000","100000","84200"
"11","GHAZNI","1117","Gelan","Gelan","Gelan","گیلان","د گيلان ","63128","63128","63128","63128","60010","60010","60010","71000","71000","88000"
"11","GHAZNI","1118","Ajristan","Ajristan","Ajristan","اجرستان","د اجرستان ","31438","31438","31438","31438","29883","29883","29883","36000","36000","26100"
"11","GHAZNI","1119","Nawa","Nawa","Nawah","ناوه","د ناوي ","32464","32464","32464","32464","30859","30859","30859","36000","36000","42900"
"12","PAKTIKA","1201","Sharan","Paktika Center(Sharan)","Sharan","شرن","شرن","62495","62495","62495","62495","52062","52062","52062","61000","61000","52300"
"12","PAKTIKA","1202","Mata Khan","Mata Khan","Mota Khan","متا خان","د مټا خان ","26259","26259","26259","26259","25858","25858","25858","31000","31000","18600"
"12","PAKTIKA","1203","Yosuf Khel","Yosuf Khel","Yosuf Khel","یوسف خیل","د يوسف خيلو ","28195","28195","28195","28195","14027","14027","14027","17000","17000","26100"
"12","PAKTIKA","1204","Yahya Khel","Yahya Khel","Yahya Khel","یحیی خیل","د يحيی خيلو ","28753","28753","28753","28753","18052","18052","18052","21000","21000","21200"
"12","PAKTIKA","1205","Sar Rawza","Sar Rawza","Sar Rawza","سرروضه","د سرروضى ","35785","35785","35785","35785","24028","24028","24028","28000","28000","18300"
"12","PAKTIKA","1206","Omna","Omna","Omnah","اومنه","د اومنى ","22996","22996","22996","22996","12563","12563","12563","15000","15000","18700"
"12","PAKTIKA","1207","Zarghun Shahr","Zarghun Shahr","Zarghun Shahr","زرغون شهر","د زرغون شهر","40607","40607","40607","40607","30980","30980","30980","36000","36000","32200"
"12","PAKTIKA","1208","Gomal","Gomal","Gomal","گومل","د گومل ","44992","44992","44992","44992","8050","8050","8050","10000","10000","46100"
"12","PAKTIKA","1209","Jani Khel","Jani Khel","Jani Khel","جانی خیل","د جانی خيلو ","35611","35611","35611","35611","24882","24882","24882","30000","30000","36700"
"12","PAKTIKA","1210","Surubi","Surubi","Sarobi","سروبی","د سروبی ","37525","37525","37525","37525","12929","12929","12929","15000","15000","19300"
"12","PAKTIKA","1211","Urgoon","Urgoon","Urgun","ارگون","د ارگون ","87454","87454","87454","87454","57326","57326","57326","68000","68000","33000"
"12","PAKTIKA","1212","Ziruk","Ziruk","Ziruk","زیروک","د زيړوک ","38066","38066","38066","38066","20003","20003","20003","23000","23000","12600"
"12","PAKTIKA","1213","Nika","Nika","Nikeh","نیکه","د نيکه ","16458","16458","16458","16458","12929","12929","12929","15000","15000","8780"
"12","PAKTIKA","1214","Barmal","Barmal","Bermal","برمل","د برمل ","74374","74374","74374","74374","36104","36104","36104","44000","44000","69100"
"12","PAKTIKA","1215","Giyan","Giyan","Giyan","گیان","د گيان ","46165","46165","46165","46165","36104","36104","36104","41000","41000","14600"
"12","PAKTIKA","1216","Dila Wa Khushamand","DilaWa Khushamand","Dilah","دیله وخوشا مند","د ديله وخوشا مند ","46211","46211","46211","46211","26102","26102","26102","31000","31000","33900"
"12","PAKTIKA","1217","Wazakhwah","Wazakhwah","Wazah Khwah","وازه خواه","د وازه خواه ","45051","45051","45051","45051","24028","24028","24028","28000","28000","47100"
"12","PAKTIKA","1218","Wormamay","Wormamay","Wur Mamay","ورممی","د وړممی ","21032","21032","21032","21032","3660","3660","3660","4000","4000","48700"
"12","PAKTIKA","1219","Turwo","Turwo","Turwo","تروو","د تروو ","10881","10881","10881","10881","2196","2196","2196","3000","3000","9060"
"13","PAKTIA","1301","Gardez","Paktya Center(Gardez)","Gardez","گردیز","گردیز","92038","92038","92038","92038","87219","87219","87219","104000","104000","144000"
"13","PAKTIA","1302","Ahmadabad","Ahmadabad","Ahmadabad","احمد اباً","د احمد اباُ ","30411","30411","30411","30411","28908","28908","28908","33000","33000","40300"
"13","PAKTIA","1303","Zurmat","Zurmat","Zurmat","زرمت","د زرمت ","95176","117407","117407","117407","111604","111604","111604","131000","131000","142000"
"13","PAKTIA ","1304","Shwak","Shwak","Shwak","شواک","د شواک ","6032","6032","6032","6032","5732","5732","5732","7000","7000","4850"
"13","PAKTIA","1305","Wuza Zadran","Wuza Zadran","Dzadran","وزه ځدران","د وزى ځدران ","26540","38750","38750","38750","36836","36836","36836","44000","44000","47700"
"13","PAKTIA","1306","Sayyid Karam","Sayyid Karam","Sayyid Karam","سید کرم","د سيد کرم ","60820","60820","60820","70188","57814","57814","66718","57000","79000","44700"
"13","PAKTIA","1307","Jaji","Jaji","Jaji","جاجی","د ځاځی ","68777","68777","68777","68777","65377","65377","65377","77000","77000","56700"
"13","PAKTIA","1308","Laja Ahmad Khel","Laja Ahmad khel","Lajah Ahmad Khel","لجه احمد خیل","د لجه احمد خيل ","24893","24893","24893","45423","23662","23662","43178","36000","51000","29800"
"13","PAKTIA","1309","Jani Khel","Jani Khel","Jani Khel","جانی خیل","د جانی خيلو ","38108","38108","38108","38108","36226","36226","36226","43000","43000","18800"
"13","PAKTIA","1310","Samkani","Samkani","Tsamkani","ولسوالى څمكنى","د څمکنیو ","54535","54535","54535","54535","51838","51838","51838","62000","62000","67000"
"13","PAKTIA","1311","Dand Patan","Dand Patan","Dand Patan","دند پتان","د ډنډ پټان ","28999","28999","28999","28999","27564","27564","27564","32000","32000","35900"
"13","PAKTIA","1312","Laja Mangel","Laja Mangel","Lajah Mangal","لجه منگل","د لجه منگل ","20530","20530","20530",NA,"19516","19516",NA,"15000",NA,NA
"13","PAKTIA","1313","Mirzaka","Mirzaka","Mirzakah","میر زکه","د میرزکه ","9368","9368","9368",NA,"8904","8904",NA,"22000",NA,NA
"13","PAKTIA","1314","Garda Siray",NA,NA,"گرده څیړی",NA,"12210",NA,NA,NA,NA,NA,NA,NA,NA,NA
"13","PAKTIA","1315","Rohany Baba",NA,NA,"روحانی بابا",NA,"22231",NA,NA,NA,NA,NA,NA,NA,NA,NA
"14","KHOST","1401","Khost","Khost Center(Khost)","Khost","خوست","خوست","150599","150599","150599","150599","143026","143026","143026","172000","172000","264000"
"14","KHOST","1402","Manduzay","Manduzay (Esmayel khil)             ","Manduzai","مندوزائی","د مندوزائی(اسمعيل خيل) ","61591","61591","61591","61591","58546","58546","58546","66000","66000","61800"
"14","KHOST","1403","Gurbuz","Gurbuz","Gurbuz","گربز","د گربزو ","28615","28615","28615","28615","27200","27200","27200","34000","34000","31900"
"14","KHOST","1404","Tanay","Tanay","Tanai","تنی","د تڼيو ","65056","65056","65056","65056","61840","61840","61840","70000","70000","39900"
"14","KHOST","1405","Musa Khel","Musa khel","Musa Khel","موسی خیل","د موسی خيلو ","44781","44781","44781","44781","42568","42568","42568","49000","49000","24200"
"14","KHOST","1406","Nadir Shah Kot","Nadir Shah kot","Nadir Shah Kot","نادرشاه کوت","د نادر شاه کوټ ","34773","34773","34773","34773","33054","33054","33054","41000","41000","33800"
"14","KHOST","1407","Sabari","Sabari (Yaqubi)","Sabari","صبری","د صبریو (يعقو بی) ","77374","77374","77374","77374","73549","73549","73549","87000","87000","68400"
"14","KHOST","1408","Tirzayee","Tirzayee (Ali Sher )","Tirzayee","تیرزائی","د تيرزائی (عليشير) ","48760","48760","48760","48760","46349","46349","46349","54000","54000","44900"
"14","KHOST","1409","Baak","Baak","Bak","باک","د باک ","24123","24123","24123","24123","22930","22930","22930","27000","27000","22700"
"14","KHOST","1410","Qalandar","Qalandar","Qalandar","قلندر","د قلندر ","11163","11163","11163","11163","10612","10612","10612","12000","12000","7340"
"14","KHOST","1411","Spera","Spera","Sperah","سپیره","د سپيرى ","26561","26561","26561","26561","25248","25248","25248","28000","28000","30000"
"14","KHOST","1412","Shamul","Shamul","Shamul","شمل","د شمل ","14884","14884","14884","14884","14149","14149","14149","18000","18000","9380"
"14","KHOST","1413","Jaji Maidan","Jaji Maidan","Jaji Maidan","جاجی میدان","د ځاځی ميدان ","26304","26304","26304","26304","25004","25004","25004","29000","29000","22000"
"15","KUNAR","1501","Asad Abad","Kunarha Center (Asad Abad)","Asadabad","اسعد آباد","اسعد آباد","36864","36864","36864","36864","34889","34889","34889","41000","41000","55800"
"15","KUNAR","1502","Marawara","Mara wara","Marawara","مروره","د مرورى ","22327","22327","22327","22327","21223","21223","21223","25000","25000","21200"
"15","KUNAR","1503","Watapoor","Watapoor","Watahpur","وته پور","د وټه پورى ","29898","29898","29898","29898","28419","28419","28419","34000","34000","29600"
"15","KUNAR","1504","Narang Wa Badil","Narang Wa Badil","Narang","نرنگ وبادیل","د نرنگ و باديل ","32977","32977","32977","32977","31346","31346","31346","36000","36000","29200"
"15","KUNAR","1505","Sar Kani","Sar Kani","Sar Kani","سرکانی","د سرکاڼی ","29769","29769","29769","29769","28298","28298","28298","33000","33000","27800"
"15","KUNAR","1506","Shigal","Shigal","Shigal wa Sheltan","شیگل","د شيگل  ","13120","13120","31951","31951","12472","30371","30371","36000","36000","46000"
"15","KUNAR","1507","Dara-e-Pech","Dara-e- Pech","Darah-ye Pech","دره پیچ","د درۀ پيچ ","59666","59666","59666","59666","56717","56717","56717","66000","66000","58700"
"15","KUNAR","1508","Bar Kunar","Bar Kunar","Bar Kunar","بر کنر","د بر کنړ ","23994","23994","23994","23994","22808","22808","22808","25000","25000","16200"
"15","KUNAR","1509","Sawkai","Sawkai","Tsowkey","څوکی","د څوکی ","39006","39006","39006","39006","37080","37080","37080","45000","45000","43200"
"15","KUNAR","1510","Khas Kunar","Khas Kunar   ","Khas Kunar","خاص کنر","د خاص کنړ ","38238","38238","38238","38238","36348","36348","36348","43000","43000","43900"
"15","KUNAR","1511","Ghazi Abad","Ghazi Abad","Ghaziabad","غازی اباد","د غازی آباد ","20402","20402","20402","20402","19393","19393","19393","23000","23000","40000"
"15","KUNAR","1512","Dangam","Dangam","Dangam","دانگام","د دانگام ","18478","18478","18478","18478","17564","17564","17564","22000","22000","19200"
"15","KUNAR","1513","Chapa Dara","Chapa Dara","Chapah Darah","چپه دره","د چپه درى ","33875","33875","33875","33875","32200","32200","32200","39000","39000","43000"
"15","KUNAR","1514","Noorgal","Noorgal","Nurgal","نورگل","د نورگل ","34516","34516","34516","34516","32810","32810","32810","38000","38000","28700"
"15","KUNAR","1515","Nari","Nari","Nari","ناری","ناری","30154","30154","30154","30154","28664","28664","28664","34000","34000","31000"
"15","KUNAR","1516","Sheltan","Sheltan",NA,"شلتن","د شيگل ","18831","18831",NA,NA,"17899",NA,NA,NA,NA,NA
"16","NURISTAN","1601","Paroon","Nooristan Center (Paroon)","Parun","پارون","پارون","14755","14755","14755","14755","14027","14027","14027","17000","17000","17400"
"16","NURISTAN","1602","Waygal","Waygal","Waygal","وایگل","د وايگل ","21429","21429","21429","21429","20369","20369","20369","24000","24000","22300"
"16","NURISTAN","1603","Wama","Wama","Wama","واما","د واما ","12061","12061","12061","12061","11466","11466","11466","14000","14000","11900"
"16","NURISTAN","1604","Noor Gram","Noor Gram","Nurgaram","نورگرام","د نورگرام ","35286","35286","35286","35286","33542","33542","33542","32000","32000","36200"
"16","NURISTAN","1605","Duab","Duab","Do Ab","دواب","د دوآب ","8598","8598","8598","8598","8172","8172","8172","9000","9000","20100"
"16","NURISTAN","1606","Kamdesh","Kamdesh","Kamdesh","کامدیش","د کامديش ","27588","27588","27588","27588","26224","26224","26224","31000","31000","27900"
"16","NURISTAN","1607","Mandol","Mandol","Mandol","مندول","د منډول ","21557","21557","21557","21557","20491","20491","20491","24000","24000","19500"
"16","NURISTAN","1608","Bargi Matal","Bargi Matal","Barg-e Matal","برگ متال","د برگ مټال ","16937","16937","16937","16937","16100","16100","16100","19000","19000","24300"
"17","BADAKHSHAN","1701","Faiz Abad","Badakhshan center (Faiz Abad)","Faizabad","فیض آباد","فیض آباد","74031","74031","74031","74031","70004","70004","70004","72000","72000","78200"
"17","BADAKHSHAN","1702","Argo","Argo","Argo","ارگو","د ارگو ","85586","85586","85586","85586","81355","81355","81355","108000","108000","164000"
"17","BADAKHSHAN","1703","Arghanj Khwah","Arghanj Khwah","Arghanj Khwah","ارغنجخواه","د ارغنجخواه ولسوالي","17578","17578","17578","17578","16710","16710","16710","20000","20000","16900"
"17","BADAKHSHAN","1704","Yaftal-e-Sufla","Yaftal-e-Sufla","Yaftal-e-Sufla","یفتل سفلی","د يفتل سفلی ","57613","57613","57613","57613","54765","54765","54765","65000","65000","42300"
"17","BADAKHSHAN","1705","Khash","Khash","Khash","خاش","د خاش ","41575","41575","41575","41575","39518","39518","39518","45000","45000","21500"
"17","BADAKHSHAN","1706","Baharak","Baharak","Baharak","بهارک","د بهارک ","31438","31438","31438","31438","29883","29883","29883","36000","36000","56700"
"17","BADAKHSHAN","1707","Darayim","Darayim","Darayim","درایم","د درايم ","67237","67237","67237","67237","63913","63913","63913","74000","74000","59700"
"17","BADAKHSHAN","1708","Kohistan","Kohistan","Kohistan","کوهستان","د کوهستان ","18092","18092","18092","18092","17198","17198","17198","20000","20000","23600"
"17","BADAKHSHAN","1709","Yawan","Yawan","Yawan","یاوان","د ياوان ","35414","35414","35414","35414","33664","33664","33664","39000","39000","70600"
"17","BADAKHSHAN","1710","Jurm","Jurm","Jurm","جرم","د جرم ","41159","41159","41159","41159","39083","39083","39083","46000","46000","76700"
"17","BADAKHSHAN","1711","Tashkan","Tashkan","Tashkan","تشکان","د تشکان ","32592","32592","32592","32592","30980","30980","30980","36000","36000","46200"
"17","BADAKHSHAN","1712","Shuhada","Shuhada","Shuhada","شهدا","د شهدا ","37724","37724","37724","37724","35860","35860","35860","42000","42000","37800"
"17","BADAKHSHAN","1713","Shahri Buzurg","Shahri Buzurg","Shahr-e Buzurg","شهربزرگ","د شهربزرگ ","57099","57099","57099","57099","54278","54278","54278","64000","64000","54300"
"17","BADAKHSHAN","1714","Raghistan","Raghistan","Raghistan","راغستان","د راغستان ","43243","43243","43243","43243","41104","41104","41104","49000","49000","41100"
"17","BADAKHSHAN","1715","Kishim","Kishm","Kishim","کشم","د کشم ","88281","88281","88281","88281","83916","83916","83916","100000","100000","115000"
"17","BADAKHSHAN","1716","Wardooj","Wardooj","Warduj","وردوج","د وردوج ","23866","23866","23866","23866","22686","22686","22686","27000","27000","40400"
"17","BADAKHSHAN","1717","Tagab","Tagab","Tagab","تگاب","د تگاب ","30668","30668","30668","30668","29152","29152","29152","34000","34000","48700"
"17","BADAKHSHAN","1718","Yamgan","Yamgan(Girwan)","Yamgan","یمگان","د يمگان (گیروان) ","28101","28101","28101","28101","26712","26712","26712","31000","31000","20400"
"17","BADAKHSHAN","1719","Shighnan","Shighnan","Shighnan","شیغنان","د شيغنان ","30411","30411","30411","30411","28908","28908","28908","34000","34000","32100"
"17","BADAKHSHAN","1720","Khwahan","Khwahan","Khwahan","خواهان","د خواهان ","18093","18093","18093","18093","17198","17198","17198","21000","21000","24500"
"17","BADAKHSHAN","1721","Kufab","Kufab","Kuf Ab","کوف آب","د کوف آب ","24379","24379","24379","24379","23174","23174","23174","28000","28000","24400"
"17","BADAKHSHAN","1722","Darwaz-e-Payin","Darwaz-e- Payin (Mamay) [s/b Nesay]","Darwas-e Pa'in","درواز پائین","د درواز پائين ","28869","28869","28869","28869","27444","27444","27444","27000","27000","21800"
"17","BADAKHSHAN","1723","Eshkashim","Eshkashim","Ishkashim","اشکاشم","د اشکاشم ","15141","15141","15141","15141","14392","14392","14392","17000","17000","14200"
"17","BADAKHSHAN","1724","Shiki","Shiki","Shiki","شکی","د شکی ","28743","28743","28743","28743","27322","27322","27322","31000","31000","13600"
"17","BADAKHSHAN","1725","Zebak","Zebak","Zebak","زیباک","د زيباک ","8598","8598","8598","8598","8172","8172","8172","10000","10000","11000"
"17","BADAKHSHAN","1726","Kiran Wa Menjan","Kiran Wa Menjan","Kiran Wa Munjan","کرا ن ومنجان","د کرا ن و منجان ","10394","10394","10394","10394","9880","9880","9880","12000","12000","14700"
"17","BADAKHSHAN","1727","Darwaz-e-Bala","Darwaz-e- Bala ( Nesay) [s/b Mamay]","Darwaz-e-Bala","دروازبالا","د دروازبالا","25278","25278","25278","25278","24028","24028","24028","33000","33000","37500"
"17","BADAKHSHAN","1728","Wakhan","Wakhan","Wakhan","واخان","د واخان ","16296","16296","16296","16296","15490","15490","15490","19000","19000","10900"
"18","TAKHAR","1801","Taluqan","Takhar  Center (Taluqan)","Taluqan","تالقان","تالقان","248830","248830","248830","248830","235726","235726","235726","269000","269000","338000"
"18","TAKHAR","1802","Hazar Sumuch","Hazar Sumuch","Hazar Sumuch","هزار سموچ","د هزار سموچ ","15013","15013","15013","15013","14270","14270","14270","24000","24000","28600"
"18","TAKHAR","1803","Baharak","Baharak","Baharak","بهارک","د بهارک ","33746","33746","33746","33746","32078","32078","32078","46000","46000","48200"
"18","TAKHAR","1804","Bangi","Bangi","Bangi","بنگی","د بنگی ","38367","38367","38367","38367","36470","36470","36470","45000","45000","61400"
"18","TAKHAR","1805","Chal","Chal","Chal","چال","د چال ","30796","30796","30796","30796","29273","29273","29273","32000","32000","46200"
"18","TAKHAR","1806","Namak Ab","Namak Ab","Namak Ab","نمک آب","د نمک آب ","13344","13344","13344","13344","12685","12685","12685","15000","15000","42400"
"18","TAKHAR","1807","Kalafgan","Kalafgan","Kalafgan","کلفگان","د کلفگان ","38494","38494","38494","38494","36592","36592","36592","43000","43000","63700"
"18","TAKHAR","1808","Farkhar","Farkhar","Farkhar","فرخار","د فرخار ","51198","51198","51198","51198","48637","48637","48637","58000","58000","55700"
"18","TAKHAR","1809","Khwaja Ghar","Khwaja Ghar","Khwaja Ghar","خواجه غار","د خواجه غار ","73426","73426","73426","73426","69720","69720","69720","82000","82000","75900"
"18","TAKHAR","1810","Rustaq","Rustaq","Rustaq","رستاق","د رستاق ","179591","179591","179591","179591","170572","170572","170572","194000","194000","315000"
"18","TAKHAR","1811","Eshkamesh","Eshkamesh","Ishkamish","اشکمش","د اشکمش ","64415","64415","64415","64415","61230","61230","61230","74000","74000","76800"
"18","TAKHAR","1812","Dashti Qala","Dashti Qala","Dasht-e Qal'ah","دشت قلعه","د دشت قلعه ","34902","34902","34902","34902","33176","33176","33176","41000","41000","79300"
"18","TAKHAR","1813","Warsaj","Warsaj","Warsaj","ورسج","د ورسج ","41446","41446","41446","41446","39397","39397","39397","46000","46000","44000"
"18","TAKHAR","1814","Khwaja Bahawuddin","Khwaja Bahawuddin","Khwaja Bahawuddin","خواجه بهاوالدین","د خواجه بهاوالدين ","25406","25406","25406","25406","24150","24150","24150","29000","29000","37200"
"18","TAKHAR","1815","Darqad","Darqad","Darqad","درقد","د درقد ","29384","29384","29384","29384","27932","27932","27932","33000","33000","81500"
"18","TAKHAR","1816","Chahab","Chahab","Chah Ab","چاه آب","د چاه آب ","86587","86587","86587","86587","82044","82044","82044","96000","96000","107000"
"18","TAKHAR","1817","Yangi Qala","Yangi Qala","Yangi Qal'ah","ینگی قلعه","د ينگی قلعه ","48907","48907","48907","48907","46384","46384","46384","55000","55000","69600"
"19","KUNDUZ","1901","Kunduz","Kunduz Center (Kunduz)","Kunduz","کندز","کندز","347765","347765","358102","358102","323956","333782","333782","397000","397000","298000"
"19","KUNDUZ","1902","Chahar Darah","Chahar Darah","Chahar Darah","چهاردره","د چهاردرى ","80196","80196","80196","80196","76232","76232","76232","89000","89000","74600"
"19","KUNDUZ","1903","Ali Abad","Ali Abad","Aliabad","علی آباد","د علی آباد ","51455","51455","51455","51455","48910","48910","48910","60000","60000","67500"
"19","KUNDUZ","1904","Khan Abad","Khan Abad","Khanabad","خان آباد","د خان آباد ","150544","150544","177173","177173","142646","167960","167960","190000","190000","163000"
"19","KUNDUZ","1905","Imam Sahib","Hazrati Imam Sahib","Imam Sahib","حضرت امام صاحب","د حضرت امام صاحب ","220256","220256","254998","254998","208981","242005","242005","287000","287000","362000"
"19","KUNDUZ","1906","Dasht-e-Archi","Dasht-e- Archi","Dasht-e Archi","دشت ارچی","د دشت ارچی ","92576","92576","92576","92576","87963","87963","87963","101000","101000","112000"
"19","KUNDUZ","1907","Qala-e-Zal","Qala -e-Zal","Qal'ah-ye Zal","قلعه ذال","د قلعۀ ذال ","76616","76616","76616","76616","72621","72621","72621","86000","86000","103000"
"19","KUNDUZ","1908","Calbad","Calbad",NA,"کلباد","د کلباد ","34742","34742",NA,NA,"33024",NA,NA,NA,NA,NA
"19","KUNDUZ","1909","Gultipa","Gultipa",NA,"گل تیپه","د گل تیپه ","10337","10337",NA,NA,"9826",NA,NA,NA,NA,NA
"19","KUNDUZ","1910","Aqtash","Akhtash ",NA,"اقتاش","د  اقتاش ","26629","26629",NA,NA,"25314",NA,NA,NA,NA,NA
"20","SAMANGAN","2001","Aybak","Samangan Center (Aybak)  ","Aibak","ایبک","ایبک","114061","114061","114061","114061","108098","108098","108098","126000","126000","104000"
"20","SAMANGAN","2002","Hazrat-e-Sultan","Hazrat -e-Sultan","Hazrat-e-Sultan","حضرت سلطان","د حضرت سلطان ","49786","49786","49786","49786","42934","42934","42934","71000","71000","90500"
"20","SAMANGAN","2003","Khuram Wa Sarbagh","Khuram Wa Sarbagh","Khuram wa Sar Bagh","خرم و سارباغ","د خرم و سارباغ ","78014","78014","78014","78014","41348","41348","41348","48000","48000","57700"
"20","SAMANGAN","2004","Feroz Nakhcheer","Feroz  Nakhcheer","Fayroz Nakhchir","فیروز نخچیر","د فيروز نخچير","14243","14243","14243","14243","13539","13539","13539","16000","16000","18500"
"20","SAMANGAN","2005","Rui-Do-Ab","Rui- Do- Ab","Ruy Do Ab","روی دواب","د روي دوآب ","70573","70573","70573","70573","47325","47325","47325","56000","56000","53100"
"20","SAMANGAN","2006","Dara-e-Soof-i-Payin","Dara -e-soof-i-Payin","Darah-ye-Suf-e Pa'in","دره صوف پائین","د درۀ صوف پائين ","43499","43499","43499","43499","74159","74159","74159","70000","70000","74900"
"20","SAMANGAN","2007","Dara-e-Soof-e-Bala","Dara -e-soof-e- Bala","Darah-ye-Suf-e Bala","دره صوف بالا","د درۀ صوف بالا ","45167","45167","45167","45167","67084","67084","67084","77000","77000","76100"
"21","BALKH","2101","Mazar-e-Sharif","Balkh Center (Mazar-e- sharif)","Mazar-e-Sharif","مزار شریف","مزار شریف","454457","454457","454457","454457","415053","415053","415053","448000","448000","242000"
"21","BALKH","2102","Nahri Shahi","Nahri Shahi","Nahr-e Shahi","ولسوا لی نهر شاهی","د نهر شاهی ","49016","49016","49016","49016","46593","46593","46593","96000","96000","254000"
"21","BALKH","2103","Dehdadi","Dehdadi","Dehdadi","دهدادی","د دهدادی ","73652","73652","73652","73652","70012","70012","70012","82000","82000","77600"
"21","BALKH","2104","Char Kent","Char kent","Chahar Kent","چارکنت","د چارکنت ","48502","48502","48502","48502","46105","46105","46105","53000","53000","46900"
"21","BALKH","2105","Marmul","Marmul","Marmul","مارمل","د مارمل ","12447","12447","12447","12447","11832","11832","11832","14000","14000","14300"
"21","BALKH","2106","Balkh","Balkh","Balkh","بلخ","د بلخ ","131218","131218","131218","131218","124558","124558","124558","149000","149000","107000"
"21","BALKH","2107","Sholgara","Sholgara","Sholgarah","شولگره","د شولگرى ","124697","124697","124697","124697","118418","118418","118418","141000","141000","140000"
"21","BALKH","2108","Chimtal","Chimtal","Chimtal","چمتال","د چمتال ","100086","100086","100086","100086","95138","95138","95138","114000","114000","115000"
"21","BALKH","2109","Dawlat Abad","Dawlat Abad","Dowlatabad","دولت اباد","د دولت آباد ","114853","114853","114853","114853","109057","109057","109057","127000","127000","127000"
"21","BALKH","2110","Khulm","Khulm","Khulm","خلم","د خلم ","79471","79471","79471","79471","74990","74990","74990","87000","87000","82000"
"21","BALKH","2111","Char Bolak","Char Bolak","Chahar Bolak","چار بولک","د چار بولک ","88408","88408","88408","88408","84038","84038","84038","100000","100000","95500"
"21","BALKH","2112","Shortepa","Shortepa","Shortepah","شورتیپه","د شورتيپى ","43243","43243","43243","43243","41104","41104","41104","48000","48000","78500"
"21","BALKH","2113","Kaldar","Kaldar","Kaldar","کلدار","د کلدار ","21814","21814","21814","21814","20736","20736","20736","14000","14000","40500"
"21","BALKH","2114","Kishindeh","Kishindeh","Kishindeh","کشنده","د کشندى ","53122","53122","53122","53122","50496","50496","50496","59000","59000","77100"
"21","BALKH","2115","Zari","Zari","Zari","زاری","د زاری ","47861","47861","47861","47861","45496","45496","45496","53000","53000","67300"
"22","SARIPUL","2201","Sar-e-Pul","Saripul Center (Sar-e-Pul)","Sar-e Pul","سرپل","سرپل","170499","170499","170499","170499","161735","161735","161735","192000","192000","176000"
"22","SARIPUL","2202","Sayyad","Sayyad","Sayad","صیاد","د صياد ","59538","59538","59538","59538","56595","56595","56595","67000","67000","79000"
"22","SARIPUL","2203","Kohistanat","Kohistanat","Kohistanat","کوهستانات","د کوهستانات ","87382","87382","87382","87382","83063","83063","83063","99000","99000","146000"
"22","SARIPUL","2204","Sozma Qala","Sozma Qala","Sozmah Qal'ah","سوزمه قلعه","د سوزمه قلعه ","54020","54020","54020","54020","51350","51350","51350","63000","63000","63200"
"22","SARIPUL","2205","Sancharak","Sancharak","Sancharak","سانچارک","د سانچارک ","110932","110932","110932","110932","105306","105306","105306","123000","123000","97400"
"22","SARIPUL","2206","Gosfandi","Gosfandi","Gosfandi","گوسفندی","د گوسفندی ","61847","61847","61847","61847","58790","58790","58790","69000","69000","85800"
"22","SARIPUL","2207","Balkhab","Balkhab","Balkhab","بلخا ب","د بلخا ب ","54919","54919","54919","54919","52204","52204","52204","62000","62000","60100"
"23","GHOR","2301","Chighcheran","Ghor  Center (Chighcheran)","Chaghcharan","چغچران","چغچران","148234","148234","148234","148234","140829","140829","140829","166000","166000","195000"
"23","GHOR","2302","Duleena","Duleena","Do Lainah","دولینه","د دولينه ","39392","39392","39392","39392","37445","37445","37445","44000","44000","57600"
"23","GHOR","2303","Dawlatyar","Dawlatyar","Dowlatyar","دولتیار","د دولتيار ","35672","35672","35672","35672","33908","33908","33908","42000","42000","49300"
"23","GHOR","2304","Char Sada","Char Sada","Chahar Sadah","چارصده","د چارصدى ","29898","29898","29898","29898","28420","28420","28420","32000","32000","45000"
"23","GHOR","2305","Pasaband","Pasaband","Pasaband","پسا بند","د پسا بند ","103550","103550","103550","103550","98431","98431","98431","116000","116000","89200"
"23","GHOR","2306","Shahrak","Shahrak","Shahrak","شهرک","د شهرک ","65311","65311","65311","65311","62083","62083","62083","73000","73000","103000"
"23","GHOR","2307","Lal Wa SarJangal","Lal Wa SarJangal","La'l wa SarJangal","لعل و سر جنگل","د لعل و سر جنگل ","122285","122285","122285","122285","116238","116238","116238","136000","136000","64500"
"23","GHOR","2308","Taywara","Taywara","Taywarah","تیوره","د تيورى ","99828","99828","99828","99828","94893","94893","94893","112000","112000","148000"
"23","GHOR","2309","Tulak","Tulak","Tulak","تولک","د تولک ","56202","56202","56202","56202","53424","53424","53424","63000","63000","85100"
"23","GHOR","2310","Saghar","Saghar","Saghar","ساغر","د ساغر ","37852","37852","37852","37852","35982","35982","35982","42000","42000","59000"
"24","DAIKUNDI","2401","Nili","Daykundi Center (Nili)","Nili","نیلی","نیلی","41367","41367","41367","41367","42324","42324","42324","50000","50000","40200"
"24","DAIKUNDI","2402","Shahristan","Shahristan","Shahristan","شهرستان","د شهرستان ","77980","77980","77980","77980","69036","69036","69036","81000","81000","86300"
"24","DAIKUNDI","2403","Ishterlai","Ishterlai","Ishterlay","ولسوالیاشترلی","د  اشترلی ","59082","59082","59082","59082","49398","49398","49398","59000","59000","57900"
"24","DAIKUNDI","2404","Khedir","Khedir","Khedir","خدیر","د خدير ","51607","51607","51607","51607","48423","48423","48423","55000","55000","37300"
"24","DAIKUNDI","2405","Giti","Giti","Gayti","گیتی","د گيتی ","54506","54506","54506","54506","34762","34762","34762","43000","43000","60400"
"24","DAIKUNDI","2406","Miramor","Miramor","Mir Amor","میرامور","د ميرامور ","83081","83081","83081","83081","65011","65011","65011","76000","76000","91000"
"24","DAIKUNDI","2407","Sang-e-Takht","Sang -e- Takht","Sang-e Takht","سنگ تخت","د سنگ تخت ","57023","57023","57023","57023","52569","52569","52569","62000","62000","37700"
"24","DAIKUNDI","2408","Kejran","Kejran","Kejran","کجران","د کجران ","35795","35795","35795","35795","36348","36348","36348","42000","42000","43900"
"24","DAIKUNDI","2409","Patoo","Patoo",NA,"پاتو","د گيزاب ","38399","38399",NA,NA,"0",NA,NA,NA,NA,NA
"25","UROZGAN","2501","Tirinkot","Urozgan Center (Tirinkot)","Tirin Kot","انتخاب کردن","انتخاب کردن","112283","112283","112283","112283","106657","106657","106657","125000","125000","147000"
"25","UROZGAN","2502","Dehraoud","Dehraoud","Deh Rawud","دهراود","د دهراود ","66797","66797","66797","66797","63457","63457","63457","75000","75000","86400"
"25","UROZGAN","2503","Chora","Chora","Chorah","چوره","د چوره ","55818","55818","55818","69804","53057","53057","66352","46000","78000","65700"
"25","UROZGAN","2504","Shahidi Hassas","Shahidhassas","Shahidi Hassas","شهید حساس","د شهيد حساس ","64413","64413","64413","64413","61230","61230","61230","72000","72000","74900"
"25","UROZGAN","2505","Khas Urozgan","Khas Urozgan","Khas Uruzgan","خاص ارزگان","د خاص ارزگان ","61719","61719","61719","61719","58668","58668","58668","69000","69000","65900"
"25","UROZGAN","2506","Gizab","Gizab","Gizab","گیزاب","د چنارتو ","45948","45948","84347","84347","70307","70307","70307","82000","82000","82500"
"25","UROZGAN","2507","Chinarto","Chinarto","Chinartu","چینارتو","د چنارتو","13986","13986","13986",NA,"13295","13295",NA,"32000",NA,NA
"26","ZABUL","2601","Qalat","Zabul Center (Qalat)","Qalat","قلا ت","قلا ت","43230","43230","43230","43230","36951","36951","36951","43000","43000","59100"
"26","ZABUL","2602","Tarnak wa Jaldak","Tarang Wa Jaldak","Tarnek wa Jaldak","ولسوالیتر نگ و جلدک","د تر نگ و جلدک ","21454","21454","21454","21454","17808","17808","17808","22000","22000","25100"
"26","ZABUL","2603","Shinkai","Shinkai","Shinkai","شینکی","د شينکی ","30821","30821","30821","30821","24394","24394","24394","29000","29000","29300"
"26","ZABUL","2604","Mizan","Mizan","Mizan","میزان","د ميزان ","20883","20883","20883","20883","14270","14270","14270","17000","17000","25800"
"26","ZABUL","2605","Arghandab","Arghandab","Arghandab","ارغنداب","د ارغنداب ","35671","35671","35671","35671","33908","33908","33908","40000","40000","38100"
"26","ZABUL","2606","Shah Joi","Shah Joi","Shah Joi","شاه جوی","د شاه جوی ","77157","77157","77157","77157","60620","60620","60620","71000","71000","72500"
"26","ZABUL","2607","Daichopan","Daichopan","Daichopan","دایچوپان","د دايچوپان ","42986","42986","42986","42986","40861","40861","40861","48000","48000","36700"
"26","ZABUL","2608","Atghar","Atghar","Atghar","اتغر","د اتغر ","13578","13578","13578","13578","9026","9026","9026","11000","11000","12600"
"26","ZABUL","2609","Naw Bahar","Naw Bahar","Now Bahar","نو بهار","د نو بهار ","23694","23694","23694","23694","19516","19516","19516","23000","23000","19100"
"26","ZABUL","2610","Shemel Zayi","Shemel Zayi","Shamulzai","شمل زائی","د شمل زائی ","35266","35266","35266","35266","26834","26834","26834","32000","32000","33300"
"26","ZABUL","2611","Kakar","Kakar (khak-e-afghan )","Kakar","کاکر","د کاکړ(خاک افغان)","26303","26303","26303","26303","25004","25004","25004","30000","30000","39300"
"27","KANDAHAR","2701","Kandahar","Kandahar Center (Kandahar)","Kandahar","کندهار ","کندهار ","596423","596423","596423","645439","548645","548645","595238","482000","718000","518000"
"27","KANDAHAR","2702","Arghandab","Arghandab","Arghandab","ارغنداب","د ارغنداب ","67622","67622","67622","67622","64279","64279","64279","59000","59000","92800"
"27","KANDAHAR","2703","Daman","Daman","Daman","دامان","د دامان ","37853","37853","37853","37853","35982","35982","35982","40000","40000","54600"
"27","KANDAHAR","2704","Panjwayee","Panjwayee","Panjwa'i","پنجوائی","د پنجوائی ","95082","95082","95082","95082","90381","90381","90381","107000","107000","116000"
"27","KANDAHAR","2705","Zhire","Zhire","Zharey","ژیړی","د ژړی ","93669","93669","93669","93669","89039","89039","89039","106000","106000","104000"
"27","KANDAHAR","2706","Shah Wali Kot","Shah Wali Kot","Shah Wali Kot","شاه ولی کوت","د شاه ولی کوټ ","47349","47349","47349","47349","45007","45007","45007","54000","54000","104000"
"27","KANDAHAR","2707","Khakrez","Khakrez","Khakrez","خاکریز","د خاکريز ","24893","24893","24893","24893","23662","23662","23662","28000","28000","43100"
"27","KANDAHAR","2708","Arghistan","Arghistan","Arghistan","ارغستان","د آرغستان ","37596","37596","37596","37596","35738","35738","35738","42000","42000","71800"
"27","KANDAHAR","2709","Ghorak","Ghorak","Ghorak","غورک","د غورک ","10522","10522","10522","10522","10002","10002","10002","12000","12000","26600"
"27","KANDAHAR","2710","Maiwand","Maiwand","Maiwand","میوند","د ميوند ","64030","64030","64030","64030","60864","60864","60864","72000","72000","154000"
"27","KANDAHAR","2711","Spin Boldak","Spin Boldak","Spin Boldak","سپین بولدک","د سپين بولدک ","109837","109837","123694","123694","104408","117581","117581","139000","139000","194000"
"27","KANDAHAR","2712","Nesh","Nesh","Nesh","نیش","د نيش ","14627","14627","14627","14627","13904","13904","13904","17000","17000","41600"
"27","KANDAHAR","2713","Miyanishin","Miyanishin","Mya Nishin","میانشین","د ميانشين ","16424","16424","16424","16424","15612","15612","15612","18000","18000","30200"
"27","KANDAHAR","2714","Shorabak","Shorabak","Shorabak","شورابک","د شورابک ","12575","12575","12575","12575","11953","11953","11953","17000","17000","16200"
"27","KANDAHAR","2715","Maruf","Maruf","Ma'ruf","معروف","د معروف ","36056","36056","36056","36056","34274","34274","34274","40000","40000","63300"
"27","KANDAHAR","2716","Reg","Reg","Registan","ریگ","د ريگ ","9752","9752","9752","9752","9270","9270","9270","8000","8000","1920"
"27","KANDAHAR","2717","Dand","Dand","Dand","دند","د ډ ڼد ","49016","49016","49016",NA,"46593","46593",NA,"236000",NA,NA
"27","KANDAHAR","2718","Takhta Pul","Takhta pul",NA,"تخته پل","د تخته پل","13857","13857",NA,NA,"13173",NA,NA,NA,NA,NA
"28","JOWZJAN","2801","Sheberghan","Jawzjan Center (Sheberghan)","Shibirghan","شبر غان","شبر غان","184964","184964","184964","184964","174927","174927","174927","200000","200000","244000"
"28","JOWZJAN","2802","Khwaja Dukoh","Khwaja Dukoh","Khwajah Do Koh","خواجه دوکوه","د خواجه دوكوه ","29385","29385","29385","29385","27932","27932","27932","32000","32000","51500"
"28","JOWZJAN","2803","Khanaqa","Khanaqa","Khanaqa","خانقا ه","د خانقاه ","25406","25406","25406","25406","24150","24150","24150","29000","29000","46400"
"28","JOWZJAN","2804","Mingajik","Mingajik","Mingajik","منگجک","د منگجک ","46835","46835","46835","46835","44520","44520","44520","52000","52000","71300"
"28","JOWZJAN","2805","Qush Tepa","Qush Tepa","Qush Tepah","قوش تیپه","د قوش تيپى ","25661","25661","25661","25661","24394","24394","24394","30000","30000","53100"
"28","JOWZJAN","2806","Khamyab","Khamyab","Khamyab","خمیاب","د خمياب ","15269","15269","15269","15269","14514","14514","14514","17000","17000","24300"
"28","JOWZJAN","2807","Aqchah","Aqchah","Aqchah","آقچه","د اقچى ","83930","83930","83930","83930","79515","79515","79515","94000","94000","76000"
"28","JOWZJAN","2808","Faizabad","Faizabad                 ","Faizabad","فیض آباد","د فيض آباد ","45424","45424","45424","45424","43178","43178","43178","50000","50000","56800"
"28","JOWZJAN","2809","Mardyan","Mardyan","Mardian","مردیان","د مرديان ","42088","42088","42088","42088","40006","40006","40006","46000","46000","55700"
"28","JOWZJAN","2810","Qarqin","Qarqin","Qarqin","قرقین","د قرقين ","27168","27168","27168","27168","25739","25739","25739","30000","30000","43600"
"28","JOWZJAN","2811","Darzab","Darzab","Darzab","درزآب","د درزاب ","53703","53703","53703","53703","51025","51025","51025","60000","60000","43200"
"29","FARYAB","2901","Maimana","Faryab Center (Maimana)","Maimanah","میمنه","میمنه","91490","91490","91490","91490","86051","86051","86051","103000","103000","109000"
"29","FARYAB","2902","Pashtun Kot","Pashtun kot","Pashtun Kot","پشتون کوت","د پشتون کوټ ","206072","206072","206072","206072","195886","195886","195886","224000","224000","219000"
"29","FARYAB","2903","Khwaja Sabz Posh","Khwaja Sabz Posh i Wali","Khwaja Sabz Posh","خواجه سبزپوش ولی","د خواجه سبز پوش ولي ","55432","55432","55432","55432","52692","52692","52692","67000","67000","57000"
"29","FARYAB","2904","Almar","Almar","Almar","المار","د المار","76733","76733","76733","76733","72939","72939","72939","89000","89000","84500"
"29","FARYAB","2905","Bilchiragh","Bilchiragh","Bal Chiragh","بلچراغ","د بلچراغ ","56972","56972","56972","56972","54155","54155","54155","61000","61000","55300"
"29","FARYAB","2906","Shirin Tagab","Shirin Tagab","Shirin Tagab","شرین تگاب","د شرين تگاب ","88922","88922","88922","88922","84526","84526","84526","99000","99000","116000"
"29","FARYAB","2907","Qaisar","Qaisar","Qaisar","قیصار","د قيصار ","155517","155517","155517","155517","147829","147829","147829","176000","176000","199000"
"29","FARYAB","2908","Gurziwan","Gurziwan","Gurziwan","گرزیوان","د گرزيوان ","82762","82762","82762","82762","78672","78672","78672","92000","92000","95600"
"29","FARYAB","2909","Dawlat Abad","Dawlat Abad","Dowlatabad","دولت آباد","د دولت آباد","53226","53226","53226","53226","50539","50539","50539","60000","60000","91500"
"29","FARYAB","2910","Kohistan","Kohistan","Kohistan","کوهستان","د کوهستان ","59538","59538","59538","59538","56594","56594","56594","67000","67000","85300"
"29","FARYAB","2911","Qaram Qul","Qaram Qul","Qaram Qul","قرم قل","د قرم قل ","21428","21428","21428","21428","20370","20370","20370","21000","21000","34200"
"29","FARYAB","2912","Qurghan","Qurghan","Qurghan","قرغان","د قرغان ","51455","51455","51455","51455","48911","48911","48911","62000","62000","45400"
"29","FARYAB","2913","Andkhoy","Andkhoy","Andkhoy","اندخوی","د اندخوی ","44715","44715","44715","44715","42143","42143","42143","49000","49000","71200"
"29","FARYAB","2914","Khani Charbagh","Khani Charbagh","Khan-e Chahr Bagh","خان چارباغ","د خان چارباغ ","25278","25278","25278","25278","24028","24028","24028","28000","28000","41600"
"30","HELMAND","3001","Lashkargah","Helmand Center (Lashkargah)","Lashkar Gah","لشکر گاه","لشکر گاه","186708","186708","186708","186708","108174","108174","108174","134000","134000","151000"
"30","HELMAND","3002","Nad Ali","Nad Ali","Nad 'Ali","نادعلی","د نادعلی ","180535","180535","180535","209919","94649","94649","122580","70000","144000","277000"
"30","HELMAND","3003","Nawa-i-Barikzayi","Nawa-i- Barikzayi","Nawah-ye-Barakzai","ناوه بارکزائی","د ناوۀ بارکزائی ","107455","107455","107455","107455","96479","96479","96479","119000","119000","65800"
"30","HELMAND","3004","Nahr-i-Saraj","Nahr-i- Saraj","Nahr-e Saraj","نهر سراج","د نهر سراج ","168702","168702","168702","168702","122067","122067","122067","140000","140000","183000"
"30","HELMAND","3005","Washer","Washer","Washer","واشیر","د واشير ","27955","27955","27955","27955","16222","16222","16222","19000","19000","40000"
"30","HELMAND","3006","Garm Ser","Garm Ser","Garm Ser","گرم سیر","د گرم سير ","115158","115158","115158","115158","91235","91235","91235","109000","109000","102000"
"30","HELMAND","3007","Nawzad","Nawzad","Now Zad","نوزاد","د نوزاد ","94477","94477","94477","94477","52814","52814","52814","62000","62000","113000"
"30","HELMAND","3008","Sangin","Sangin             ","Sangin","سنگین","د سنگين ","74708","74708","74708","74708","62084","62084","62084","72000","72000","50600"
"30","HELMAND","3009","Musa Qala","Musa Qala","Musa Qal'ah","موسی قلعه","د موسی قلعه ","117585","117585","117585","117585","61352","61352","61352","73000","73000","98000"
"30","HELMAND","3010","Kajaki","Kajaki","Kajaki","کجکی","د کجکی ","112831","112831","112831","112831","74037","74037","74037","88000","88000","116000"
"30","HELMAND","3011","Reg-e-Khan Nishin","Reg-i-Khan Nishin","Reg-e Khan Neshin","ریگ خان نشین","د ريگ  خان نشين ","25447","25447","25447","25447","27322","27322","27322","25000","25000","20100"
"30","HELMAND","3012","Baghran","Baghran         ","Baghran","باغران","د باغران ","106897","106897","125308","125308","67147","84648","84648","79000","79000","102000"
"30","HELMAND","3013","Dishu","Dishu","Dishu","دیشو","د ديشو ","29261","29261","29261","29261","21223","21223","21223","23000","23000","6640"
"30","HELMAND","3014","Marja","Marja","Marja","مارجه","د مارجی ","29384","29384","29384",NA,"27931","27931",NA,"74000",NA,NA
"30","HELMAND","3015","Nawamish","Nawamish ",NA,"ناوه  میش","ناوه  میش ","18411","18411",NA,NA,"17501",NA,NA,NA,NA,NA
"31","BADGHIS","3101","Qala-i-Now","Badghis Center  (Qala-i- Now)","Qal'ah-ye Now","قلعه نو","قلعه نو","72619","72619","72619","72619","68869","68869","68869","76000","76000","66900"
"31","BADGHIS","3102","Ab Kamari","Ab Kamari","Ab-e Kamari","آب کمری","د آب کمری ","80325","80325","80325","80325","76354","76354","76354","89000","89000","75200"
"31","BADGHIS","3103","Muqur","Muqur","Muqur","مقر","د مقر ","25919","25919","25919","25919","24638","24638","24638","32000","32000","63700"
"31","BADGHIS","3104","Qadis","Qadis","Qadis","قادس","د قادس ","99316","99316","99316","99316","94406","94406","94406","114000","114000","122000"
"31","BADGHIS","3105","Murghab","Murghab (Bala Murghab)","Murghab","یمگان","د مرغاب (بالامرغاب) ","106116","106116","106116","106116","100870","100870","100870","118000","118000","151000"
"31","BADGHIS","3106","Jawand","Jawand","Jawand","جوند","د جوند ","86100","86100","86100","86100","81843","81843","81843","98000","98000","163000"
"31","BADGHIS","3107","Ghormach","Ghormach","Ghormach","غور ماچ","د غور ماچ ","60179","60179","60179","60179","57205","57205","57205","66000","66000","84600"
"32","HERAT","3201","Herat","Herat  Center (Herat)","Herat","هرات","هرات","538673","538673","538673","538673","491967","491967","491967","496000","496000","428000"
"32","HERAT","3202","Enjil","Enjil","Injil","انجیل","د انجيل ","267023","267023","267023","267023","253823","253823","253823","380000","380000","548000"
"32","HERAT","3203","Guzera","Guzera (Nizam-i- Shahid)","Guzarah","گذره","د گذرى (نظام شهيد) ","160265","160265","160265","160265","152342","152342","152342","178000","178000","200000"
"32","HERAT","3204","Karrukh","Karrukh","Karrukh","کرخ","د کرخ ","69952","69952","69952","69952","66416","66416","66416","81000","81000","70500"
"32","HERAT","3205","Zendahjan","Zendahjan","Zindah Jan","زنده جان","د زنده جان ","62363","62363","62363","62363","59278","59278","59278","73000","73000","88700"
"32","HERAT","3206","Pashtun Zarghun","Pashtun Zarghun","Pashtun Zarghun","پشتون زرغون","د پشتون زرغون ","109453","109453","109453","109453","104042","104042","104042","122000","122000","110000"
"32","HERAT","3207","Kushk","Kushk (Rubat-i-Sangi)","Kushk","گذره","د کشک( رباط سنگی) ","136495","136495","136495","136495","129560","129560","129560","152000","152000","128000"
"32","HERAT","3208","Gulran","Gulran","Gulran","گلران","د گلران ","102780","102780","102780","102780","97700","97700","97700","115000","115000","143000"
"32","HERAT","3209","Adraskan","Adraskan","Adraskan","ادرسکن","د ادرسکن ","58639","58639","58639","58639","55741","55741","55741","66000","66000","111000"
"32","HERAT","3210","Kushk-i-Kuhna","Kushk-i- Kuhna","Kushk-e Kuhnah","کشک کهنه","د کشک کهنه ","49913","49913","49913","49913","47447","47447","47447","56000","56000","64500"
"32","HERAT","3211","Ghoryan","Ghoryan","Ghorian","غوریان","د غوريان ","97893","97893","97893","97893","92670","92670","92670","109000","109000","148000"
"32","HERAT","3212","Obe","Obe","Obeh","اوبه","د اوبه ","82847","82847","82847","82847","78714","78714","78714","93000","93000","82100"
"32","HERAT","3213","Kohsan","Kohsan","Kohsan","کهسان","د کهسان ","59409","59409","59409","59409","56472","56472","56472","66000","66000","84000"
"32","HERAT","3214","Shindand","Shindand","Shindand","شیند ند","د شيند ند ","46425","46425","195400","195400","185683","185683","185683","220000","220000","209000"
"32","HERAT","3215","Farsi","Fersi","Farsi","فرسی","د فرسی ","33490","33490","33490","33490","31834","31834","31834","38000","38000","42200"
"32","HERAT","3216","Chishti Sharif","Chishti Sharif","Chisht-e Sharif","چشت شریف","د چشت شريف ","25919","25919","25919","25919","24638","24638","24638","29000","29000","57100"
"32","HERAT","3217","Zer-i-Koh",NA,NA,"زرکوه ?","زرکوه ?","51882","51882",NA,NA,NA,NA,NA,NA,NA,NA
"32","HERAT","3218","Pusht-i-Koh",NA,NA,"پشت من کوه ?","پشت من کوه ?","34577","34577",NA,NA,NA,NA,NA,NA,NA,NA
"32","HERAT","3219","Koh-i-Zor",NA,NA,"کیه زور ?",NA,"12759","12759",NA,NA,NA,NA,NA,NA,NA,NA
"32","HERAT","3220","Zawol",NA,NA,"زولول ?","زولول ?","49757","49757",NA,NA,NA,NA,NA,NA,NA,NA
"33","FARAH","3301","Farah","Farah Center (Farah)","Farah","فراه","فراه","123135","123135","123135","123135","116639","116639","116639","139000","139000","159000"
"33","FARAH","3302","Pushtrud","Pushtrud","Pusht-e Rod","پشت رود","د پشت رود","44398","44398","44398","44398","42202","42202","42202","50000","50000","58600"
"33","FARAH","3303","Khak-i-Safed","Khak-i-safed","Khak-e Safed","خاک سفید","د خاک سفيد","33106","33106","33106","33106","31468","31468","31468","37000","37000","44100"
"33","FARAH","3304","Qala-i-Kah","Qala-i-kah","Qal'ah-ye Kah","قلعه کاه","د قلعۀ کاه ","33618","33618","33618","33618","31956","31956","31956","38000","38000","35000"
"33","FARAH","3305","Shibkoh","Shibkoh","Shayb Koh","شیب کوه","د شيب کوه ","25535","25535","25535","25535","24272","24272","24272","27000","27000","20400"
"33","FARAH","3306","Bala Buluk","Bala Buluk","Bala Boluk","بالا بلوک","د بالا بلوک ","78014","78014","78014","78014","74159","74159","74159","87000","87000","85300"
"33","FARAH","3307","Anar Dara","Anar Dara","Anar Dara","اناردره","د اناردرى ","30412","30412","30412","30412","28907","28907","28907","34000","34000","49600"
"33","FARAH","3308","Bakwa","Bakwa","Bakwah","بکواه","د بکواه ","38751","38751","38751","38751","36836","36836","36836","43000","43000","69500"
"33","FARAH","3309","Lash-i-Juwayn","Lash-i- Juwayn","Lash-i Juwayn","لاش جو ین","د لاش جوين ","30539","30539","30539","30539","29029","29029","29029","34000","34000","25000"
"33","FARAH","3310","Gulistan","Gulistan","Gulistan","گلستان","د گلستان ","47347","47347","47347","47347","45008","45008","45008","53000","53000","63300"
"33","FARAH","3311","Pur Chaman","Pur Chaman","Pur Chaman","پرچمن","د پرچمن ","58382","58382","58382","58382","55497","55497","55497","64000","64000","88700"
"34","NIMROZ","3401","Zaranj","Nimroz Center (Zaranj)","Zaranj","زرنج","زرنج","62698","62698","62698","62698","59308","59308","59308","73000","73000","90100"
"34","NIMROZ","3402","Kang","Kang","Kang","کنگ","د کنگ ","24507","24507","24507","24507","23297","23297","23297","25000","25000","20200"
"34","NIMROZ","3403","Asl-i-Chakhansur","Asl-i-chakhansur","Chakhansur","اصل چخانسور","د اصل چخانسور ","25919","25919","25919","25919","24638","24638","24638","29000","29000","17100"
"34","NIMROZ","3404","Char Burjak","Char Burjak","Chahar Burjak","چاربرجک","د چاربرجک ","28872","28872","28872","28872","27444","27444","27444","31000","31000","15500"
"34","NIMROZ","3405","Khashrod","Khashrod","Khash Rod","خا شرود","د خا شرود ","27715","27715","27715","34902","26346","26346","33176","31000","39000","95500"
"34","NIMROZ","3406","Dilaram","Dularam","Delaram","دلارام","د دلارام ","7187","7187","7187",NA,"6830","6830",NA,"8000",NA,NA
