prov_name,dist_name_421,notes,alt_dist_names_421,prov_id_421_CSO_char,dist_id_421_CSO_char,prov_name_Farsi_421_CSO,dist_name_farsi_421_CSO,prov_name_Pashto_421_CSO,dist_name_Pashto_421_CSO,Popl_18-19_421_CSO_6-18,Popl_18-19_419_CSO_6-18,Popl_18-19_407_CSO_6-18,Popl_18_19_399_CSO_6-18,dist_name_414_CSO_OCHA_8-16,Popl_16-17_414_CSO-OCHA_8-16,Popl_16-17_407_CSO-OCHA_8-16,Popl_16-17_399_CSO_OCHA_8-16,prov_name_407_USFOR,dist_name_407_USFOR,Popl_Jan18_USFOR_407_USFOR,Popl_1_31_18_USFOR_399_AGCHO,Popl_est_2017_iMMAP_399_AGCHO
Province name.,District names in CSO's 6/18 list of 421 districts(1)  Generally follows CSO transliterations of 8/16.,Notes,District alternate names from various sources,Prov ID from CSO 421 dist. list of 6/18. (1),District id from CSO 421 district list of 6/18 in numbers (1),Prov. name in Farsi [these need checking],Dist. name in Farsi [these need checking],Prov. name in Pashto [these need checking],District name in Pashto [these need checking],CSO popl est for '18-'19 using original 421 districts.,CSO popl estimates '18-'19 regrouped to 419 districts.,CSO popl estimates '18-'19 regrouped to 407 districts.,CSO popl estimates '18-'19 regrouped to 399 districts.,District name per CSO list of 414 of 8/16 posted by OCHA,CSO popl est for '16-'17 using original 414 districts,CSO popl estimates '16-'17 regrouped to 407 districts.,CSO popl estimates '16-'17 regrouped to 399 districts.,Province name per Landscan (2),Dist name per Landscan (2),"Popl est., Landscan using USFOR-A 407 district set. (2)","Popl est, Landscan regrouped to 399 districts"," iMMAP's 2017 population estimates (5).  (They already follow the 399 district set, natively.)"
BADAKHSHAN,Arghanj Khwah,,,17,1703,بدخشان,ارغنجخواه,بدخشان,د ارغنجخواه ولسوالي,17578,17578,17578,17578,Arghanj Khwah,16710,16710,16710,BADAKHSHAN,Arghanj Khwah,20000,20000,16900
BADAKHSHAN,Argo,,,17,1702,بدخشان,ارگو,بدخشان,د ارگو ,85586,85586,85586,85586,Argo,81355,81355,81355,BADAKHSHAN,Argo,108000,108000,164000
BADAKHSHAN,Baharak,,,17,1706,بدخشان,بهارک,بدخشان,د بهارک ,31438,31438,31438,31438,Baharak,29883,29883,29883,BADAKHSHAN,Baharak,36000,36000,56700
BADAKHSHAN,Darayim,,,17,1707,بدخشان,درایم,بدخشان,د درايم ,67237,67237,67237,67237,Darayim,63913,63913,63913,BADAKHSHAN,Darayim,74000,74000,59700
BADAKHSHAN,Darwaz-e-Bala,,Mamai,17,1727,بدخشان,دروازبالا,بدخشان,د دروازبالا,25278,25278,25278,25278,Darwaz-e- Bala ( Nesay) [s/b Mamay],24028,24028,24028,BADAKHSHAN,Darwaz-e-Bala,33000,33000,37500
BADAKHSHAN,Darwaz-e-Payin,,Nesay,17,1722,بدخشان,درواز پائین,بدخشان,د درواز پائين ,28869,28869,28869,28869,Darwaz-e- Payin (Mamay) [s/b Nesay],27444,27444,27444,BADAKHSHAN,Darwas-e Pa'in,27000,27000,21800
BADAKHSHAN,Eshkashim,,,17,1723,بدخشان,اشکاشم,بدخشان,د اشکاشم ,15141,15141,15141,15141,Eshkashim,14392,14392,14392,BADAKHSHAN,Ishkashim,17000,17000,14200
BADAKHSHAN,Faiz Abad,,,17,1701,بدخشان,فیض آباد,بدخشان,فیض آباد,74031,74031,74031,74031,Badakhshan center (Faiz Abad),70004,70004,70004,BADAKHSHAN,Faizabad,72000,72000,78200
BADAKHSHAN,Jurm,,,17,1710,بدخشان,جرم,بدخشان,د جرم ,41159,41159,41159,41159,Jurm,39083,39083,39083,BADAKHSHAN,Jurm,46000,46000,76700
BADAKHSHAN,Khash,,,17,1705,بدخشان,خاش,بدخشان,د خاش ,41575,41575,41575,41575,Khash,39518,39518,39518,BADAKHSHAN,Khash,45000,45000,21500
BADAKHSHAN,Khwahan,,,17,1720,بدخشان,خواهان,بدخشان,د خواهان ,18093,18093,18093,18093,Khwahan,17198,17198,17198,BADAKHSHAN,Khwahan,21000,21000,24500
BADAKHSHAN,Kiran Wa Menjan,,,17,1726,بدخشان,کرا ن ومنجان,بدخشان,د کرا ن و منجان ,10394,10394,10394,10394,Kiran Wa Menjan,9880,9880,9880,BADAKHSHAN,Kiran Wa Munjan,12000,12000,14700
BADAKHSHAN,Kishim,,,17,1715,بدخشان,کشم,بدخشان,د کشم ,88281,88281,88281,88281,Kishm,83916,83916,83916,BADAKHSHAN,Kishim,100000,100000,115000
BADAKHSHAN,Kohistan,,,17,1708,بدخشان,کوهستان,بدخشان,د کوهستان ,18092,18092,18092,18092,Kohistan,17198,17198,17198,BADAKHSHAN,Kohistan,20000,20000,23600
BADAKHSHAN,Kufab,,,17,1721,بدخشان,کوف آب,بدخشان,د کوف آب ,24379,24379,24379,24379,Kufab,23174,23174,23174,BADAKHSHAN,Kuf Ab,28000,28000,24400
BADAKHSHAN,Raghistan,,,17,1714,بدخشان,راغستان,بدخشان,د راغستان ,43243,43243,43243,43243,Raghistan,41104,41104,41104,BADAKHSHAN,Raghistan,49000,49000,41100
BADAKHSHAN,Shahri Buzurg,,,17,1713,بدخشان,شهربزرگ,بدخشان,د شهربزرگ ,57099,57099,57099,57099,Shahri Buzurg,54278,54278,54278,BADAKHSHAN,Shahr-e Buzurg,64000,64000,54300
BADAKHSHAN,Shighnan,,,17,1719,بدخشان,شیغنان,بدخشان,د شيغنان ,30411,30411,30411,30411,Shighnan,28908,28908,28908,BADAKHSHAN,Shighnan,34000,34000,32100
BADAKHSHAN,Shiki,,,17,1724,بدخشان,شکی,بدخشان,د شکی ,28743,28743,28743,28743,Shiki,27322,27322,27322,BADAKHSHAN,Shiki,31000,31000,13600
BADAKHSHAN,Shuhada,,,17,1712,بدخشان,شهدا,بدخشان,د شهدا ,37724,37724,37724,37724,Shuhada,35860,35860,35860,BADAKHSHAN,Shuhada,42000,42000,37800
BADAKHSHAN,Tagab,,,17,1717,بدخشان,تگاب,بدخشان,د تگاب ,30668,30668,30668,30668,Tagab,29152,29152,29152,BADAKHSHAN,Tagab,34000,34000,48700
BADAKHSHAN,Tashkan,,,17,1711,بدخشان,تشکان,بدخشان,د تشکان ,32592,32592,32592,32592,Tashkan,30980,30980,30980,BADAKHSHAN,Tashkan,36000,36000,46200
BADAKHSHAN,Wakhan,,,17,1728,بدخشان,واخان,بدخشان,د واخان ,16296,16296,16296,16296,Wakhan,15490,15490,15490,BADAKHSHAN,Wakhan,19000,19000,10900
BADAKHSHAN,Wardooj,,,17,1716,بدخشان,وردوج,بدخشان,د وردوج ,23866,23866,23866,23866,Wardooj,22686,22686,22686,BADAKHSHAN,Warduj,27000,27000,40400
BADAKHSHAN,Yaftal-e-Sufla,,Yaftal Payin,17,1704,بدخشان,یفتل سفلی,بدخشان,د يفتل سفلی ,57613,57613,57613,57613,Yaftal-e-Sufla,54765,54765,54765,BADAKHSHAN,Yaftal-e-Sufla,65000,65000,42300
BADAKHSHAN,Yamgan,,Girwan,17,1718,بدخشان,یمگان,بدخشان,د يمگان (گیروان) ,28101,28101,28101,28101,Yamgan(Girwan),26712,26712,26712,BADAKHSHAN,Yamgan,31000,31000,20400
BADAKHSHAN,Yawan,,,17,1709,بدخشان,یاوان,بدخشان,د ياوان ,35414,35414,35414,35414,Yawan,33664,33664,33664,BADAKHSHAN,Yawan,39000,39000,70600
BADAKHSHAN,Zebak,,,17,1725,بدخشان,زیباک,بدخشان,د زيباک ,8598,8598,8598,8598,Zebak,8172,8172,8172,BADAKHSHAN,Zebak,10000,10000,11000
BADGHIS,Ab Kamari,,,31,3102,بادغیس,آب کمری,بادغیس,د آب کمری ,80325,80325,80325,80325,Ab Kamari,76354,76354,76354,BADGHIS,Ab-e Kamari,89000,89000,75200
BADGHIS,Ghormach,,,31,3107,بادغیس,غور ماچ,بادغیس,د غور ماچ ,60179,60179,60179,60179,Ghormach,57205,57205,57205,BADGHIS,Ghormach,66000,66000,84600
BADGHIS,Jawand,,Tagab Alam,31,3106,بادغیس,جوند,بادغیس,د جوند ,86100,86100,86100,86100,Jawand,81843,81843,81843,BADGHIS,Jawand,98000,98000,163000
BADGHIS,Muqur,,,31,3103,بادغیس,مقر,بادغیس,د مقر ,25919,25919,25919,25919,Muqur,24638,24638,24638,BADGHIS,Muqur,32000,32000,63700
BADGHIS,Murghab,,Bala Murghab,31,3105,بادغیس,یمگان,بادغیس,د مرغاب (بالامرغاب) ,106116,106116,106116,106116,Murghab (Bala Murghab),100870,100870,100870,BADGHIS,Murghab,118000,118000,151000
BADGHIS,Qadis,,,31,3104,بادغیس,قادس,بادغیس,د قادس ,99316,99316,99316,99316,Qadis,94406,94406,94406,BADGHIS,Qadis,114000,114000,122000
BADGHIS,Qala-i-Now,Pashto and Farsi name differs,,31,3101,بادغیس,قلعه نو,بادغیس,قلعه نو,72619,72619,72619,72619,Badghis Center  (Qala-i- Now),68869,68869,68869,BADGHIS,Qal'ah-ye Now,76000,76000,66900
BAGHLAN,Andarab,,Bano Andarab,9,907,بغلان,اندراب,بغلان,د اندراب ,27843,27843,27843,27843,Andarab,26468,26468,26468,BAGHLAN,Andarab,32000,32000,36700
BAGHLAN,Baghlan-e-Jadeed,,Baghlani Markazi,9,905,بغلان,بغلان جدید,بغلان,د بغلان جديد ,190604,190604,190604,190604,Baghlan-e- Jadeed,180421,180421,180421,BAGHLAN,Baghlan-e Jadid,212000,212000,181000
BAGHLAN,Burka,,,9,910,بغلان,برکه,بغلان,د برکه ,57485,57485,57485,57485,Burka,54643,54643,54643,BAGHLAN,Burkah,64000,64000,69800
BAGHLAN,Dahana-e-Ghuri,,,9,902,بغلان,دهنه غوری,بغلان,د دهنه غوری ,64317,64317,64317,64317,Dahana-e-Ghuri,61118,61118,61118,BAGHLAN,Dahanah-ye Ghori,72000,72000,102000
BAGHLAN,Deh Salah,,,9,908,بغلان,ده صلاح,بغلان,د ده صلاح ,34901,34901,34901,34901,Deh  Salah,33176,33176,33176,BAGHLAN,Deh-e Salah,38000,38000,26600
BAGHLAN,Dushi,,,9,903,بغلان,دوشی,بغلان,د دوشی ,73011,73011,73011,73011,Dushi,69402,69402,69402,BAGHLAN,Doshi,86000,86000,91700
BAGHLAN,Firing Wa Gharu,,,9,915,بغلان,فرنگ و غارو,بغلان,د فرنگ وغارو ,18093,18093,18093,18093,Firing Wa Gharu,17198,17198,17198,BAGHLAN,Firing wa Gharu,20000,20000,22700
BAGHLAN,Gozargah-e-Noor,,,9,914,بغلان,گذرگاه نور,بغلان,د گذرگاه نور ,11035,11035,11035,11035,Gozargah-e- Noor,10490,10490,10490,BAGHLAN,Gozargah-e Nur,12000,12000,18400
BAGHLAN,Khinjan,,,9,906,بغلان,خنجان,بغلان,د خنجان ,33234,33234,33234,33234,Khinjan,31590,31590,31590,BAGHLAN,Khinjan,33000,33000,32200
BAGHLAN,Khost Wa Firing,,,9,913,بغلان,خوست و فرنگ,بغلان,د خوست و فرنگ ,68905,68905,68905,68905,Khost Wa Firing,65499,65499,65499,BAGHLAN,Khost wa Firing,77000,77000,92000
BAGHLAN,Khwaja Hejran,,Jalga,9,909,بغلان,خواجه هجران,بغلان,د خواجه هجران(جلگه ) ,26047,26047,26047,26047,Khwaja hejran (Jalga ),24760,24760,24760,BAGHLAN,Khwajah Hijran,29000,29000,33500
BAGHLAN,Nahreen,,,9,904,بغلان,نهرین,بغلان,د نهرين ,75682,75682,75682,75682,Nahreen,71883,71883,71883,BAGHLAN,Nahrin,85000,85000,74400
BAGHLAN,Pul-e-Hisar,,,9,912,بغلان,پل حصار,بغلان,د پل حصار ,30154,30154,30154,30154,Pul –e-Hisar,28663,28663,28663,BAGHLAN,Pul-e Hisar,34000,34000,19200
BAGHLAN,Pul-i-Khumri,,,9,901,بغلان,پلخمری,بغلان,پلخمری,233009,233009,233009,233009,Baghlan Center (Pul-i-Khumri),220311,220311,220311,BAGHLAN,Pul-e Khumri,261000,261000,241000
BAGHLAN,Tala Wa Barfak,,,9,911,بغلان,تاله وبر فک,بغلان,د تاله وبر فک ,32977,32977,32977,32977,Tala Wa Barfak,31347,31347,31347,BAGHLAN,Talah Wa Barfak,38000,38000,58800
BALKH,Balkh,,,21,2106,بلخ,بلخ,بلخ,د بلخ ,131218,131218,131218,131218,Balkh,124558,124558,124558,BALKH,Balkh,149000,149000,107000
BALKH,Char Bolak,,,21,2111,بلخ,چار بولک,بلخ,د چار بولک ,88408,88408,88408,88408,Char Bolak,84038,84038,84038,BALKH,Chahar Bolak,100000,100000,95500
BALKH,Char Kent,,,21,2104,بلخ,چارکنت,بلخ,د چارکنت ,48502,48502,48502,48502,Char kent,46105,46105,46105,BALKH,Chahar Kent,53000,53000,46900
BALKH,Chimtal,,,21,2108,بلخ,چمتال,بلخ,د چمتال ,100086,100086,100086,100086,Chimtal,95138,95138,95138,BALKH,Chimtal,114000,114000,115000
BALKH,Dawlat Abad,,,21,2109,بلخ,دولت اباد,بلخ,د دولت آباد ,114853,114853,114853,114853,Dawlat Abad,109057,109057,109057,BALKH,Dowlatabad,127000,127000,127000
BALKH,Dehdadi,,,21,2103,بلخ,دهدادی,بلخ,د دهدادی ,73652,73652,73652,73652,Dehdadi,70012,70012,70012,BALKH,Dehdadi,82000,82000,77600
BALKH,Kaldar,,,21,2113,بلخ,کلدار,بلخ,د کلدار ,21814,21814,21814,21814,Kaldar,20736,20736,20736,BALKH,Kaldar,14000,14000,40500
BALKH,Khulm,,Tashqurghan,21,2110,بلخ,خلم,بلخ,د خلم ,79471,79471,79471,79471,Khulm,74990,74990,74990,BALKH,Khulm,87000,87000,82000
BALKH,Kishindeh,,,21,2114,بلخ,کشنده,بلخ,د کشندى ,53122,53122,53122,53122,Kishindeh,50496,50496,50496,BALKH,Kishindeh,59000,59000,77100
BALKH,Marmul,,,21,2105,بلخ,مارمل,بلخ,د مارمل ,12447,12447,12447,12447,Marmul,11832,11832,11832,BALKH,Marmul,14000,14000,14300
BALKH,Mazar-e-Sharif,,,21,2101,بلخ,مزار شریف,بلخ,مزار شریف,454457,454457,454457,454457,Balkh Center (Mazar-e- sharif),415053,415053,415053,BALKH,Mazar-e-Sharif,448000,448000,242000
BALKH,Sharak-e Hairatan,Hairatan isn't recognized by CSO,,NA,NA,بلخ,شرک حیرتان,بلخ,شرک حیرتان,NA,NA,NA,NA,NA,NA,NA,NA,BALKH,Sharak-e Hairatan,10000,10000,16000
BALKH,Nahri Shahi,,,21,2102,بلخ,ولسوا لی نهر شاهی,بلخ,د نهر شاهی ,49016,49016,49016,49016,Nahri Shahi,46593,46593,46593,BALKH,Nahr-e Shahi,96000,96000,254000
BALKH,Sholgara,,,21,2107,بلخ,شولگره,بلخ,د شولگرى ,124697,124697,124697,124697,Sholgara,118418,118418,118418,BALKH,Sholgarah,141000,141000,140000
BALKH,Shortepa,,,21,2112,بلخ,شورتیپه,بلخ,د شورتيپى ,43243,43243,43243,43243,Shortepa,41104,41104,41104,BALKH,Shortepah,48000,48000,78500
BALKH,Zari,,,21,2115,بلخ,زاری,بلخ,د زاری ,47861,47861,47861,47861,Zari,45496,45496,45496,BALKH,Zari,53000,53000,67300
BAMIYAN,Bamyan,,,10,1001,بامیان,بامیان,بامیان,بامیان,91428,91428,91428,91428,Bamyan Center (Bamyan ),86766,86766,86766,BAMIYAN,Bamyan,99000,99000,124000
BAMIYAN,Kahmard,,,10,1004,بامیان,کهمرد,بامیان,د کهمرد ,39648,39648,39648,39648,Kahmard,37689,37689,37689,BAMIYAN,Kahmard,44000,44000,57700
BAMIYAN,Panjab,,,10,1006,بامیان,پنجاب,بامیان,د پنجاب ,74423,74423,74423,74423,Panjab,70744,70744,70744,BAMIYAN,Panjab,84000,84000,60300
BAMIYAN,Saighan,,,10,1003,بامیان,سیغان,بامیان,د سيغان ,26176,26176,26176,26176,Saighan,24882,24882,24882,BAMIYAN,Sayghan,30000,30000,40700
BAMIYAN,Shebar,,,10,1002,بامیان,شیبر,بامیان,د شيبر ,32207,32207,32207,32207,Shebar,30615,30615,30615,BAMIYAN,Shaybar,36000,36000,48500
BAMIYAN,Waras,,,10,1007,بامیان,ورس,بامیان,د ورس ,119075,119075,119075,119075,Waras,113190,113190,113190,BAMIYAN,Waras,134000,134000,110000
BAMIYAN,Yakawlang,,Yak. No 1,10,1005,بامیان,یکاولنگ,بامیان,د يکاولنگ ,66468,66468,95467,95467,Yakawlang,63181,90747,90747,BAMIYAN,Yakawlang,110000,110000,103000
BAMIYAN,Yakawlang No. 2,Yakawlang No.2 is part of Yakawland in the 407-district set.,Yakawlang Hesa-i-Doyem,10,1008,بامیان,یکاولنگ ۲,بامیان,د يکاولنگ  ۲,28999,28999,NA,NA,Yakawlang No 2,27566,NA,NA,NA,NA,NA,NA,NA
DAIKUNDI,Giti,,Kiti,24,2405,دایکندی,گیتی,دایکندی,د گيتی ,54506,54506,54506,54506,Giti,34762,34762,34762,DAIKUNDI,Gayti,43000,43000,60400
DAIKUNDI,Ishterlai,,,24,2403,دایکندی,ولسوالیاشترلی,دایکندی,د  اشترلی ,59082,59082,59082,59082,Ishterlai,49398,49398,49398,DAIKUNDI,Ishterlay,59000,59000,57900
DAIKUNDI,Kejran,,,24,2408,دایکندی,کجران,دایکندی,د کجران ,35795,35795,35795,35795,Kejran,36348,36348,36348,DAIKUNDI,Kejran,42000,42000,43900
DAIKUNDI,Khedir,,Dai Kundi [?],24,2404,دایکندی,خدیر,دایکندی,د خدير ,51607,51607,51607,51607,Khedir,48423,48423,48423,DAIKUNDI,Khedir,55000,55000,37300
DAIKUNDI,Miramor,,,24,2406,دایکندی,میرامور,دایکندی,د ميرامور ,83081,83081,83081,83081,Miramor,65011,65011,65011,DAIKUNDI,Mir Amor,76000,76000,91000
DAIKUNDI,Nili,,Layli,24,2401,دایکندی,نیلی,دایکندی,نیلی,41367,41367,41367,41367,Daykundi Center (Nili),42324,42324,42324,DAIKUNDI,Nili,50000,50000,40200
DAIKUNDI,Patoo,Patoo is part of Gizab in the 407-district set.,,24,2409,دایکندی,پاتو,دایکندی,د گيزاب ,38399,38399,NA,NA,Patoo,0,NA,NA,NA,NA,NA,NA,NA
DAIKUNDI,Sang-e-Takht,,Sang-e-Takht Bandar,24,2407,دایکندی,سنگ تخت,دایکندی,د سنگ تخت ,57023,57023,57023,57023,Sang -e- Takht,52569,52569,52569,DAIKUNDI,Sang-e Takht,62000,62000,37700
DAIKUNDI,Shahristan,,,24,2402,دایکندی,شهرستان,دایکندی,د شهرستان ,77980,77980,77980,77980,Shahristan,69036,69036,69036,DAIKUNDI,Shahristan,81000,81000,86300
FARAH,Anar Dara,,,33,3307,فراه,اناردره,فراه,د اناردرى ,30412,30412,30412,30412,Anar Dara,28907,28907,28907,FARAH,Anar Dara,34000,34000,49600
FARAH,Bakwa,,,33,3308,فراه,بکواه,فراه,د بکواه ,38751,38751,38751,38751,Bakwa,36836,36836,36836,FARAH,Bakwah,43000,43000,69500
FARAH,Bala Buluk,,,33,3306,فراه,بالا بلوک,فراه,د بالا بلوک ,78014,78014,78014,78014,Bala Buluk,74159,74159,74159,FARAH,Bala Boluk,87000,87000,85300
FARAH,Farah,,,33,3301,فراه,فراه,فراه,فراه,123135,123135,123135,123135,Farah Center (Farah),116639,116639,116639,FARAH,Farah,139000,139000,159000
FARAH,Gulistan,,,33,3310,فراه,گلستان,فراه,د گلستان ,47347,47347,47347,47347,Gulistan,45008,45008,45008,FARAH,Gulistan,53000,53000,63300
FARAH,Khak-i-Safed,,,33,3303,فراه,خاک سفید,فراه,د خاک سفيد,33106,33106,33106,33106,Khak-i-safed,31468,31468,31468,FARAH,Khak-e Safed,37000,37000,44100
FARAH,Lash-i-Juwayn,,,33,3309,فراه,لاش جو ین,فراه,د لاش جوين ,30539,30539,30539,30539,Lash-i- Juwayn,29029,29029,29029,FARAH,Lash-i Juwayn,34000,34000,25000
FARAH,Pur Chaman,,,33,3311,فراه,پرچمن,فراه,د پرچمن ,58382,58382,58382,58382,Pur Chaman,55497,55497,55497,FARAH,Pur Chaman,64000,64000,88700
FARAH,Pushtrud,,,33,3302,فراه,پشت رود,فراه,د پشت رود,44398,44398,44398,44398,Pushtrud,42202,42202,42202,FARAH,Pusht-e Rod,50000,50000,58600
FARAH,Qala-i-Kah,,Pusht Koh,33,3304,فراه,قلعه کاه,فراه,د قلعۀ کاه ,33618,33618,33618,33618,Qala-i-kah,31956,31956,31956,FARAH,Qal'ah-ye Kah,38000,38000,35000
FARAH,Shibkoh,,,33,3305,فراه,شیب کوه,فراه,د شيب کوه ,25535,25535,25535,25535,Shibkoh,24272,24272,24272,FARAH,Shayb Koh,27000,27000,20400
FARYAB,Almar,,,29,2904,فاریاب,المار,فاریاب,د المار,76733,76733,76733,76733,Almar,72939,72939,72939,FARYAB,Almar,89000,89000,84500
FARYAB,Andkhoy,,,29,2913,فاریاب,اندخوی,فاریاب,د اندخوی ,44715,44715,44715,44715,Andkhoy,42143,42143,42143,FARYAB,Andkhoy,49000,49000,71200
FARYAB,Bilchiragh,,,29,2905,فاریاب,بلچراغ,فاریاب,د بلچراغ ,56972,56972,56972,56972,Bilchiragh,54155,54155,54155,FARYAB,Bal Chiragh,61000,61000,55300
FARYAB,Dawlat Abad,,,29,2909,فاریاب,دولت آباد,فاریاب,د دولت آباد,53226,53226,53226,53226,Dawlat Abad,50539,50539,50539,FARYAB,Dowlatabad,60000,60000,91500
FARYAB,Gurziwan,,,29,2908,فاریاب,گرزیوان,فاریاب,د گرزيوان ,82762,82762,82762,82762,Gurziwan,78672,78672,78672,FARYAB,Gurziwan,92000,92000,95600
FARYAB,Khani Charbagh,,,29,2914,فاریاب,خان چارباغ,فاریاب,د خان چارباغ ,25278,25278,25278,25278,Khani Charbagh,24028,24028,24028,FARYAB,Khan-e Chahr Bagh,28000,28000,41600
FARYAB,Khwaja Sabz Posh,,,29,2903,فاریاب,خواجه سبزپوش ولی,فاریاب,د خواجه سبز پوش ولي ,55432,55432,55432,55432,Khwaja Sabz Posh i Wali,52692,52692,52692,FARYAB,Khwaja Sabz Posh,67000,67000,57000
FARYAB,Kohistan,,Lowlash,29,2910,فاریاب,کوهستان,فاریاب,د کوهستان ,59538,59538,59538,59538,Kohistan,56594,56594,56594,FARYAB,Kohistan,67000,67000,85300
FARYAB,Maimana,,,29,2901,فاریاب,میمنه,فاریاب,میمنه,91490,91490,91490,91490,Faryab Center (Maimana),86051,86051,86051,FARYAB,Maimanah,103000,103000,109000
FARYAB,Pashtun Kot,,,29,2902,فاریاب,پشتون کوت,فاریاب,د پشتون کوټ ,206072,206072,206072,206072,Pashtun kot,195886,195886,195886,FARYAB,Pashtun Kot,224000,224000,219000
FARYAB,Qaisar,,,29,2907,فاریاب,قیصار,فاریاب,د قيصار ,155517,155517,155517,155517,Qaisar,147829,147829,147829,FARYAB,Qaisar,176000,176000,199000
FARYAB,Qaram Qul,,,29,2911,فاریاب,قرم قل,فاریاب,د قرم قل ,21428,21428,21428,21428,Qaram Qul,20370,20370,20370,FARYAB,Qaram Qul,21000,21000,34200
FARYAB,Qurghan,,,29,2912,فاریاب,قرغان,فاریاب,د قرغان ,51455,51455,51455,51455,Qurghan,48911,48911,48911,FARYAB,Qurghan,62000,62000,45400
FARYAB,Shirin Tagab,,,29,2906,فاریاب,شرین تگاب,فاریاب,د شرين تگاب ,88922,88922,88922,88922,Shirin Tagab,84526,84526,84526,FARYAB,Shirin Tagab,99000,99000,116000
GHAZNI,Ab Band,,,11,1113,غزنی,آب بند,غزنی,د اب بند ,30026,30026,30026,30026,Ab Band,28542,28542,28542,GHAZNI,Ab Band,34000,34000,49000
GHAZNI,Ajristan,,Daya,11,1118,غزنی,اجرستان,غزنی,د اجرستان ,31438,31438,31438,31438,Ajristan,29883,29883,29883,GHAZNI,Ajristan,36000,36000,26100
GHAZNI,Andar,,Shilgar,11,1107,غزنی,اندر,غزنی,د اندړ ,136141,136141,136141,136141,Andar,129412,129412,129412,GHAZNI,Andar,153000,153000,126000
GHAZNI,Deh Yak,,,11,1105,غزنی,ده یک,غزنی,د ده يک ,53380,53380,53380,53380,Deh Yak,50740,50740,50740,GHAZNI,Deh Yak,60000,60000,69300
GHAZNI,Gelan,,,11,1117,غزنی,گیلان,غزنی,د گيلان ,63128,63128,63128,63128,Gelan,60010,60010,60010,GHAZNI,Gelan,71000,71000,88000
GHAZNI,Ghazni,,,11,1101,غزنی,غزنی,غزنی,غزنی,179459,179459,179459,179459,Ghazni Center(Ghazni),169929,169929,169929,GHAZNI,Ghazni,199000,199000,238000
GHAZNI,Giro,,,11,1112,غزنی,گیرو,غزنی,د گيرو ,39905,39905,39905,39905,Giro,37933,37933,37933,GHAZNI,Giro,45000,45000,46600
GHAZNI,Jaghatu,,Bahrami Shahid or Waeez Shahid,11,1106,غزنی,جغتو,غزنی,د جغتو ,34645,34645,34645,34645,Jaghatu,32932,32932,32932,GHAZNI,Bahram-e Shahid (Jaghatu),44000,44000,32600
GHAZNI,Jaghuri,,,11,1114,غزنی,جاغوری,غزنی,د جاغوری ,192728,192728,192728,192728,Jaghuri,183201,183201,183201,GHAZNI,Jaghuri,209000,209000,233000
GHAZNI,Khwaja Omari,,,11,1103,غزنی,خواجه عمری,غزنی,د خواجه عمری ,20659,20659,20659,20659,Khwaja Omari,19637,19637,19637,GHAZNI,Khwajah Omari,23000,23000,22400
GHAZNI,Malistan,,,11,1116,غزنی,مالستان,غزنی,د مالستان ,89564,89564,89564,89564,Malistan,85136,85136,85136,GHAZNI,Malistan,100000,100000,84200
GHAZNI,Muqur,,,11,1115,غزنی,مقر,غزنی,د مقر,54919,54919,54919,54919,Muqur,52204,52204,52204,GHAZNI,Muqur,61000,61000,57000
GHAZNI,Nawa,,,11,1119,غزنی,ناوه,غزنی,د ناوي ,32464,32464,32464,32464,Nawa,30859,30859,30859,GHAZNI,Nawah,36000,36000,42900
GHAZNI,Nawur,,,11,1110,غزنی,ناور,غزنی,د ناور ,103293,103293,103293,103293,Nawur,98187,98187,98187,GHAZNI,Nawur,166000,166000,108000
GHAZNI,Qara Bagh,,,11,1111,غزنی,قره باغ,غزنی,د قره باغ ,155902,155902,155902,155902,Qara Bagh,148195,148195,148195,GHAZNI,Qarah Bagh,181000,181000,134000
GHAZNI,Rashidan,,,11,1109,غزنی,رشیدان,غزنی,د رشيدان ,19632,19632,19632,19632,Rashidan,18662,18662,18662,GHAZNI,Rashidan,22000,22000,32700
GHAZNI,Waghaz,,,11,1104,غزنی,واغظ,غزنی,د واغظ ,42087,42087,42087,42087,Waghaz,40006,40006,40006,GHAZNI,Waghaz,46000,46000,40400
GHAZNI,Wali Muhammad Shahid,,Khugyani,11,1102,غزنی,ولی محمدشهید,غزنی,د ولی محمد شهيد (خوگيانی) ,21942,21942,21942,21942,Wali M. Shahid (khugyani),20857,20857,20857,GHAZNI,Wali Muhammad Shahid Khugyani,22000,22000,17800
GHAZNI,Zanakhan,,,11,1108,غزنی,زنخان,غزنی,د زنخان ,13729,13729,13729,13729,Zanakhan,13051,13051,13051,GHAZNI,Zanakhan,15000,15000,18300
GHOR,Char Sada,,,23,2304,غور,چارصده,غور,د چارصدى ,29898,29898,29898,29898,Char Sada,28420,28420,28420,GHOR,Chahar Sadah,32000,32000,45000
GHOR,Chighcheran,,Feroz Koh,23,2301,غور,چغچران,غور,چغچران,148234,148234,148234,148234,Ghor  Center (Chighcheran),140829,140829,140829,GHOR,Chaghcharan,166000,166000,195000
GHOR,Dawlatyar,,,23,2303,غور,دولتیار,غور,د دولتيار ,35672,35672,35672,35672,Dawlatyar,33908,33908,33908,GHOR,Dowlatyar,42000,42000,49300
GHOR,Duleena,,,23,2302,غور,دولینه,غور,د دولينه ,39392,39392,39392,39392,Duleena,37445,37445,37445,GHOR,Do Lainah,44000,44000,57600
GHOR,Lal Wa SarJangal,,,23,2307,غور,لعل و سر جنگل,غور,د لعل و سر جنگل ,122285,122285,122285,122285,Lal Wa SarJangal,116238,116238,116238,GHOR,La'l wa SarJangal,136000,136000,64500
GHOR,Pasaband,,,23,2305,غور,پسا بند,غور,د پسا بند ,103550,103550,103550,103550,Pasaband,98431,98431,98431,GHOR,Pasaband,116000,116000,89200
GHOR,Saghar,,,23,2310,غور,ساغر,غور,د ساغر ,37852,37852,37852,37852,Saghar,35982,35982,35982,GHOR,Saghar,42000,42000,59000
GHOR,Shahrak,,,23,2306,غور,شهرک,غور,د شهرک ,65311,65311,65311,65311,Shahrak,62083,62083,62083,GHOR,Shahrak,73000,73000,103000
GHOR,Taywara,,,23,2308,غور,تیوره,غور,د تيورى ,99828,99828,99828,99828,Taywara,94893,94893,94893,GHOR,Taywarah,112000,112000,148000
GHOR,Tulak,,,23,2309,غور,تولک,غور,د تولک ,56202,56202,56202,56202,Tulak,53424,53424,53424,GHOR,Tulak,63000,63000,85100
HELMAND,Baghran,,,30,3012,هلمند,باغران,هلمند,د باغران ,106897,106897,125308,125308,Baghran         ,67147,84648,84648,HELMAND,Baghran,79000,79000,102000
HELMAND,Dishu,,,30,3013,هلمند,دیشو,هلمند,د ديشو ,29261,29261,29261,29261,Dishu,21223,21223,21223,HELMAND,Dishu,23000,23000,6640
HELMAND,Garm Ser,,Darwishan,30,3006,هلمند,گرم سیر,هلمند,د گرم سير ,115158,115158,115158,115158,Garm Ser,91235,91235,91235,HELMAND,Garm Ser,109000,109000,102000
HELMAND,Kajaki,,,30,3010,هلمند,کجکی,هلمند,د کجکی ,112831,112831,112831,112831,Kajaki,74037,74037,74037,HELMAND,Kajaki,88000,88000,116000
HELMAND,Lashkargah,,,30,3001,هلمند,لشکر گاه,هلمند,لشکر گاه,186708,186708,186708,186708,Helmand Center (Lashkargah),108174,108174,108174,HELMAND,Lashkar Gah,134000,134000,151000
HELMAND,Marja,Pashto and Farsi name differs,,30,3014,هلمند,مارجه,هلمند,د مارجی ,29384,29384,29384,NA,Marja,27931,27931,NA,HELMAND,Marja,74000,NA,NA
HELMAND,Musa Qala,,,30,3009,هلمند,موسی قلعه,هلمند,د موسی قلعه ,117585,117585,117585,117585,Musa Qala,61352,61352,61352,HELMAND,Musa Qal'ah,73000,73000,98000
HELMAND,Nad Ali,,,30,3002,هلمند,نادعلی,هلمند,د نادعلی ,180535,180535,180535,209919,Nad Ali,94649,94649,122580,HELMAND,Nad 'Ali,70000,144000,277000
HELMAND,Nahr-i-Saraj,,Gerishk,30,3004,هلمند,نهر سراج,هلمند,د نهر سراج ,168702,168702,168702,168702,Nahr-i- Saraj,122067,122067,122067,HELMAND,Nahr-e Saraj,140000,140000,183000
HELMAND,Nawa-i-Barikzayi,,Nawa,30,3003,هلمند,ناوه بارکزائی,هلمند,د ناوۀ بارکزائی ,107455,107455,107455,107455,Nawa-i- Barikzayi,96479,96479,96479,HELMAND,Nawah-ye-Barakzai,119000,119000,65800
HELMAND,Nawamish,Nawamish is part of Baghran in the 407-district set.,,30,3015,هلمند,ناوه  میش,هلمند,ناوه  میش ,18411,18411,NA,NA,Nawamish ,17501,NA,NA,NA,NA,NA,NA,NA
HELMAND,Nawzad,,,30,3007,هلمند,نوزاد,هلمند,د نوزاد ,94477,94477,94477,94477,Nawzad,52814,52814,52814,HELMAND,Now Zad,62000,62000,113000
HELMAND,Reg-e-Khan Nishin,,,30,3011,هلمند,ریگ خان نشین,هلمند,د ريگ  خان نشين ,25447,25447,25447,25447,Reg-i-Khan Nishin,27322,27322,27322,HELMAND,Reg-e Khan Neshin,25000,25000,20100
HELMAND,Sangin,,,30,3008,هلمند,سنگین,هلمند,د سنگين ,74708,74708,74708,74708,Sangin             ,62084,62084,62084,HELMAND,Sangin,72000,72000,50600
HELMAND,Washer,,,30,3005,هلمند,واشیر,هلمند,د واشير ,27955,27955,27955,27955,Washer,16222,16222,16222,HELMAND,Washer,19000,19000,40000
HERAT,Adraskan,,,32,3209,هرات,ادرسکن,هرات,د ادرسکن ,58639,58639,58639,58639,Adraskan,55741,55741,55741,HERAT,Adraskan,66000,66000,111000
HERAT,Chishti Sharif,,Khwaja Chist,32,3216,هرات,چشت شریف,هرات,د چشت شريف ,25919,25919,25919,25919,Chishti Sharif,24638,24638,24638,HERAT,Chisht-e Sharif,29000,29000,57100
HERAT,Enjil,,,32,3202,هرات,انجیل,هرات,د انجيل ,267023,267023,267023,267023,Enjil,253823,253823,253823,HERAT,Injil,380000,380000,548000
HERAT,Farsi,,,32,3215,هرات,فرسی,هرات,د فرسی ,33490,33490,33490,33490,Fersi,31834,31834,31834,HERAT,Farsi,38000,38000,42200
HERAT,Ghoryan,,,32,3211,هرات,غوریان,هرات,د غوريان ,97893,97893,97893,97893,Ghoryan,92670,92670,92670,HERAT,Ghorian,109000,109000,148000
HERAT,Gulran,,,32,3208,هرات,گلران,هرات,د گلران ,102780,102780,102780,102780,Gulran,97700,97700,97700,HERAT,Gulran,115000,115000,143000
HERAT,Guzera,,Nizam-i- Shahid,32,3203,هرات,گذره,هرات,د گذرى (نظام شهيد) ,160265,160265,160265,160265,Guzera (Nizam-i- Shahid),152342,152342,152342,HERAT,Guzarah,178000,178000,200000
HERAT,Herat,,,32,3201,هرات,هرات,هرات,هرات,538673,538673,538673,538673,Herat  Center (Herat),491967,491967,491967,HERAT,Herat,496000,496000,428000
HERAT,Karrukh,,,32,3204,هرات,کرخ,هرات,د کرخ ,69952,69952,69952,69952,Karrukh,66416,66416,66416,HERAT,Karrukh,81000,81000,70500
HERAT,Koh-i-Zor,Koh-i-zor is part of Shindand in the 407-district set; Pashto and Farsi name differs,,32,3219,هرات,کیه زور ?,هرات,NA,12759,12759,NA,NA,NA,NA,NA,NA,NA,NA,NA,NA,NA
HERAT,Kohsan,,,32,3213,هرات,کهسان,هرات,د کهسان ,59409,59409,59409,59409,Kohsan,56472,56472,56472,HERAT,Kohsan,66000,66000,84000
HERAT,Kushk,,Rubat-i-Sangi,32,3207,هرات,گذره,هرات,د کشک( رباط سنگی) ,136495,136495,136495,136495,Kushk (Rubat-i-Sangi),129560,129560,129560,HERAT,Kushk,152000,152000,128000
HERAT,Kushk-i-Kuhna,,,32,3210,هرات,کشک کهنه,هرات,د کشک کهنه ,49913,49913,49913,49913,Kushk-i- Kuhna,47447,47447,47447,HERAT,Kushk-e Kuhnah,56000,56000,64500
HERAT,Obe,,,32,3212,هرات,اوبه,هرات,د اوبه ,82847,82847,82847,82847,Obe,78714,78714,78714,HERAT,Obeh,93000,93000,82100
HERAT,Pashtun Zarghun,,,32,3206,هرات,پشتون زرغون,هرات,د پشتون زرغون ,109453,109453,109453,109453,Pashtun Zarghun,104042,104042,104042,HERAT,Pashtun Zarghun,122000,122000,110000
HERAT,Pusht-i-Koh,Pusht-i-Koh is part of Shindand in the 407-district set; Pashto and Farsi name differs,,32,3218,هرات,پشت من کوه ?,هرات,پشت من کوه ?,34577,34577,NA,NA,NA,NA,NA,NA,NA,NA,NA,NA,NA
HERAT,Shindand,,,32,3214,هرات,شیند ند,هرات,د شيند ند ,46425,46425,195400,195400,Shindand,185683,185683,185683,HERAT,Shindand,220000,220000,209000
HERAT,Zawol,Zawol is part of Shindand in the 407-district set; Pashto and Farsi name differs,,32,3220,هرات,زولول ?,هرات,زولول ?,49757,49757,NA,NA,NA,NA,NA,NA,NA,NA,NA,NA,NA
HERAT,Zendahjan,,,32,3205,هرات,زنده جان,هرات,د زنده جان ,62363,62363,62363,62363,Zendahjan,59278,59278,59278,HERAT,Zindah Jan,73000,73000,88700
HERAT,Zer-i-Koh,Zer-i-Koh  is part of Shindand in the 407-district set; Pashto and Farsi name differs,,32,3217,هرات,زرکوه ?,هرات,زرکوه ?,51882,51882,NA,NA,NA,NA,NA,NA,NA,NA,NA,NA,NA
JOWZJAN,Aqchah,,,28,2807,جوزجان,آقچه,جوزجان,د اقچى ,83930,83930,83930,83930,Aqchah,79515,79515,79515,JOWZJAN,Aqchah,94000,94000,76000
JOWZJAN,Darzab,,,28,2811,جوزجان,درزآب,جوزجان,د درزاب ,53703,53703,53703,53703,Darzab,51025,51025,51025,JOWZJAN,Darzab,60000,60000,43200
JOWZJAN,Faizabad,,,28,2808,جوزجان,فیض آباد,جوزجان,د فيض آباد ,45424,45424,45424,45424,Faizabad                 ,43178,43178,43178,JOWZJAN,Faizabad,50000,50000,56800
JOWZJAN,Khamyab,,,28,2806,جوزجان,خمیاب,جوزجان,د خمياب ,15269,15269,15269,15269,Khamyab,14514,14514,14514,JOWZJAN,Khamyab,17000,17000,24300
JOWZJAN,Khanaqa,,,28,2803,جوزجان,خانقا ه,جوزجان,د خانقاه ,25406,25406,25406,25406,Khanaqa,24150,24150,24150,JOWZJAN,Khanaqa,29000,29000,46400
JOWZJAN,Khwaja Dukoh,,,28,2802,جوزجان,خواجه دوکوه,جوزجان,د خواجه دوكوه ,29385,29385,29385,29385,Khwaja Dukoh,27932,27932,27932,JOWZJAN,Khwajah Do Koh,32000,32000,51500
JOWZJAN,Mardyan,,,28,2809,جوزجان,مردیان,جوزجان,د مرديان ,42088,42088,42088,42088,Mardyan,40006,40006,40006,JOWZJAN,Mardian,46000,46000,55700
JOWZJAN,Mingajik,,,28,2804,جوزجان,منگجک,جوزجان,د منگجک ,46835,46835,46835,46835,Mingajik,44520,44520,44520,JOWZJAN,Mingajik,52000,52000,71300
JOWZJAN,Qarqin,,,28,2810,جوزجان,قرقین,جوزجان,د قرقين ,27168,27168,27168,27168,Qarqin,25739,25739,25739,JOWZJAN,Qarqin,30000,30000,43600
JOWZJAN,Qush Tepa,,,28,2805,جوزجان,قوش تیپه,جوزجان,د قوش تيپى ,25661,25661,25661,25661,Qush Tepa,24394,24394,24394,JOWZJAN,Qush Tepah,30000,30000,53100
JOWZJAN,Sheberghan,,,28,2801,جوزجان,شبر غان,جوزجان,شبر غان,184964,184964,184964,184964,Jawzjan Center (Sheberghan),174927,174927,174927,JOWZJAN,Shibirghan,200000,200000,244000
KABUL,Bagrami,,,1,104,کابل,بگرامی,کابل,د بگراميو ,60564,60564,60564,60564,Bagrami,57571,57571,57571,KABUL,Bagrami,76000,76000,513000
KABUL,Chahar Asyab,,,1,103,کابل,چهارآسیاب,کابل,د چهار اسياب ,40034,40034,40034,40034,Chahar Asyab,38055,38055,38055,KABUL,Chahar Asyab,46000,46000,85700
KABUL,DehSabz,,,1,105,کابل,ده سبز,کابل,د ده سبز ولسوالى,59024,59024,59024,59024, DehSabz                           ,56107,56107,56107,KABUL,Deh-e Sabz,62000,62000,164000
KABUL,Estalef,,,1,113,کابل,استالف,کابل,د استالف ,36698,36698,36698,36698,Estalef,34884,34884,34884,KABUL,Istalif,38000,38000,33300
KABUL,Farza,,,1,112,کابل,فرزه,کابل,د فرزى ,23481,23481,23481,23481,Farza,22321,22321,22321,KABUL,Farzah,29000,29000,39500
KABUL,Guldara,,,1,111,کابل,گلدره,کابل,د گلدرى ,25021,25021,25021,25021,Guldara,23784,23784,23784,KABUL,Gul Darah,26000,26000,22300
KABUL,Kabul,,,1,101,کابل,كابل,کابل,كابل,4117414,4117414,4117414,4117414,Kabul Center (Kabul )                                                    ,3817241,3817241,3817241,KABUL,Kabul,4486000,4486000,2930000
KABUL,Kalakan,,,1,110,کابل,کلکان,کابل,د كلكان ,33106,33106,33106,33106,Kalakan                   ,31468,31468,31468,KABUL,Kalakan,42000,42000,51100
KABUL,Khak-e-Jabar,,,1,109,کابل,خاک جبار,کابل,د خاك جبار ,15655,15655,15655,15655,Khak-e-Jabar,14880,14880,14880,KABUL,Khak-e Jabar,18000,18000,27900
KABUL,Mir Bacha Kot,,,1,108,کابل,میربچه کوت,کابل,د مير بچه كوټ ,57100,57100,57100,57100,Mir Bacha kot,54278,54278,54278,KABUL,Mir Bacha Kot,61000,61000,72200
KABUL,Musahi,,,1,107,کابل,موسهی,کابل,د موسهي ,25534,25534,25534,25534,Musahi,24272,24272,24272,KABUL,Musahi,28000,28000,38900
KABUL,Paghman,,,1,102,کابل,پغمان,کابل,د پغمان ,133460,133460,133460,133460,Paghman,126625,126625,126625,KABUL,Paghman,153000,153000,224000
KABUL,Qara Bagh,,,1,114,کابل,قره باغ,کابل,د قره باغ ,83404,83404,83404,83404,Qara Bagh                  ,79282,79282,79282,KABUL,Qarah Bagh,89000,89000,131000
KABUL,Shakar Dara,,,1,106,کابل,شکردره,کابل,د شكردرى ,89821,89821,89821,89821,Shakar Dara,85380,85380,85380,KABUL,Shakar Darah,103000,103000,318000
KABUL,Surubi,,,1,115,کابل,سروبی,کابل,د سروبي ,60564,60564,60564,60564,Surubi,57570,57570,57570,KABUL,Sarobi,69000,69000,114000
KANDAHAR,Arghandab,,,27,2702,کندهار,ارغنداب,کندهار,د ارغنداب ,67622,67622,67622,67622,Arghandab,64279,64279,64279,KANDAHAR,Arghandab,59000,59000,92800
KANDAHAR,Arghistan,,,27,2708,کندهار,ارغستان,کندهار,د آرغستان ,37596,37596,37596,37596,Arghistan,35738,35738,35738,KANDAHAR,Arghistan,42000,42000,71800
KANDAHAR,Daman,,,27,2703,کندهار,دامان,کندهار,د دامان ,37853,37853,37853,37853,Daman,35982,35982,35982,KANDAHAR,Daman,40000,40000,54600
KANDAHAR,Dand,Pashto and Farsi name differs,,27,2717,کندهار,دند,کندهار,د ډ ڼد ,49016,49016,49016,NA,Dand,46593,46593,NA,KANDAHAR,Dand,236000,NA,NA
KANDAHAR,Ghorak,,,27,2709,کندهار,غورک,کندهار,د غورک ,10522,10522,10522,10522,Ghorak,10002,10002,10002,KANDAHAR,Ghorak,12000,12000,26600
KANDAHAR,Kandahar,,,27,2701,کندهار,کندهار ,کندهار,کندهار ,596423,596423,596423,645439,Kandahar Center (Kandahar),548645,548645,595238,KANDAHAR,Kandahar,482000,718000,518000
KANDAHAR,Khakrez,,,27,2707,کندهار,خاکریز,کندهار,د خاکريز ,24893,24893,24893,24893,Khakrez,23662,23662,23662,KANDAHAR,Khakrez,28000,28000,43100
KANDAHAR,Maiwand,,,27,2710,کندهار,میوند,کندهار,د ميوند ,64030,64030,64030,64030,Maiwand,60864,60864,60864,KANDAHAR,Maiwand,72000,72000,154000
KANDAHAR,Maruf,,,27,2715,کندهار,معروف,کندهار,د معروف ,36056,36056,36056,36056,Maruf,34274,34274,34274,KANDAHAR,Ma'ruf,40000,40000,63300
KANDAHAR,Miyanishin,,,27,2713,کندهار,میانشین,کندهار,د ميانشين ,16424,16424,16424,16424,Miyanishin,15612,15612,15612,KANDAHAR,Mya Nishin,18000,18000,30200
KANDAHAR,Nesh,,,27,2712,کندهار,نیش,کندهار,د نيش ,14627,14627,14627,14627,Nesh,13904,13904,13904,KANDAHAR,Nesh,17000,17000,41600
KANDAHAR,Panjwayee,,,27,2704,کندهار,پنجوائی,کندهار,د پنجوائی ,95082,95082,95082,95082,Panjwayee,90381,90381,90381,KANDAHAR,Panjwa'i,107000,107000,116000
KANDAHAR,Reg,,Registan,27,2716,کندهار,ریگ,کندهار,د ريگ ,9752,9752,9752,9752,Reg,9270,9270,9270,KANDAHAR,Registan,8000,8000,1920
KANDAHAR,Shah Wali Kot,,,27,2706,کندهار,شاه ولی کوت,کندهار,د شاه ولی کوټ ,47349,47349,47349,47349,Shah Wali Kot,45007,45007,45007,KANDAHAR,Shah Wali Kot,54000,54000,104000
KANDAHAR,Shorabak,,,27,2714,کندهار,شورابک,کندهار,د شورابک ,12575,12575,12575,12575,Shorabak,11953,11953,11953,KANDAHAR,Shorabak,17000,17000,16200
KANDAHAR,Spin Boldak,,,27,2711,کندهار,سپین بولدک,کندهار,د سپين بولدک ,109837,109837,123694,123694,Spin Boldak,104408,117581,117581,KANDAHAR,Spin Boldak,139000,139000,194000
KANDAHAR,Takhta Pul,Takhta Pul is part of Spin Boldak in the 407-district set; Pashto and Farsi name differs,,27,2718,کندهار,تخته پل,کندهار,د تخته پل,13857,13857,NA,NA,Takhta pul,13173,NA,NA,NA,NA,NA,NA,NA
KANDAHAR,Zhire,,,27,2705,کندهار,ژیړی,کندهار,د ژړی ,93669,93669,93669,93669,Zhire,89039,89039,89039,KANDAHAR,Zharey,106000,106000,104000
KAPISA,Alasai,,,2,207,کاپیسا,اله سای,کاپیسا,د اله ساي ,41317,41317,41317,41317,Alasai,39275,39275,39275,KAPISA,Alah Say,47000,47000,50300
KAPISA,Hissa-e-Awali Kohistan,,Kohistan Awal,2,204,کاپیسا,حصه اولکوهستان,کاپیسا,د حصۀ اول كوهستان ,74294,74294,74294,74294,Hissa-e-Awali Kohistan,70622,70622,70622,KAPISA,Hisah-e Awal-e Kohistan,82000,82000,67200
KAPISA,Hissa-e-Duwumi Kohistan,,,2,202,کاپیسا,حصه دومکوهستان,کاپیسا,د حصۀ دوم كوهستان ,49144,49144,49144,49144,Hissa-e-Duwumi Kohistan,46715,46715,46715,KAPISA,Hisah-e Dowum-e Kohistan,56000,56000,78400
KAPISA,Koh Band,,,2,203,کاپیسا,کوه بند,کاپیسا,د كوه بند ,25662,25662,25662,25662,Koh Band,24394,24394,24394,KAPISA,Koh Band,28000,28000,19000
KAPISA,Mahmood Raqi,,,2,201,کاپیسا,محمودراقی,کاپیسا,محمودراقی,70206,70206,70206,70206,Kapisa Center (Mahmood Raqi),66719,66719,66719,KAPISA,Mahmud-e Raqi,90000,90000,75300
KAPISA,Nijrab,,,2,205,کاپیسا,نجراب,کاپیسا,د نجراب ,122669,122669,122669,122669,Nijrab,116604,116604,116604,KAPISA,Nejrab,128000,128000,116000
KAPISA,Tagab,,,2,206,کاپیسا,تگاب,کاپیسا,د تگاب ,88282,88282,88282,88282,Tagab,83916,83916,83916,KAPISA,Tagab,97000,97000,100000
KHOST,Baak,,,14,1409,خوست,باک,خوست,د باک ,24123,24123,24123,24123,Baak,22930,22930,22930,KHOST,Bak,27000,27000,22700
KHOST,Gurbuz,,,14,1403,خوست,گربز,خوست,د گربزو ,28615,28615,28615,28615,Gurbuz,27200,27200,27200,KHOST,Gurbuz,34000,34000,31900
KHOST,Jaji Maidan,,Zazi,14,1413,خوست,جاجی میدان,خوست,د ځاځی ميدان ,26304,26304,26304,26304,Jaji Maidan,25004,25004,25004,KHOST,Jaji Maidan,29000,29000,22000
KHOST,Khost,,Matun,14,1401,خوست,خوست,خوست,خوست,150599,150599,150599,150599,Khost Center(Khost),143026,143026,143026,KHOST,Khost,172000,172000,264000
KHOST,Manduzay,,Esmayel Khil,14,1402,خوست,مندوزائی,خوست,د مندوزائی(اسمعيل خيل) ,61591,61591,61591,61591,Manduzay (Esmayel khil)             ,58546,58546,58546,KHOST,Manduzai,66000,66000,61800
KHOST,Musa Khel,,,14,1405,خوست,موسی خیل,خوست,د موسی خيلو ,44781,44781,44781,44781,Musa khel,42568,42568,42568,KHOST,Musa Khel,49000,49000,24200
KHOST,Nadir Shah Kot,,,14,1406,خوست,نادرشاه کوت,خوست,د نادر شاه کوټ ,34773,34773,34773,34773,Nadir Shah kot,33054,33054,33054,KHOST,Nadir Shah Kot,41000,41000,33800
KHOST,Qalandar,,,14,1410,خوست,قلندر,خوست,د قلندر ,11163,11163,11163,11163,Qalandar,10612,10612,10612,KHOST,Qalandar,12000,12000,7340
KHOST,Sabari,,Yaqubi,14,1407,خوست,صبری,خوست,د صبریو (يعقو بی) ,77374,77374,77374,77374,Sabari (Yaqubi),73549,73549,73549,KHOST,Sabari,87000,87000,68400
KHOST,Shamul,,,14,1412,خوست,شمل,خوست,د شمل ,14884,14884,14884,14884,Shamul,14149,14149,14149,KHOST,Shamul,18000,18000,9380
KHOST,Spera,,,14,1411,خوست,سپیره,خوست,د سپيرى ,26561,26561,26561,26561,Spera,25248,25248,25248,KHOST,Sperah,28000,28000,30000
KHOST,Tanay,,,14,1404,خوست,تنی,خوست,د تڼيو ,65056,65056,65056,65056,Tanay,61840,61840,61840,KHOST,Tanai,70000,70000,39900
KHOST,Tirzayee,,Ali Sher,14,1408,خوست,تیرزائی,خوست,د تيرزائی (عليشير) ,48760,48760,48760,48760,Tirzayee (Ali Sher ),46349,46349,46349,KHOST,Tirzayee,54000,54000,44900
KUNAR,Asad Abad,,,15,1501,کنر ها,اسعد آباد,کنر ها,اسعد آباد,36864,36864,36864,36864,Kunarha Center (Asad Abad),34889,34889,34889,KUNAR,Asadabad,41000,41000,55800
KUNAR,Bar Kunar,,Asmar,15,1508,کنر ها,بر کنر,کنر ها,د بر کنړ ,23994,23994,23994,23994,Bar Kunar,22808,22808,22808,KUNAR,Bar Kunar,25000,25000,16200
KUNAR,Chapa Dara,,,15,1513,کنر ها,چپه دره,کنر ها,د چپه درى ,33875,33875,33875,33875,Chapa Dara,32200,32200,32200,KUNAR,Chapah Darah,39000,39000,43000
KUNAR,Dangam,,,15,1512,کنر ها,دانگام,کنر ها,د دانگام ,18478,18478,18478,18478,Dangam,17564,17564,17564,KUNAR,Dangam,22000,22000,19200
KUNAR,Dara-e-Pech,,Manogai,15,1507,کنر ها,دره پیچ,کنر ها,د درۀ پيچ ,59666,59666,59666,59666,Dara-e- Pech,56717,56717,56717,KUNAR,Darah-ye Pech,66000,66000,58700
KUNAR,Ghazi Abad,,,15,1511,کنر ها,غازی اباد,کنر ها,د غازی آباد ,20402,20402,20402,20402,Ghazi Abad,19393,19393,19393,KUNAR,Ghaziabad,23000,23000,40000
KUNAR,Khas Kunar,,,15,1510,کنر ها,خاص کنر,کنر ها,د خاص کنړ ,38238,38238,38238,38238,Khas Kunar   ,36348,36348,36348,KUNAR,Khas Kunar,43000,43000,43900
KUNAR,Marawara,,,15,1502,کنر ها,مروره,کنر ها,د مرورى ,22327,22327,22327,22327,Mara wara,21223,21223,21223,KUNAR,Marawara,25000,25000,21200
KUNAR,Narang Wa Badil,,,15,1504,کنر ها,نرنگ وبادیل,کنر ها,د نرنگ و باديل ,32977,32977,32977,32977,Narang Wa Badil,31346,31346,31346,KUNAR,Narang,36000,36000,29200
KUNAR,Nari,,,15,1515,کنر ها,ناری,کنر ها,ناری,30154,30154,30154,30154,Nari,28664,28664,28664,KUNAR,Nari,34000,34000,31000
KUNAR,Noorgal,,,15,1514,کنر ها,نورگل,کنر ها,د نورگل ,34516,34516,34516,34516,Noorgal,32810,32810,32810,KUNAR,Nurgal,38000,38000,28700
KUNAR,Sar Kani,,,15,1505,کنر ها,سرکانی,کنر ها,د سرکاڼی ,29769,29769,29769,29769,Sar Kani,28298,28298,28298,KUNAR,Sar Kani,33000,33000,27800
KUNAR,Sawkai,,Chawkai,15,1509,کنر ها,څوکی,کنر ها,د څوکی ,39006,39006,39006,39006,Sawkai,37080,37080,37080,KUNAR,Tsowkey,45000,45000,43200
KUNAR,Sheltan,Sheltan is part of Shigal wa Sheltan in the 407-district set,,15,1516,کنر ها,شلتن,کنر ها,د شيگل ,18831,18831,NA,NA,Sheltan,17899,NA,NA,NA,NA,NA,NA,NA
KUNAR,Shigal,,,15,1506,کنر ها,شیگل,کنر ها,د شيگل  ,13120,13120,31951,31951,Shigal,12472,30371,30371,KUNAR,Shigal wa Sheltan,36000,36000,46000
KUNAR,Watapoor,,,15,1503,کنر ها,وته پور,کنر ها,د وټه پورى ,29898,29898,29898,29898,Watapoor,28419,28419,28419,KUNAR,Watahpur,34000,34000,29600
KUNDUZ,Ali Abad,,,19,1903,کندز,علی آباد,کندز,د علی آباد ,51455,51455,51455,51455,Ali Abad,48910,48910,48910,KUNAR,Aliabad,60000,60000,67500
KUNDUZ,Aqtash,Aqtash is part of Khanabad in the 407-district set,,19,1910,کندز,اقتاش,کندز,د  اقتاش ,26629,26629,NA,NA,Akhtash ,25314,NA,NA,NA,NA,NA,NA,NA
KUNDUZ,Calbad,Calbad is part of Imam Sahib in the 407-district set,Galbad,19,1908,کندز,کلباد,کندز,د کلباد ,34742,34742,NA,NA,Calbad,33024,NA,NA,NA,NA,NA,NA,NA
KUNDUZ,Chahar Darah,,,19,1902,کندز,چهاردره,کندز,د چهاردرى ,80196,80196,80196,80196,Chahar Darah,76232,76232,76232,KUNDUZ,Chahar Darah,89000,89000,74600
KUNDUZ,Dasht-e-Archi,,,19,1906,کندز,دشت ارچی,کندز,د دشت ارچی ,92576,92576,92576,92576,Dasht-e- Archi,87963,87963,87963,KUNDUZ,Dasht-e Archi,101000,101000,112000
KUNDUZ,Gultipa,Gurtipa is part of the Kunduz capital district in the 407-district set,Gurtepa,19,1909,کندز,گل تیپه,کندز,د گل تیپه ,10337,10337,NA,NA,Gultipa,9826,NA,NA,NA,NA,NA,NA,NA
KUNDUZ,Imam Sahib,,Hazrati Imam Sahib,19,1905,کندز,حضرت امام صاحب,کندز,د حضرت امام صاحب ,220256,220256,254998,254998,Hazrati Imam Sahib,208981,242005,242005,KUNDUZ,Imam Sahib,287000,287000,362000
KUNDUZ,Khan Abad,,,19,1904,کندز,خان آباد,کندز,د خان آباد ,150544,150544,177173,177173,Khan Abad,142646,167960,167960,KUNDUZ,Khanabad,190000,190000,163000
KUNDUZ,Kunduz,,,19,1901,کندز,کندز,کندز,کندز,347765,347765,358102,358102,Kunduz Center (Kunduz),323956,333782,333782,KUNDUZ,Kunduz,397000,397000,298000
KUNDUZ,Qala-e-Zal,,,19,1907,کندز,قلعه ذال,کندز,د قلعۀ ذال ,76616,76616,76616,76616,Qala -e-Zal,72621,72621,72621,KUNDUZ,Qal'ah-ye Zal,86000,86000,103000
LAGHMAN,Alingar,,,7,704,لغمان,علینگار,لغمان,د علينگار ,105603,105603,105603,105603,Alingar,100383,100383,100383,LAGHMAN,Alingar,127000,127000,126000
LAGHMAN,Alishing,,,7,703,لغمان,علیشینگ,لغمان,د عليشينگ ,77887,77887,77887,77887,Alishing,74037,74037,74037,LAGHMAN,Alisheng,87000,87000,92500
LAGHMAN,Bad Pash,,Bad Pakh,7,706,لغمان,باد پښ,لغمان,د باد پښ ,8085,8085,8085,NA,Bad pash,7684,7684,NA,LAGHMAN,Bad Pash,9000,NA,NA
LAGHMAN,Dawlat Shah,,,7,705,لغمان,دولت شاه,لغمان,د دولت شاه ,36312,36312,36312,36312,Dawlat Shah,34518,34518,34518,LAGHMAN,Dowlat Shah,41000,41000,58700
LAGHMAN,Mehterlam,,,7,701,لغمان,مهترلام,لغمان,مهترلام,141635,141635,141635,149720,Laghman Center (Mehterlam),134576,134576,142260,LAGHMAN,Mehtar Lam,160000,169000,141000
LAGHMAN,Qarghayee,,Ghani Khel,7,702,لغمان,قرغه ئی,لغمان,د قرغه ئی ,107015,107015,107015,107015,Qarghayee,101724,101724,101724,LAGHMAN,Qarghah'i,117000,117000,102000
LOGAR,Azra,,,5,507,لوگر,ازره,لوگر,د ازرى ,22198,22198,22198,22198,Azra,21101,21101,21101,LOGAR,Azrah,25000,25000,19900
LOGAR,Baraki Barak,,,5,502,لوگر,برکی برک,لوگر,د بركي برك ,95755,95755,95755,95755,Baraki Barak,90972,90972,90972,LOGAR,Baraki Barak,107000,107000,111000
LOGAR,Charkh,,,5,503,لوگر,چرخ,لوگر,د چرخ ,48502,48502,48502,48502,Charkh,46105,46105,46105,LOGAR,Charkh,54000,54000,50500
LOGAR,Kharwar,,,5,506,لوگر,خروار,لوگر,د خروار ,28614,28614,28614,28614,Khar war,27199,27199,27199,LOGAR,Kharwar,32000,32000,27500
LOGAR,Khushi,,,5,504,لوگر,خوشی,لوگر,د خوشی ,26304,26304,26304,26304,khushi,25004,25004,25004,LOGAR,Khoshi,30000,30000,21400
LOGAR,Mohammad Agha,,,5,505,لوگر,محمد آغه,لوگر,د محمداغى ,82378,82378,82378,82378,Mohammad Agha,78306,78306,78306,LOGAR,Muhammad Aghah,93000,93000,83500
LOGAR,Puli Alam,,,5,501,لوگر,پل علم,لوگر,پل علم,115626,115626,115626,115626,Logar Center(Puli Alam),109848,109848,109848,LOGAR,Puli Alam,129000,129000,146000
NANGARHAR,Achin,,,6,615,ننگرهار,اچین,ننگرهار,د اچين ,52152,109452,109452,109452,Achin,104042,104042,104042,NANGARHAR,Achin,126000,126000,89400
NANGARHAR,Bati Kot,,,6,609,ننگرهار,بتی کوت,ننگرهار,د بټی کوټ ,82634,82634,82634,82634,Bati Kot,78550,78550,78550,NANGARHAR,Bati Kot,95000,95000,96200
NANGARHAR,Behsud,,,6,602,ننگرهار,بهسود,ننگرهار,د بهسود و,124081,124081,124081,124081,Behsud,117946,117946,117946,NANGARHAR,Behsud,121000,121000,211000
NANGARHAR,Chaparar,,,6,604,ننگرهار,چپرهار,ننگرهار,د چپرهار ,65826,65826,65826,65826,Chapar har,62572,62572,62572,NANGARHAR,Chaparhar,75000,75000,96000
NANGARHAR,Darah-e-Noor,,,6,612,ننگرهار,دره نور,ننگرهار,د درۀ نور ,44012,44012,44012,44012,Darah -e- Noor,41836,41836,41836,NANGARHAR,Darah-ye-Nur,49000,49000,37800
NANGARHAR,Deh Bala,,Haska Mina,6,610,ننگرهار,ده بالا,ننگرهار,د ده بالا ,44012,44012,44012,44012,Deh Bala,41836,41836,41836,NANGARHAR,Deh Bala,49000,49000,40900
NANGARHAR,Dur Baba,,,6,622,ننگرهار,دربابا,ننگرهار,د در بابا ,25406,25406,25406,25406,Dur  Baba,24150,24150,24150,NANGARHAR,Dur Baba,29000,29000,30200
NANGARHAR,Goshta,,,6,614,ننگرهار,گوشته,ننگرهار,د گوشتى ,29769,29769,29769,29769,Goshta,28298,28298,28298,NANGARHAR,Goshtah,33000,33000,41400
NANGARHAR,Hesarak,,Hesarak Ghaljai,6,621,ننگرهار,حصارک,ننگرهار,د حصارک ,33619,33619,33619,33619,Hesarak,31956,31956,31956,NANGARHAR,Hisarak,38000,38000,47700
NANGARHAR,Jalalabad,,,6,601,ننگرهار,جلال آباد,ننگرهار,جلال آباد,255012,255012,255012,255012,Nangarhar Center (Jalalabad),232901,232901,232901,NANGARHAR,Jalalabad,269000,269000,175000
NANGARHAR,Kama,,,6,605,ننگرهار,کامه,ننگرهار,د کامى ,83918,83918,83918,83918,Kama,79769,79769,79769,NANGARHAR,Kamah,94000,94000,64200
NANGARHAR,Khugyani,,,6,608,ننگرهار,خوگیانی,ننگرهار,د خوگياڼی ,142625,142625,142625,142625,Khugyani,135522,135522,135522,NANGARHAR,Khugyani,160000,160000,145000
NANGARHAR,Kot,,,6,613,ننگرهار,کوت,ننگرهار,د کوټ ,56843,56843,56843,56843,Kot,54034,54034,54034,NANGARHAR,Kot,60000,60000,44900
NANGARHAR,Kuzkunar,,Khewa,6,606,ننگرهار,کوزکنر,ننگرهار,د کوزکنړ ,60051,60051,60051,60051,Kuzkunar,57082,57082,57082,NANGARHAR,Kuz Kunar,69000,69000,60800
NANGARHAR,Lalpoor,,,6,618,ننگرهار,لعل پور,ننگرهار,د لعل پوري ,22327,22327,22327,22327,Lalpoor,21223,21223,21223,NANGARHAR,La'lpur,23000,23000,33500
NANGARHAR,Muhmand Dara,,,6,617,ننگرهار,مهمند دره,ننگرهار,د مهمند درى ,49016,49016,49016,49016,Muhmand ِِDara,46593,46593,46593,NANGARHAR,Mohmand Darah,60000,60000,74000
NANGARHAR,Nazyan,,,6,620,ننگرهار,نازیان,ننگرهار,د نازيانو ,16040,16040,16040,16040,Nazyan,15246,15246,15246,NANGARHAR,Naziyan,21000,21000,26400
NANGARHAR,Pachir Wa Agam,,,6,611,ننگرهار,پچیر واگام,ننگرهار,د پچير واگام ,46449,46449,46449,46449,Pachir Waagam,44154,44154,44154,NANGARHAR,Pachir wa Agam,52000,52000,48800
NANGARHAR,Rodat,,,6,607,ننگرهار,رودات,ننگرهار,د روداتو ,75448,75448,75448,75448,Rodat,71719,71719,71719,NANGARHAR,Rodat,83000,83000,103000
NANGARHAR,Sher Zad,,,6,619,ننگرهار,شیرزاد,ننگرهار,د شيرزاد ,72369,72369,72369,72369,Sher Zad,68792,68792,68792,NANGARHAR,Sherzad,80000,80000,59600
NANGARHAR,Shinwar,,Ghanikhel,6,616,ننگرهار,شینوار,ننگرهار,د شينوارو ,65441,65441,65441,65441,Shinwar,62206,62206,62206,NANGARHAR,Shinwar,66000,66000,74900
NANGARHAR,Spingar,Spingar was part of Achin in the 407-district set,,6,623,ننگرهار,سپین غر,ننگرهار,NA,57300,NA,NA,NA,NA,NA,NA,NA,NA,NA,NA,NA,NA
NANGARHAR,Surkh Rud,,,6,603,ننگرهار,سرخرود,ننگرهار,د سرخرود ,131522,131522,131522,131522,Surkh Rud,125021,125021,125021,NANGARHAR,Surkh Rod,170000,170000,217000
NIMROZ,Asl-i-Chakhansur,,,34,3403,نیمروز,اصل چخانسور,نیمروز,د اصل چخانسور ,25919,25919,25919,25919,Asl-i-chakhansur,24638,24638,24638,NIMROZ,Chakhansur,29000,29000,17100
NIMROZ,Char Burjak,,,34,3404,نیمروز,چاربرجک,نیمروز,د چاربرجک ,28872,28872,28872,28872,Char Burjak,27444,27444,27444,NIMROZ,Chahar Burjak,31000,31000,15500
NIMROZ,Dilaram,,,34,3406,نیمروز,دلارام,نیمروز,د دلارام ,7187,7187,7187,NA,Dularam,6830,6830,NA,NIMROZ,Delaram,8000,NA,NA
NIMROZ,Kang,,Qafak,34,3402,نیمروز,کنگ,نیمروز,د کنگ ,24507,24507,24507,24507,Kang,23297,23297,23297,NIMROZ,Kang,25000,25000,20200
NIMROZ,Khashrod,,,34,3405,نیمروز,خا شرود,نیمروز,د خا شرود ,27715,27715,27715,34902,Khashrod,26346,26346,33176,NIMROZ,Khash Rod,31000,39000,95500
NIMROZ,Zaranj,,,34,3401,نیمروز,زرنج,نیمروز,زرنج,62698,62698,62698,62698,Nimroz Center (Zaranj),59308,59308,59308,NIMROZ,Zaranj,73000,73000,90100
NURISTAN,Bargi Matal,,,16,1608,نورستان,برگ متال,نورستان,د برگ مټال ,16937,16937,16937,16937,Bargi Matal,16100,16100,16100,NURISTAN,Barg-e Matal,19000,19000,24300
NURISTAN,Duab,,,16,1605,نورستان,دواب,نورستان,د دوآب ,8598,8598,8598,8598,Duab,8172,8172,8172,NURISTAN,Do Ab,9000,9000,20100
NURISTAN,Kamdesh,,,16,1606,نورستان,کامدیش,نورستان,د کامديش ,27588,27588,27588,27588,Kamdesh,26224,26224,26224,NURISTAN,Kamdesh,31000,31000,27900
NURISTAN,Mandol,,,16,1607,نورستان,مندول,نورستان,د منډول ,21557,21557,21557,21557,Mandol,20491,20491,20491,NURISTAN,Mandol,24000,24000,19500
NURISTAN,Noor Gram,,,16,1604,نورستان,نورگرام,نورستان,د نورگرام ,35286,35286,35286,35286,Noor Gram,33542,33542,33542,NURISTAN,Nurgaram,32000,32000,36200
NURISTAN,Paroon,,,16,1601,نورستان,پارون,نورستان,پارون,14755,14755,14755,14755,Nooristan Center (Paroon),14027,14027,14027,NURISTAN,Parun,17000,17000,17400
NURISTAN,Wama,,,16,1603,نورستان,واما,نورستان,د واما ,12061,12061,12061,12061,Wama,11466,11466,11466,NURISTAN,Wama,14000,14000,11900
NURISTAN,Waygal,,Want Wagal,16,1602,نورستان,وایگل,نورستان,د وايگل ,21429,21429,21429,21429,Waygal,20369,20369,20369,NURISTAN,Waygal,24000,24000,22300
PAKTIA,Ahmadabad,,,13,1302,پکتیا,احمد اباً,پکتیا,د احمد اباُ ,30411,30411,30411,30411,Ahmadabad,28908,28908,28908,PAKTIYA,Ahmadabad,33000,33000,40300
PAKTIA,Dand Patan,,,13,1311,پکتیا,دند پتان,پکتیا,د ډنډ پټان ,28999,28999,28999,28999,Dand Patan,27564,27564,27564,PAKTIYA,Dand Patan,32000,32000,35900
PAKTIA,Garda Siray,Garda Siray was part of Waza Zadran in the 407-district set,,13,1314,پکتیا,گرده څیړی,پکتیا,NA,12210,NA,NA,NA,NA,NA,NA,NA,NA,NA,NA,NA,NA
PAKTIA,Gardez,,,13,1301,پکتیا,گردیز,پکتیا,گردیز,92038,92038,92038,92038,Paktya Center(Gardez),87219,87219,87219,PAKTIYA,Gardez,104000,104000,144000
PAKTIA,Jaji,,Ali Khel or Zazi Aryob,13,1307,پکتیا,جاجی,پکتیا,د ځاځی ,68777,68777,68777,68777,Jaji,65377,65377,65377,PAKTIYA,Jaji,77000,77000,56700
PAKTIA,Jani Khel,,,13,1309,پکتیا,جانی خیل,پکتیا,د جانی خيلو ,38108,38108,38108,38108,Jani Khel,36226,36226,36226,PAKTIYA,Jani Khel,43000,43000,18800
PAKTIA,Laja Ahmad Khel,,Ahmad Khel,13,1308,پکتیا,لجه احمد خیل,پکتیا,د لجه احمد خيل ,24893,24893,24893,45423,Laja Ahmad khel,23662,23662,43178,PAKTIYA,Lajah Ahmad Khel,36000,51000,29800
PAKTIA,Laja Mangel,,,13,1312,پکتیا,لجه منگل,پکتیا,د لجه منگل ,20530,20530,20530,NA,Laja Mangel,19516,19516,NA,PAKTIYA,Lajah Mangal,15000,NA,NA
PAKTIA,Mirzaka,,,13,1313,پکتیا,میر زکه,پکتیا,د میرزکه ,9368,9368,9368,NA,Mirzaka,8904,8904,NA,PAKTIYA,Mirzakah,22000,NA,NA
PAKTIA,Rohany Baba,Rohany Baba was part of Zurmat in the 407-district set,,13,1315,پکتیا,روحانی بابا,پکتیا,NA,22231,NA,NA,NA,NA,NA,NA,NA,NA,NA,NA,NA,NA
PAKTIA,Samkani,,Chamkani,13,1310,پکتیا,ولسوالى څمكنى,پکتیا,د څمکنیو ,54535,54535,54535,54535,Samkani,51838,51838,51838,PAKTIYA,Tsamkani,62000,62000,67000
PAKTIA,Sayyid Karam,,,13,1306,پکتیا,سید کرم,پکتیا,د سيد کرم ,60820,60820,60820,70188,Sayyid Karam,57814,57814,66718,PAKTIYA,Sayyid Karam,57000,79000,44700
PAKTIA,Wuza Zadran,,Zadran,13,1305,پکتیا,وزه ځدران,پکتیا,د وزى ځدران ,26540,38750,38750,38750,Wuza Zadran,36836,36836,36836,PAKTIYA,Dzadran,44000,44000,47700
PAKTIA,Zurmat,,,13,1303,پکتیا,زرمت,پکتیا,د زرمت ,95176,117407,117407,117407,Zurmat,111604,111604,111604,PAKTIYA,Zurmat,131000,131000,142000
PAKTIA ,Shwak,,,13,1304,پکتیا,شواک,پکتیا,د شواک ,6032,6032,6032,6032,Shwak,5732,5732,5732,PAKTIYA,Shwak,7000,7000,4850
PAKTIKA,Barmal,,,12,1214,پکتیکا,برمل,پکتیکا,د برمل ,74374,74374,74374,74374,Barmal,36104,36104,36104,PAKTIKA,Bermal,44000,44000,69100
PAKTIKA,Dila Wa Khushamand,,,12,1216,پکتیکا,دیله وخوشا مند,پکتیکا,د ديله وخوشا مند ,46211,46211,46211,46211,DilaWa Khushamand,26102,26102,26102,PAKTIKA,Dilah,31000,31000,33900
PAKTIKA,Giyan,,,12,1215,پکتیکا,گیان,پکتیکا,د گيان ,46165,46165,46165,46165,Giyan,36104,36104,36104,PAKTIKA,Giyan,41000,41000,14600
PAKTIKA,Gomal,,,12,1208,پکتیکا,گومل,پکتیکا,د گومل ,44992,44992,44992,44992,Gomal,8050,8050,8050,PAKTIKA,Gomal,10000,10000,46100
PAKTIKA,Jani Khel,,,12,1209,پکتیکا,جانی خیل,پکتیکا,د جانی خيلو ,35611,35611,35611,35611,Jani Khel,24882,24882,24882,PAKTIKA,Jani Khel,30000,30000,36700
PAKTIKA,Mata Khan,,,12,1202,پکتیکا,متا خان,پکتیکا,د مټا خان ,26259,26259,26259,26259,Mata Khan,25858,25858,25858,PAKTIKA,Mota Khan,31000,31000,18600
PAKTIKA,Nika,,,12,1213,پکتیکا,نیکه,پکتیکا,د نيکه ,16458,16458,16458,16458,Nika,12929,12929,12929,PAKTIKA,Nikeh,15000,15000,8780
PAKTIKA,Omna,,,12,1206,پکتیکا,اومنه,پکتیکا,د اومنى ,22996,22996,22996,22996,Omna,12563,12563,12563,PAKTIKA,Omnah,15000,15000,18700
PAKTIKA,Sar Rawza,,,12,1205,پکتیکا,سرروضه,پکتیکا,د سرروضى ,35785,35785,35785,35785,Sar Rawza,24028,24028,24028,PAKTIKA,Sar Rawza,28000,28000,18300
PAKTIKA,Sharan,,,12,1201,پکتیکا,شرن,پکتیکا,شرن,62495,62495,62495,62495,Paktika Center(Sharan),52062,52062,52062,PAKTIKA,Sharan,61000,61000,52300
PAKTIKA,Surubi,,,12,1210,پکتیکا,سروبی,پکتیکا,د سروبی ,37525,37525,37525,37525,Surubi,12929,12929,12929,PAKTIKA,Sarobi,15000,15000,19300
PAKTIKA,Turwo,,Tarwe,12,1219,پکتیکا,تروو,پکتیکا,د تروو ,10881,10881,10881,10881,Turwo,2196,2196,2196,PAKTIKA,Turwo,3000,3000,9060
PAKTIKA,Urgoon,,,12,1211,پکتیکا,ارگون,پکتیکا,د ارگون ,87454,87454,87454,87454,Urgoon,57326,57326,57326,PAKTIKA,Urgun,68000,68000,33000
PAKTIKA,Wazakhwah,,,12,1217,پکتیکا,وازه خواه,پکتیکا,د وازه خواه ,45051,45051,45051,45051,Wazakhwah,24028,24028,24028,PAKTIKA,Wazah Khwah,28000,28000,47100
PAKTIKA,Wormamay,,,12,1218,پکتیکا,ورممی,پکتیکا,د وړممی ,21032,21032,21032,21032,Wormamay,3660,3660,3660,PAKTIKA,Wur Mamay,4000,4000,48700
PAKTIKA,Yahya Khel,,,12,1204,پکتیکا,یحیی خیل,پکتیکا,د يحيی خيلو ,28753,28753,28753,28753,Yahya Khel,18052,18052,18052,PAKTIKA,Yahya Khel,21000,21000,21200
PAKTIKA,Yosuf Khel,,,12,1203,پکتیکا,یوسف خیل,پکتیکا,د يوسف خيلو ,28195,28195,28195,28195,Yosuf Khel,14027,14027,14027,PAKTIKA,Yosuf Khel,17000,17000,26100
PAKTIKA,Zarghun Shahr,,Khair Kot or Katawaz,12,1207,پکتیکا,زرغون شهر,پکتیکا,د زرغون شهر,40607,40607,40607,40607,Zarghun Shahr,30980,30980,30980,PAKTIKA,Zarghun Shahr,36000,36000,32200
PAKTIKA,Ziruk,,,12,1212,پکتیکا,زیروک,پکتیکا,د زيړوک ,38066,38066,38066,38066,Ziruk,20003,20003,20003,PAKTIKA,Ziruk,23000,23000,12600
PANJSHIR,Abshar,,,8,808,پنجشیر,آبشار,پنجشیر,د ابشار ,12061,12061,12061,NA,Ab shar,11466,11466,NA,PANJSHAYR,Abshar,16000,NA,NA
PANJSHIR,Bazarak,,,8,801,پنجشیر,بازارک,پنجشیر,بازارک,20531,20531,20531,20531,Panjsher  Center (Bazarak),19515,19515,19515,PANJSHAYR,Bazarak,22000,22000,22200
PANJSHIR,Darah,,,8,803,پنجشیر,دره,پنجشیر,د دره ,15141,15141,15141,27202,Darah,14392,14392,25858,PANJSHAYR,Darah,15000,31000,35300
PANJSHIR,Khinj,,Hissa-e-Awal,8,804,پنجشیر,حصه اول,پنجشیر,د حصه اول(خينج) ,43627,43627,43627,43627,Hissa-e- Awal   (Khinj),41470,41470,41470,PANJSHAYR,Khinj,48000,48000,45400
PANJSHIR,Paryan,,,8,807,پنجشیر,پریان,پنجشیر,د پريان ,16168,16168,16168,16168,Paryan,15368,15368,15368,PANJSHAYR,Parian,18000,18000,18400
PANJSHIR,Rukha,,,8,802,پنجشیر,رخه,پنجشیر,د رخه ,25021,25021,25021,25021,Rukha,23784,23784,23784,PANJSHAYR,Rukhah,28000,28000,21400
PANJSHIR,Shutul,,,8,806,پنجشیر,شتل,پنجشیر,د شتل ,11933,11933,11933,11933,Shutul,11344,11344,11344,PANJSHAYR,Shutul,13000,13000,6430
PANJSHIR,Unaba,,Anawa or Hisa-e-Char,8,805,پنجشیر,عنابه,پنجشیر,د عنابه ,19633,19633,19633,19633,Unaba,18662,18662,18662,PANJSHAYR,Unabah,23000,23000,20200
PARWAN,Bagram,,,3,302,پروان,بگرام,پروان,د بگرام ,113173,113173,113173,113173,Bagram,107579,107579,107579,PARWAN,Bagram,128000,128000,136000
PARWAN,Charikar,,,3,301,پروان,چاریکار,پروان,چاریکار,194471,194471,194471,194471,Parwan Center (Charikar ),184229,184229,184229,PARWAN,Charikar,222000,222000,162000
PARWAN,Jabulussaraj,,,3,305,پروان,جبل السراج,پروان,د جبل السراج ,69845,69845,69845,69845,Jabulussaraj,66374,66374,66374,PARWAN,Jabul us Saraj,77000,77000,54700
PARWAN,Koh-e-Safi,,,3,308,پروان,کوه صافی,پروان,د كوه صافي ,33875,33875,33875,33875,Koh-e- Safi,32200,32200,32200,PARWAN,Koh-e Safi,38000,38000,32400
PARWAN,Salang,,,3,306,پروان,سالنگ,پروان,د سالنگ ,28357,28357,28357,28357,Salang,26955,26955,26955,PARWAN,Salang,31000,31000,21700
PARWAN,Sayyid Khel,,,3,304,پروان,سید خیل,پروان,د سيد خيل ,49787,49787,49787,49787,Sayyid  Khel,47325,47325,47325,PARWAN,Sayyid Khayl,55000,55000,50700
PARWAN,Shaykh Ali,,,3,310,پروان,شیخ علی,پروان,د شيخ علي ,26946,26946,26946,26946,Shaykh  Ali,25614,25614,25614,PARWAN,Shaykh 'Ali,31000,31000,42200
PARWAN,Shinwari,,,3,303,پروان,شینواری,پروان,د شينوارى ,44910,44910,44910,44910,Shinwari,42690,42690,42690,PARWAN,Shinwari,51000,51000,58200
PARWAN,Sia Gird,,Ghorband,3,307,پروان,سیاه گرد,پروان,د سيا گرد (غوربند) ,105603,105603,105603,105603,syahgird  ('Ghurband),100383,100383,100383,PARWAN,Siahgird Ghorband,118000,118000,157000
PARWAN,Surkhi Parsa,,,3,309,پروان,سرخ پارسا,پروان,د سرخ پارسا ,44654,44654,44654,44654,Surkhi  parsa,42446,42446,42446,PARWAN,Surkhi Parsa,49000,49000,60000
SAMANGAN,Aybak,,,20,2001,سمنگان,ایبک,سمنگان,ایبک,114061,114061,114061,114061,Samangan Center (Aybak)  ,108098,108098,108098,SAMANGAN,Aibak,126000,126000,104000
SAMANGAN,Dara-e-Soof-e-Bala,,,20,2007,سمنگان,دره صوف بالا,سمنگان,د درۀ صوف بالا ,45167,45167,45167,45167,Dara -e-soof-e- Bala,67084,67084,67084,SAMANGAN,Darah-ye-Suf-e Bala,77000,77000,76100
SAMANGAN,Dara-e-Soof-i-Payin,,,20,2006,سمنگان,دره صوف پائین,سمنگان,د درۀ صوف پائين ,43499,43499,43499,43499,Dara -e-soof-i-Payin,74159,74159,74159,SAMANGAN,Darah-ye-Suf-e Pa'in,70000,70000,74900
SAMANGAN,Feroz Nakhcheer,,,20,2004,سمنگان,فیروز نخچیر,سمنگان,د فيروز نخچير,14243,14243,14243,14243,Feroz  Nakhcheer,13539,13539,13539,SAMANGAN,Fayroz Nakhchir,16000,16000,18500
SAMANGAN,Hazrat-e-Sultan,,,20,2002,سمنگان,حضرت سلطان,سمنگان,د حضرت سلطان ,49786,49786,49786,49786,Hazrat -e-Sultan,42934,42934,42934,SAMANGAN,Hazrat-e-Sultan,71000,71000,90500
SAMANGAN,Khuram Wa Sarbagh,,,20,2003,سمنگان,خرم و سارباغ,سمنگان,د خرم و سارباغ ,78014,78014,78014,78014,Khuram Wa Sarbagh,41348,41348,41348,SAMANGAN,Khuram wa Sar Bagh,48000,48000,57700
SAMANGAN,Rui-Do-Ab,,,20,2005,سمنگان,روی دواب,سمنگان,د روي دوآب ,70573,70573,70573,70573,Rui- Do- Ab,47325,47325,47325,SAMANGAN,Ruy Do Ab,56000,56000,53100
SARIPUL,Balkhab,,,22,2207,سرپل,بلخا ب,سرپل,د بلخا ب ,54919,54919,54919,54919,Balkhab,52204,52204,52204,SAR-E PUL,Balkhab,62000,62000,60100
SARIPUL,Gosfandi,,,22,2206,سرپل,گوسفندی,سرپل,د گوسفندی ,61847,61847,61847,61847,Gosfandi,58790,58790,58790,SAR-E PUL,Gosfandi,69000,69000,85800
SARIPUL,Kohistanat,,,22,2203,سرپل,کوهستانات,سرپل,د کوهستانات ,87382,87382,87382,87382,Kohistanat,83063,83063,83063,SAR-E PUL,Kohistanat,99000,99000,146000
SARIPUL,Sancharak,,,22,2205,سرپل,سانچارک,سرپل,د سانچارک ,110932,110932,110932,110932,Sancharak,105306,105306,105306,SAR-E PUL,Sancharak,123000,123000,97400
SARIPUL,Sar-e-Pul,,,22,2201,سرپل,سرپل,سرپل,سرپل,170499,170499,170499,170499,Saripul Center (Sar-e-Pul),161735,161735,161735,SAR-E PUL,Sar-e Pul,192000,192000,176000
SARIPUL,Sayyad,,,22,2202,سرپل,صیاد,سرپل,د صياد ,59538,59538,59538,59538,Sayyad,56595,56595,56595,SAR-E PUL,Sayad,67000,67000,79000
SARIPUL,Sozma Qala,,,22,2204,سرپل,سوزمه قلعه,سرپل,د سوزمه قلعه ,54020,54020,54020,54020,Sozma Qala,51350,51350,51350,SAR-E PUL,Sozmah Qal'ah,63000,63000,63200
TAKHAR,Baharak,,,18,1803,تخار,بهارک,تخار,د بهارک ,33746,33746,33746,33746,Baharak,32078,32078,32078,TAKHAR,Baharak,46000,46000,48200
TAKHAR,Bangi,,,18,1804,تخار,بنگی,تخار,د بنگی ,38367,38367,38367,38367,Bangi,36470,36470,36470,TAKHAR,Bangi,45000,45000,61400
TAKHAR,Chahab,,,18,1816,تخار,چاه آب,تخار,د چاه آب ,86587,86587,86587,86587,Chahab,82044,82044,82044,TAKHAR,Chah Ab,96000,96000,107000
TAKHAR,Chal,,,18,1805,تخار,چال,تخار,د چال ,30796,30796,30796,30796,Chal,29273,29273,29273,TAKHAR,Chal,32000,32000,46200
TAKHAR,Darqad,,,18,1815,تخار,درقد,تخار,د درقد ,29384,29384,29384,29384,Darqad,27932,27932,27932,TAKHAR,Darqad,33000,33000,81500
TAKHAR,Dashti Qala,,,18,1812,تخار,دشت قلعه,تخار,د دشت قلعه ,34902,34902,34902,34902,Dashti Qala,33176,33176,33176,TAKHAR,Dasht-e Qal'ah,41000,41000,79300
TAKHAR,Eshkamesh,,,18,1811,تخار,اشکمش,تخار,د اشکمش ,64415,64415,64415,64415,Eshkamesh,61230,61230,61230,TAKHAR,Ishkamish,74000,74000,76800
TAKHAR,Farkhar,,,18,1808,تخار,فرخار,تخار,د فرخار ,51198,51198,51198,51198,Farkhar,48637,48637,48637,TAKHAR,Farkhar,58000,58000,55700
TAKHAR,Hazar Sumuch,,,18,1802,تخار,هزار سموچ,تخار,د هزار سموچ ,15013,15013,15013,15013,Hazar Sumuch,14270,14270,14270,TAKHAR,Hazar Sumuch,24000,24000,28600
TAKHAR,Kalafgan,,,18,1807,تخار,کلفگان,تخار,د کلفگان ,38494,38494,38494,38494,Kalafgan,36592,36592,36592,TAKHAR,Kalafgan,43000,43000,63700
TAKHAR,Khwaja Bahawuddin,,,18,1814,تخار,خواجه بهاوالدین,تخار,د خواجه بهاوالدين ,25406,25406,25406,25406,Khwaja Bahawuddin,24150,24150,24150,TAKHAR,Khwaja Bahawuddin,29000,29000,37200
TAKHAR,Khwaja Ghar,,,18,1809,تخار,خواجه غار,تخار,د خواجه غار ,73426,73426,73426,73426,Khwaja Ghar,69720,69720,69720,TAKHAR,Khwaja Ghar,82000,82000,75900
TAKHAR,Namak Ab,,,18,1806,تخار,نمک آب,تخار,د نمک آب ,13344,13344,13344,13344,Namak Ab,12685,12685,12685,TAKHAR,Namak Ab,15000,15000,42400
TAKHAR,Rustaq,,,18,1810,تخار,رستاق,تخار,د رستاق ,179591,179591,179591,179591,Rustaq,170572,170572,170572,TAKHAR,Rustaq,194000,194000,315000
TAKHAR,Taluqan,,,18,1801,تخار,تالقان,تخار,تالقان,248830,248830,248830,248830,Takhar  Center (Taluqan),235726,235726,235726,TAKHAR,Taluqan,269000,269000,338000
TAKHAR,Warsaj,,,18,1813,تخار,ورسج,تخار,د ورسج ,41446,41446,41446,41446,Warsaj,39397,39397,39397,TAKHAR,Warsaj,46000,46000,44000
TAKHAR,Yangi Qala,,,18,1817,تخار,ینگی قلعه,تخار,د ينگی قلعه ,48907,48907,48907,48907,Yangi Qala,46384,46384,46384,TAKHAR,Yangi Qal'ah,55000,55000,69600
UROZGAN,Chinarto,,,25,2507,ارزگان,چینارتو,ارزگان,د چنارتو,13986,13986,13986,NA,Chinarto,13295,13295,NA,UROZGAN,Chinartu,32000,NA,NA
UROZGAN,Chora,,,25,2503,ارزگان,چوره,ارزگان,د چوره ,55818,55818,55818,69804,Chora,53057,53057,66352,UROZGAN,Chorah,46000,78000,65700
UROZGAN,Dehraoud,,,25,2502,ارزگان,دهراود,ارزگان,د دهراود ,66797,66797,66797,66797,Dehraoud,63457,63457,63457,UROZGAN,Deh Rawud,75000,75000,86400
UROZGAN,Gizab,Pashto and Farsi name differs,,25,2506,ارزگان,گیزاب,ارزگان,د چنارتو ,45948,45948,84347,84347,Gizab,70307,70307,70307,DAIKUNDI,Gizab,82000,82000,82500
UROZGAN,Khas Urozgan,,,25,2505,ارزگان,خاص ارزگان,ارزگان,د خاص ارزگان ,61719,61719,61719,61719,Khas Urozgan,58668,58668,58668,UROZGAN,Khas Uruzgan,69000,69000,65900
UROZGAN,Shahidi Hassas,,Charchino,25,2504,ارزگان,شهید حساس,ارزگان,د شهيد حساس ,64413,64413,64413,64413,Shahidhassas,61230,61230,61230,UROZGAN,Shahidi Hassas,72000,72000,74900
UROZGAN,Tirinkot,,,25,2501,ارزگان,انتخاب کردن,ارزگان,انتخاب کردن,112283,112283,112283,112283,Urozgan Center (Tirinkot),106657,106657,106657,UROZGAN,Tirin Kot,125000,125000,147000
WARDAK,Chak-e-Wardak,,,4,404,وردک,چک وردک,وردک,د چک وردک ,92130,92130,92130,92130,Chak-e- Wardak,87576,87576,87576,WARDAK,Chak-e Wardak,103000,103000,135000
WARDAK,Daimirdad,,,4,406,وردک,دایمیرداد,وردک,د دايميرداد ,33876,33876,33876,33876,Daimir Dad,32200,32200,32200,WARDAK,Daimirdad,38000,38000,47700
WARDAK,Hissa-e-Awal-e-Behsud,,,4,407,وردک,حصه اول بهسود,وردک,د حصۀ اول بهسود ,40419,40419,40419,40419,Hissa-e- awali Behsud,38421,38421,38421,WARDAK,Hisah-e Awal-e Behsud,46000,46000,44800
WARDAK,Jaghatu,,,4,408,وردک,جغتو,وردک,د جغتو ,49914,49914,49914,49914,Jaghatu,47447,47447,47447,WARDAK,Jaghatu,56000,56000,41500
WARDAK,Jalrez,,,4,403,وردک,جلریز,وردک,د جلريز ,57870,57870,57870,57870,Jalrez,55009,55009,55009,WARDAK,Jalrayz,65000,65000,46000
WARDAK,Maidan Shahr,,,4,401,وردک,میدان شهر,وردک,میدان شهر,44180,44180,44180,44180,Wardak  Center (Maidan Shahr)      ,41959,41959,41959,WARDAK,Maidan Shahr,49000,49000,47500
WARDAK,Markaz-e-Behsud,,,4,409,وردک,مرکز بهسود,وردک,د مرکز بهسود ,130239,130239,130239,130239,Markaz-e- Behsud,123801,123801,123801,WARDAK,Markaz-e-Behsud,145000,145000,122000
WARDAK,Nerkh,,,4,402,وردک,نرخ,وردک,د نرخ ,62232,62232,62232,62232,Nerkh,59156,59156,59156,WARDAK,Nerkh,72000,72000,60000
WARDAK,Sayyid Abad,,,4,405,وردک,سید آباد,وردک,د سيد آباد ,126774,126774,126774,126774,Sayyid Abad,120508,120508,120508,WARDAK,Sayyidabad,140000,140000,118000
ZABUL,Arghandab,,,26,2605,زابل,ارغنداب,زابل,د ارغنداب ,35671,35671,35671,35671,Arghandab,33908,33908,33908,ZABUL,Arghandab,40000,40000,38100
ZABUL,Atghar,,,26,2608,زابل,اتغر,زابل,د اتغر ,13578,13578,13578,13578,Atghar,9026,9026,9026,ZABUL,Atghar,11000,11000,12600
ZABUL,Daichopan,,,26,2607,زابل,دایچوپان,زابل,د دايچوپان ,42986,42986,42986,42986,Daichopan,40861,40861,40861,ZABUL,Daichopan,48000,48000,36700
ZABUL,Kakar,,Khak-e-Afghan,26,2611,زابل,کاکر,زابل,د کاکړ(خاک افغان),26303,26303,26303,26303,Kakar (khak-e-afghan ),25004,25004,25004,ZABUL,Kakar,30000,30000,39300
ZABUL,Mizan,,,26,2604,زابل,میزان,زابل,د ميزان ,20883,20883,20883,20883,Mizan,14270,14270,14270,ZABUL,Mizan,17000,17000,25800
ZABUL,Naw Bahar,,,26,2609,زابل,نو بهار,زابل,د نو بهار ,23694,23694,23694,23694,Naw Bahar,19516,19516,19516,ZABUL,Now Bahar,23000,23000,19100
ZABUL,Qalat,,,26,2601,زابل,قلا ت,زابل,قلا ت,43230,43230,43230,43230,Zabul Center (Qalat),36951,36951,36951,ZABUL,Qalat,43000,43000,59100
ZABUL,Shah Joi,,,26,2606,زابل,شاه جوی,زابل,د شاه جوی ,77157,77157,77157,77157,Shah Joi,60620,60620,60620,ZABUL,Shah Joi,71000,71000,72500
ZABUL,Shemel Zayi,,,26,2610,زابل,شمل زائی,زابل,د شمل زائی ,35266,35266,35266,35266,Shemel Zayi,26834,26834,26834,ZABUL,Shamulzai,32000,32000,33300
ZABUL,Shinkai,,,26,2603,زابل,شینکی,زابل,د شينکی ,30821,30821,30821,30821,Shinkai,24394,24394,24394,ZABUL,Shinkai,29000,29000,29300
ZABUL,Tarnak wa Jaldak,,Shahr-e-Safa,26,2602,زابل,ولسوالیتر نگ و جلدک,زابل,د تر نگ و جلدک ,21454,21454,21454,21454,Tarang Wa Jaldak,17808,17808,17808,ZABUL,Tarnek wa Jaldak,22000,22000,25100
Nomads,Nomads,,,NA,NA,NA,NA,NA,NA,1500000,1500000,1500000,1500000,Nomads,1500000,1500000,1500000,Nomads,Nomads,NA,NA,NA